Date,Close,High,Low,Open,Volume,Daily_Return,Close_Lag_1,Close_Lag_5,Close_Lag_20,Volatility_30,MA_20,MA_50,Target
2015-03-16,172.73367309570312,172.8247691226568,170.48112828051322,171.18505327392148,136099200,0.013360458271327591,170.456298828125,172.55149841308594,173.72743225097656,0.007561899448086024,173.44585113525392,170.5972116088867,-0.0029726312278307576
2015-03-17,172.22019958496094,172.60113735012428,171.40861234601115,171.99659798758267,94510400,-0.0029726312278307576,172.73367309570312,169.7523193359375,174.00070190429688,0.00731699329347538,173.3568260192871,170.63911560058594,0.012021487738183456
2015-03-18,174.29054260253906,174.96133472213626,171.11047188394753,171.74814392695924,228808500,0.012021487738183456,172.22019958496094,169.35482788085938,174.01724243164062,0.007174514582567678,173.37049102783203,170.7838739013672,-0.004561163442930338
2015-03-19,173.49557495117188,174.29887289622786,173.1063475907249,173.876525449042,117917300,-0.004561163442930338,174.29054260253906,171.50799560546875,173.89303588867188,0.007192966303059379,173.35061798095703,170.9442025756836,0.008826753006937693
2015-03-20,175.0269775390625,175.5343990554761,174.26168836055672,174.44469367420336,177715100,0.008826753006937693,173.49557495117188,170.456298828125,174.93653869628906,0.007140623261291279,173.3551399230957,171.09391845703124,-0.0019485521553945784
2015-03-23,174.68592834472656,175.60926875940504,174.68592834472656,175.0352986782756,71784500,-0.0019485521553945784,175.0269775390625,172.73367309570312,174.91165161132812,0.007127869271770195,173.34385375976564,171.17735290527344,-0.005619040938864117
2015-03-24,173.70436096191406,175.01865340630465,173.63781242033892,174.56115280883478,77805300,-0.005619040938864117,174.68592834472656,172.22019958496094,175.40853881835938,0.007160519963940772,173.25864486694337,171.26848388671874,-0.014653867408580656
2015-03-25,171.15892028808594,174.14522727250312,171.11733855742628,173.91231373233074,159521700,-0.014653867408580656,173.70436096191406,174.29054260253906,175.25949096679688,0.007450523197735432,173.05361633300782,171.33520751953125,-0.002381637773354539
2015-03-26,170.75128173828125,171.66629534342607,169.79466102806265,170.49341415235105,153067200,-0.002381637773354539,171.15892028808594,173.49557495117188,175.0524444580078,0.007462262269194707,172.83855819702148,171.40321746826172,0.0022897394863934384
2015-03-27,171.1422576904297,171.31693646343555,170.443504519906,170.63483629030935,118939000,0.0022897394863934384,170.75128173828125,175.0269775390625,174.45619201660156,0.007250388898546947,172.6728614807129,171.49925445556642,0.012199826693684024
2015-03-30,173.23016357421875,173.52962558919126,172.15709875805342,172.17372636961676,96180400,0.012199826693684024,171.1422576904297,174.68592834472656,175.55755615234375,0.0075649893476341275,172.55649185180664,171.66752532958984,-0.008739596850542375
2015-03-31,171.71620178222656,173.10538151826552,171.65797975995795,172.40662840121527,126768700,-0.008739596850542375,173.23016357421875,173.70436096191406,174.83714294433594,0.0077205602155217806,172.40044479370118,171.7622885131836,-0.0035360262273569365
2015-04-01,171.1090087890625,171.7079329360202,170.11911991581752,171.6829788209666,137303600,-0.0035360262273569365,171.71620178222656,171.15892028808594,174.10006713867188,0.007740779096433844,172.2508918762207,171.8377847290039,0.0035974424369973335
2015-04-02,171.7245635986328,172.17375033720432,170.85944534924582,171.04245064458402,86900900,0.0035974424369973335,171.1090087890625,170.75128173828125,174.29054260253906,0.007777233598932384,172.1225929260254,171.90869903564453,0.006733254897019592
2015-04-06,172.88082885742188,173.39656416417543,170.701418168536,170.83450255255133,114368200,0.006733254897019592,171.7245635986328,171.1422576904297,171.83926391601562,0.007799102776502351,172.1746711730957,171.95271881103517,-0.002646444572679152
2015-04-07,172.42330932617188,173.65442551024032,172.39004140458533,172.90577669260682,81236300,-0.002646444572679152,172.88082885742188,173.23016357421875,172.55149841308594,0.007810035119819938,172.16826171875,172.00630310058594,0.003376833882392516
2015-04-08,173.00555419921875,173.44642704478457,172.25690555013824,172.64787017814302,89351900,0.003376833882392516,172.42330932617188,171.71620178222656,169.7523193359375,0.007818427509412083,172.33092346191407,172.0635827636719,0.004423671989960853
2015-04-09,173.7708740234375,174.00378754198945,172.34843879891193,172.83921994922966,85548900,0.004423671989960853,173.00555419921875,171.1090087890625,169.35482788085938,0.00786779316719363,172.55172576904297,172.18105377197264,0.005457204655184844
2015-04-10,174.71917724609375,174.76077166783332,173.82080373926345,174.02043665507665,72722900,0.005457204655184844,173.7708740234375,171.7245635986328,171.50799560546875,0.007933900357899128,172.71228485107423,172.3605551147461,-0.004523075009807531
2015-04-13,173.9289093017578,175.20994622951594,173.87900107989284,174.57774157166983,74436600,-0.004523075009807531,174.71917724609375,172.88082885742188,170.456298828125,0.007952872944445754,172.88591537475585,172.49360900878906,0.0019134797635325107
2015-04-14,174.26171875,174.44472409556087,173.1054646264137,173.72934302459709,75099900,0.0019134797635325107,173.9289093017578,172.42330932617188,172.73367309570312,0.007871247194638869,172.9623176574707,172.67538787841798,0.004486614147855894
2015-04-15,175.04356384277344,175.55098523943107,174.64428538579418,174.72747421521345,99529300,0.004486614147855894,174.26171875,173.00555419921875,172.22019958496094,0.007881225046293704,173.10348587036134,172.8318948364258,-0.0002852247561490051
2015-04-16,174.99363708496094,175.5010584278668,174.51116984967075,174.71081540342834,68934900,-0.0002852247561490051,175.04356384277344,173.7708740234375,174.29054260253906,0.007840095116789816,173.1386405944824,172.93904083251954,-0.011503365382896646
2015-04-17,172.98062133789062,174.04537241941927,172.19869198583558,173.8041451072998,191113200,-0.011503365382896646,174.99363708496094,174.71917724609375,173.49557495117188,0.008122839942911584,173.11289291381837,173.01884368896484,0.009136804458676595
2015-04-20,174.5611114501953,174.8938413864011,173.820776553229,173.90395269086372,92189500,0.009136804458676595,172.98062133789062,173.9289093017578,175.0269775390625,0.007859442280282885,173.089599609375,173.09613800048828,-0.0011913423007285928
2015-04-21,174.3531494140625,175.40126012071377,174.05368739890025,175.24320896092908,72559800,-0.0011913423007285928,174.5611114501953,174.26171875,174.68592834472656,0.007835718564533115,173.0729606628418,173.17871368408203,0.00491423026378901
2015-04-22,175.2099609375,175.39296622825637,173.77087272447622,174.69421298498898,78264600,0.00491423026378901,174.3531494140625,175.04356384277344,173.70436096191406,0.007217692469422153,173.1482406616211,173.2936624145508,0.002516424908731052
2015-04-23,175.65086364746094,176.29969608187733,174.69424261211802,174.81069939027384,102585900,0.002516424908731052,175.2099609375,174.99363708496094,171.15892028808594,0.007192720326134896,173.37283782958986,173.38132293701173,0.0023206449575661203
2015-04-24,176.05848693847656,176.32468115976596,175.60930005609953,176.0668134409163,61327400,0.0023206449575661203,175.65086364746094,172.98062133789062,170.75128173828125,0.006863920271407427,173.6381980895996,173.47514892578124,-0.0041581987575325385
2015-04-27,175.32640075683594,176.74883583330077,175.13506898499944,176.62406528021913,79358100,-0.0041581987575325385,176.05848693847656,174.5611114501953,171.1422576904297,0.0068034220686695865,173.84740524291993,173.5213720703125,0.003178798333291377
2015-04-28,175.88372802734375,175.93363624790825,174.12855034476948,175.30144429936885,86863500,0.003178798333291377,175.32640075683594,174.3531494140625,173.23016357421875,0.006405932855082585,173.98008346557617,173.56449798583984,-0.004114094595546569
2015-04-29,175.16012573242188,175.7590373875859,174.3532418939398,174.99374798576744,125684900,-0.004114094595546569,175.88372802734375,175.2099609375,171.71620178222656,0.00643136194166474,174.15227966308595,173.58768646240233,-0.010021086662646672
2015-04-30,173.4048309326172,174.97700311946062,172.7060778662623,174.58603852390624,161304900,-0.010021086662646672,175.16012573242188,175.65086364746094,171.1090087890625,0.006338124917064483,174.26707077026367,173.57543823242187,0.010841885951385022
2015-05-01,175.2848663330078,175.3264607625486,174.08701784212474,174.1868343187524,103399700,0.010841885951385022,173.4048309326172,176.05848693847656,171.7245635986328,0.00658747247404186,174.44508590698243,173.6032748413086,0.0028472764540212747
2015-05-04,175.78395080566406,176.36623466355326,175.60094549420802,175.7090757652785,70927200,0.0028472764540212747,175.2848663330078,175.32640075683594,172.88082885742188,0.006410644552913952,174.59024200439453,173.6202230834961,-0.011451994183769965
2015-05-05,173.7708740234375,175.90038899608157,173.62946315094771,175.5426922186258,113326200,-0.011451994183769965,175.78395080566406,175.88372802734375,172.42330932617188,0.006744724051542496,174.65762023925782,173.59740753173827,-0.004116875572080958
2015-05-06,173.05548095703125,174.62765344280064,171.99072989221568,174.31987760631245,135060200,-0.004116875572080958,173.7708740234375,175.16012573242188,173.00555419921875,0.0067082228209844035,174.66011657714844,173.55034637451172,0.003989908092183692
2015-05-07,173.74595642089844,174.17020182035276,172.6229830117935,172.95571305311998,88244900,0.003989908092183692,173.05548095703125,173.4048309326172,173.7708740234375,0.0061544588211909085,174.65887069702148,173.52007568359375,0.013165896976406133
2015-05-08,176.03347778320312,176.23312338675464,175.33473721002545,175.4179260513807,155877300,0.013165896976406133,173.74595642089844,175.2848663330078,174.71917724609375,0.006544099157599111,174.72458572387694,173.53969635009764,-0.004772578929712834
2015-05-11,175.19334411621094,176.25809539088837,175.1184817670937,175.9919139186372,75708100,-0.004772578929712834,176.03347778320312,175.78395080566406,173.9289093017578,0.006624009642111074,174.7878074645996,173.55443939208985,-0.0029915156341900895
2015-05-12,174.66925048828125,175.20995252786722,173.53795087828436,174.36147464716103,119727600,-0.0029915156341900895,175.19334411621094,173.7708740234375,174.26171875,0.006295086745670853,174.80818405151368,173.5366732788086,0.00019070292241085696
2015-05-13,174.7025604248047,175.70076314404608,174.46964688007623,175.07688485791567,94667900,0.00019070292241085696,174.66925048828125,173.05548095703125,175.04356384277344,0.006059886809717855,174.79113388061523,173.53398162841796,0.010427618020898644
2015-05-14,176.5242919921875,176.61579465109463,175.4429003940587,175.7174083707801,95934000,0.010427618020898644,174.7025604248047,173.74595642089844,174.99363708496094,0.006264640865042358,174.86766662597657,173.58246612548828,0.0010836139181114035
2015-05-15,176.715576171875,176.85698703625127,176.2331088560321,176.715576171875,76510100,0.0010836139181114035,176.5242919921875,176.03347778320312,172.98062133789062,0.006246289268244437,175.05441436767578,173.630966796875,0.00310683699281733
2015-05-18,177.2646026611328,177.51414379393768,176.482673264118,176.54922179714424,74549700,0.00310683699281733,176.715576171875,175.19334411621094,174.5611114501953,0.006165565008958248,175.18958892822266,173.73947357177735,-0.0003286502537226399
2015-05-19,177.2063446044922,177.65554397007045,176.92352289599222,177.38103606729112,72114600,-0.0003286502537226399,177.2646026611328,174.66925048828125,174.3531494140625,0.006134640822021859,175.33224868774414,173.83257049560547,-0.0007039285239156534
2015-05-20,177.08160400390625,177.830252816043,176.7655016333957,177.30619103184608,76857500,-0.0007039285239156534,177.2063446044922,174.7025604248047,175.2099609375,0.006123763558254315,175.42583084106445,173.97915618896485,0.0029124824863293597
2015-05-21,177.59735107421875,177.80531050170612,176.77382717194772,176.94020486820656,64764600,0.0029124824863293597,177.08160400390625,176.5242919921875,175.65086364746094,0.006099048067265775,175.52315521240234,174.14400665283202,-0.002388860917843627
2015-05-22,177.173095703125,177.63059623069003,177.1065471717183,177.214677429024,57433500,-0.002388860917843627,177.59735107421875,176.715576171875,176.05848693847656,0.0060580700504843064,175.57888565063476,174.25730865478516,-0.010751759333389344
2015-05-26,175.26817321777344,177.1065398297752,174.8522544333493,176.68229454624878,124308600,-0.010751759333389344,177.173095703125,177.2646026611328,175.32640075683594,0.006335909803497775,175.57597427368165,174.35354614257812,0.009492289778106677
2015-05-27,176.93186950683594,177.16478303853046,175.31810239949857,175.72570742638172,93214000,0.009492289778106677,175.26817321777344,177.2063446044922,175.88372802734375,0.006550930836447706,175.62838134765624,174.43751007080078,-0.0011281190906019534
2015-05-28,176.73226928710938,176.8403995728642,176.04184237155204,176.6241263085167,74974600,-0.0011281190906019534,176.93186950683594,177.08160400390625,175.16012573242188,0.006514028960914964,175.7069885253906,174.52775146484376,-0.006213173416116935
2015-05-29,175.6342010498047,176.70726603429128,175.3680196018721,176.66568430602717,124919600,-0.006213173416116935,176.73226928710938,177.59735107421875,173.4048309326172,0.006622671331465545,175.81845703125,174.55462463378908,0.0020367732972452757
2015-06-01,175.99192810058594,176.63243406287347,175.20167204232382,176.29970402253807,93338800,0.0020367732972452757,175.6342010498047,177.173095703125,175.2848663330078,0.00625264352372503,175.85381011962892,174.60455169677735,-0.0009928204971697552
2015-06-02,175.81719970703125,176.50762645412786,174.91049974835676,175.5343779627752,91531000,-0.0009928204971697552,175.99192810058594,175.26817321777344,175.78395080566406,0.006045505371804166,175.85547256469727,174.62035614013672,0.0026493713612043557
2015-06-03,176.2830047607422,176.90688289736408,175.7922236728796,176.34955328512183,87820900,0.0026493713612043557,175.81719970703125,176.93186950683594,173.7708740234375,0.006054443866338186,175.9810791015625,174.65229766845704,-0.008446289986663968
2015-06-04,174.7940673828125,176.23314311090795,174.47796498168626,175.5759968848596,151882800,-0.008446289986663968,176.2830047607422,176.73226928710938,173.05548095703125,0.00619942193080322,176.06800842285156,174.674091796875,-0.001713354791806454
2015-06-05,174.4945831298828,175.16836957906196,173.8374242944559,174.64430781066267,121704700,-0.001713354791806454,174.7940673828125,175.6342010498047,173.74595642089844,0.006186876846212873,176.10543975830078,174.74080505371094,-0.0061497014999636335
2015-06-08,173.42149353027344,174.53616552378108,173.3466311950418,174.38642816048372,89063300,-0.0061497014999636335,174.4945831298828,175.99192810058594,176.03347778320312,0.006260637464842786,175.9748405456543,174.7942092895508,-0.0001435063466144193
2015-06-09,173.3966064453125,173.9373086920522,172.76441421536896,173.3966064453125,105034700,-0.0001435063466144193,173.42149353027344,175.81719970703125,175.19334411621094,0.006222181351820108,175.88500366210937,174.83929626464842,0.011992815732876139
2015-06-10,175.4761199951172,175.85877083412583,174.10359318232116,174.16181520768131,134551300,0.011992815732876139,173.3966064453125,176.2830047607422,174.66925048828125,0.006591678805507299,175.92534713745118,174.8842153930664,0.0032237382894595434
2015-06-11,176.04180908203125,176.42444729989205,175.6841122858548,175.91702581659672,73876400,0.0032237382894595434,175.4761199951172,174.7940673828125,174.7025604248047,0.0065720298527532795,175.9923095703125,174.9707275390625,-0.007654972542436189
2015-06-12,174.6942138671875,175.91701618303716,174.41970592966666,175.21827562907586,135382400,-0.007654972542436189,176.04180908203125,174.4945831298828,176.5242919921875,0.006458500848575718,175.9008056640625,175.042431640625,-0.0042854422662367275
2015-06-15,173.94557189941406,174.2283936547843,172.8475401063269,173.55460718758775,124384200,-0.0042854422662367275,174.6942138671875,173.42149353027344,176.715576171875,0.0061893304950506895,175.76230545043944,175.08685180664062,0.005451723848449719
2015-06-16,174.8938751220703,174.97706396858496,173.6211644659787,173.79584327368917,85308200,0.005451723848449719,173.94557189941406,173.3966064453125,177.2646026611328,0.006252034132050871,175.64376907348634,175.1271127319336,0.0016169299096262524
2015-06-17,175.17666625976562,175.78391680889797,174.1535096292943,175.17666625976562,126708600,0.0016169299096262524,174.8938751220703,175.4761199951172,177.2063446044922,0.005881743377979157,175.54228515625,175.18217987060547,0.010399657572250698
2015-06-18,176.99844360351562,177.46427073417405,175.20999743555834,175.7756410391186,165867900,0.010399657572250698,175.17666625976562,176.04180908203125,177.08160400390625,0.0061001663558193815,175.53812713623046,175.2620376586914,-0.004439139741563847
2015-06-19,176.2127227783203,176.8312815958883,175.8365774891499,176.75605508897002,130478700,-0.004439139741563847,176.99844360351562,174.6942138671875,177.59735107421875,0.006140690256358516,175.46889572143556,175.31087463378907,0.00512275554180075
2015-06-22,177.11541748046875,177.70053358826098,176.90644653093048,177.1321387277127,70696000,0.00512275554180075,176.2127227783203,173.94557189941406,177.173095703125,0.005729937322768308,175.46601181030275,175.35879943847655,0.0007079944270207417
2015-06-23,177.24081420898438,177.5751754173251,176.84796051536992,177.32440769971356,68476800,0.0007079944270207417,177.11541748046875,174.8938751220703,175.26817321777344,0.00565210691274905,175.56464385986328,175.4250375366211,-0.0072629573849221085
2015-06-24,175.95352172851562,177.34944599980352,175.92844623747123,176.97330087956456,92307300,-0.0072629573849221085,177.24081420898438,175.17666625976562,176.93186950683594,0.005792615297624249,175.51572647094727,175.4588735961914,-0.003040162895911913
2015-06-25,175.41859436035156,176.5804724618703,175.34336787105184,176.4550949797041,97107400,-0.003040162895911913,175.95352172851562,176.99844360351562,176.73226928710938,0.0058239055822867265,175.45004272460938,175.46637420654298,-0.0001905841678747633
2015-06-26,175.38516235351562,176.02042951258704,174.83347592995116,175.77801604409242,104174800,-0.0001905841678747633,175.41859436035156,176.2127227783203,175.6342010498047,0.005491073151567164,175.4375907897949,175.47420471191407,-0.020970342721907564
2015-06-29,171.707275390625,175.39352658346507,171.63204889801438,173.9056542082529,202621300,-0.020970342721907564,175.38516235351562,177.11541748046875,175.99192810058594,0.00666410346424522,175.22335815429688,175.44873779296876,0.0020931292326460404
2015-06-30,172.06668090820312,173.2954310829794,171.59022103225652,173.24526734242642,182925100,0.0020931292326460404,171.707275390625,177.24081420898438,175.81719970703125,0.0066454394819738605,175.03583221435548,175.3988491821289,0.00801547492932686
2015-07-01,173.4458770751953,173.88889443964797,172.66014431421925,173.63812676525103,135979900,0.00801547492932686,172.06668090820312,175.95352172851562,176.2830047607422,0.006844839513099215,174.89397583007812,175.38070373535157,-0.0009153731577400404
2015-07-02,173.287109375,174.08956362412331,172.86916737650563,173.92238937564107,104373700,-0.0009153731577400404,173.4458770751953,175.41859436035156,174.7940673828125,0.0068449610817558505,174.8186279296875,175.34224670410157,-0.0028461123384015963
2015-07-06,172.79391479492188,173.57128067258205,171.79921094792178,171.99982766856422,117975400,-0.0028461123384015963,173.287109375,175.38516235351562,174.4945831298828,0.006820892429375011,174.73359451293945,175.2851077270508,0.00628864393509776
2015-07-07,173.88055419921875,174.005931669229,170.61224543215388,172.9945193989469,173820200,0.00628864393509776,172.79391479492188,171.707275390625,173.42149353027344,0.006938166242819989,174.7565475463867,175.24154907226563,-0.016777155345350514
2015-07-08,170.9633331298828,172.82735065650917,170.72928665813495,172.54315319146906,164020100,-0.016777155345350514,173.88055419921875,172.06668090820312,173.3966064453125,0.00731888732013087,174.63488388061523,175.15428771972657,0.001808955938428003
2015-07-09,171.27259826660156,173.32052393269564,171.1639420376246,173.06138922156467,144113100,0.001808955938428003,170.9633331298828,173.4458770751953,175.4761199951172,0.007076637044787207,174.42470779418946,175.06206512451172,0.012591539540974583
2015-07-10,173.42918395996094,173.84712590022323,171.3143987625998,173.27036398192914,129456900,0.012591539540974583,171.27259826660156,173.287109375,176.04180908203125,0.007502494083686746,174.29407653808593,175.0274462890625,0.011037181100761906
2015-07-13,175.34335327148438,175.45200949545605,174.64956816725388,174.6913649093545,106069400,0.011037181100761906,173.42918395996094,172.79391479492188,174.6942138671875,0.00771559111559762,174.32653350830077,175.06621673583984,0.004338237738421569
2015-07-14,176.10403442382812,176.41332017593288,175.24307492700046,175.301592929007,81709600,0.004338237738421569,175.34335327148438,173.88055419921875,173.94557189941406,0.007748184980403793,174.4344566345215,175.08260009765624,-0.0003324624210022664
2015-07-15,176.0454864501953,176.6055270618989,175.56902656518767,176.14578842406027,97914100,-0.0003324624210022664,176.10403442382812,170.9633331298828,174.8938751220703,0.007746056974393897,174.49203720092774,175.08783081054688,0.0080241359407911
2015-07-16,177.45809936523438,177.45809936523438,176.85626212392506,177.09866276757114,106683300,0.0080241359407911,176.0454864501953,171.27259826660156,175.17666625976562,0.007868898735899828,174.60610885620116,175.1615753173828,0.0008481590631865821
2015-07-17,177.60861206054688,177.66713005724577,177.04021711615076,177.44979207473725,89030000,0.0008481590631865821,177.45809936523438,173.42918395996094,176.99844360351562,0.007695704407443802,174.63661727905273,175.25263793945314,0.0005177942702931926
2015-07-20,177.70057678222656,178.19374528191426,177.38294953483293,177.83432128353846,70446800,0.0005177942702931926,177.60861206054688,175.34335327148438,176.2127227783203,0.007683735414860159,174.71100997924805,175.33173034667968,-0.003951300835452476
2015-07-21,176.99842834472656,177.82595805590807,176.69750960925847,177.56682331473462,77965000,-0.003951300835452476,177.70057678222656,176.10403442382812,177.11541748046875,0.007627065506236409,174.70516052246094,175.35102935791016,-0.0017946047029040457
2015-07-22,176.6807861328125,177.01514736499615,176.27956540876897,176.3129951546989,88667900,-0.0017946047029040457,176.99842834472656,176.0454864501953,177.24081420898438,0.007639376320499432,174.67715911865236,175.38077819824218,-0.0056302159297317855
2015-07-23,175.68603515625,176.91478525207174,175.32661127678128,176.81448328655927,90509100,-0.0056302159297317855,176.6807861328125,177.45809936523438,175.95352172851562,0.0074115712206840175,174.66378479003907,175.40111389160157,-0.010371937577298818
2015-07-24,173.86383056640625,175.84487109283845,173.52948214791607,175.78636585916124,117755000,-0.010371937577298818,175.68603515625,177.60861206054688,175.41859436035156,0.007624465762238583,174.5860466003418,175.3843392944336,-0.005817274190519139
2015-07-27,172.8524169921875,173.4876968857565,172.40939956881726,172.9778072233487,132361100,-0.005817274190519139,173.86383056640625,177.70057678222656,175.38516235351562,0.0075712536621573056,174.45940933227538,175.3109017944336,0.012282954815901359
2015-07-28,174.97555541992188,175.11765413377742,172.86077045003267,173.68828723981355,123544800,0.012282954815901359,172.8524169921875,176.99842834472656,171.707275390625,0.00787079212934637,174.62282333374023,175.27610137939453,0.0068792742568846155
2015-07-29,176.17926025390625,176.4049397326802,174.9588640988521,175.1009628370131,105791300,0.0068792742568846155,174.97555541992188,176.6807861328125,172.06668090820312,0.007907698543893522,174.82845230102538,175.25439453125,0.00023713667768232582
2015-07-30,176.22103881835938,176.38821303691228,175.05079377933856,175.66935241801707,91304400,0.00023713667768232582,176.17926025390625,175.68603515625,173.4458770751953,0.007903632605448503,174.9672103881836,175.23468841552733,-0.001518076908623267
2015-07-31,175.95352172851562,176.7476087055919,175.66932432696382,176.72253321454752,103266900,-0.001518076908623267,176.22103881835938,173.86383056640625,173.287109375,0.00767085222951529,175.10053100585938,175.21212677001952,-0.0033725628268823638
2015-08-03,175.360107421875,175.97866620411892,174.40720012492417,175.92016095360543,113965700,-0.0033725628268823638,175.95352172851562,172.8524169921875,172.79391479492188,0.0076528282866308054,175.22884063720704,175.16738189697264,-0.0019541610107549623
2015-08-04,175.01742553710938,175.74464065836813,174.5326112047436,175.28490182986783,81820800,-0.0019541610107549623,175.360107421875,174.97555541992188,173.88055419921875,0.007594072597125137,175.28568420410156,175.12426849365235,0.003295134360749241
2015-08-05,175.59413146972656,176.6306193101824,175.30992125919204,175.91175866861994,85786800,0.003295134360749241,175.01742553710938,176.17926025390625,170.9633331298828,0.007621367149176928,175.51722412109376,175.13078765869142,-0.008187795741247839
2015-08-06,174.15640258789062,175.8866754985696,173.5712736981722,175.77800651826615,116030800,-0.008187795741247839,175.59413146972656,176.22103881835938,171.27259826660156,0.007652381894980784,175.6614143371582,175.0752783203125,-0.0019196541923898192
2015-08-07,173.82208251953125,174.14807678298348,172.9193262312224,173.99762377888777,117858000,-0.0019196541923898192,174.15640258789062,175.95352172851562,173.42918395996094,0.0076413422980535885,175.68105926513672,175.01707458496094,0.012598928122852682
2015-08-10,176.01205444335938,176.09563516897882,174.9337572199016,174.9337572199016,80270700,0.012598928122852682,173.82208251953125,175.360107421875,175.34335327148438,0.007994885124263676,175.71449432373046,175.02463165283203,-0.009023221766281564
2015-08-11,174.42385864257812,175.09256818605766,173.66320137743796,174.67462631570467,126081400,-0.009023221766281564,176.01205444335938,175.01742553710938,176.10403442382812,0.0071605977860724765,175.63048553466797,174.9932702636719,0.0011983159540487343
2015-08-12,174.63287353515625,174.81676902476642,171.6571287099403,173.11992562438115,172123700,0.0011983159540487343,174.42385864257812,175.59413146972656,176.0454864501953,0.007155802421024314,175.55985488891602,174.96958374023438,-0.0012444144646361899
2015-08-13,174.41555786132812,175.1594941084162,173.87222561057453,174.47406310873316,89383300,-0.0012444144646361899,174.63287353515625,174.15640258789062,177.45809936523438,0.007019680896807023,175.4077278137207,174.9322348022461,0.0036420985332397127
2015-08-14,175.05079650878906,175.12602299512452,174.08116816965813,174.2232668953725,72786500,0.0036420985332397127,174.41555786132812,173.82208251953125,177.60861206054688,0.0070437675519425995,175.27983703613282,174.93736938476562,0.00558675726188218
2015-08-17,176.0287628173828,176.0287628173828,173.99757134669795,174.45730997830594,79072600,0.00558675726188218,175.05079650878906,176.01205444335938,177.70057678222656,0.0070795184037281,175.1962463378906,174.96805297851563,-0.002896615798189006
2015-08-18,175.5188751220703,176.1039912257194,175.28482868061067,175.75292156352995,71692700,-0.002896615798189006,176.0287628173828,174.42385864257812,176.99842834472656,0.007025336551079707,175.1222686767578,175.01000061035157,-0.007905376123475971
2015-08-19,174.13133239746094,175.543965411561,173.32052403028706,174.77495378843668,172946000,-0.007905376123475971,175.5188751220703,174.63287353515625,176.6807861328125,0.006442672594365697,174.99479598999022,175.02469512939453,-0.02088115086474429
2015-08-20,170.49526977539062,174.10628221945106,170.43675177000995,172.6184096388763,194327900,-0.02088115086474429,174.13133239746094,174.41555786132812,175.68603515625,0.00753843582511582,174.73525772094726,174.925078125,-0.030102711951355277
2015-08-21,165.36289978027344,170.47015049672353,165.10377783345345,168.6228416186139,346588500,-0.030102711951355277,170.49526977539062,175.05079650878906,173.86383056640625,0.008952521577755468,174.31021118164062,174.71149993896483,-0.042107096993390325
2015-08-24,158.3999481201172,165.07029592613802,152.46516923647926,156.71982661296926,507244300,-0.042107096993390325,165.36289978027344,176.0287628173828,172.8524169921875,0.01132112970847514,173.58758773803712,174.38561462402345,-0.011767574272709913
2015-08-25,156.5359649658203,163.37348842234678,156.2434005299375,163.35676717483423,369833100,-0.011767574272709913,158.3999481201172,175.5188751220703,174.97555541992188,0.011327383371377989,172.66560821533204,174.03742248535156,0.03839379510604668
2015-08-26,162.5459747314453,162.82180517053467,157.4554325277485,160.55656714024025,339257000,0.03839379510604668,156.5359649658203,174.13133239746094,176.17926025390625,0.013700724480260674,171.98394393920898,173.79046447753908,0.024735151835516778
2015-08-27,166.5665740966797,166.6919515691399,163.17288779329004,164.68583548232655,274143900,0.024735151835516778,162.5459747314453,170.49526977539062,176.22103881835938,0.014464505713814198,171.501220703125,173.61826263427736,5.020104694830607e-05
2015-08-28,166.57493591308594,167.04302883764254,165.43813334434464,165.92294751751413,160414400,5.020104694830607e-05,166.5665740966797,165.36289978027344,175.95352172851562,0.014459805982010349,171.03229141235352,173.40979248046875,-0.008079031534842906
2015-08-31,165.2291717529297,166.44956787940615,164.67748530858103,165.5969627158288,163298800,-0.008079031534842906,166.57493591308594,158.3999481201172,175.360107421875,0.014492633347144039,170.52574462890624,173.19012145996095,-0.029847922035813212
2015-09-01,160.29742431640625,162.8050754726631,159.4280981063428,161.42585968397782,256000400,-0.029847922035813212,165.2291717529297,156.5359649658203,175.01742553710938,0.01533958576961113,169.78974456787108,172.85376159667967,0.018981172464972662
2015-09-02,163.34005737304688,163.3818541142059,160.84076020480347,162.67970202462843,160269300,0.018981172464972662,160.29742431640625,162.5459747314453,175.59413146972656,0.015864472159110594,169.17704086303712,172.57574645996092,0.0007165107811986093
2015-09-03,163.45709228515625,165.54680194680597,162.96392386610506,164.05056268650245,152087800,0.0007165107811986093,163.34005737304688,166.5665740966797,174.15640258789062,0.01586349126346023,168.6420753479004,172.32581787109376,-0.015136958142789592
2015-09-04,160.98284912109375,162.04442505995004,160.16368661345783,161.20018706006013,207081000,-0.015136958142789592,163.45709228515625,166.57493591308594,173.82208251953125,0.01597079839456392,168.0001136779785,172.0371029663086,0.025131249045039272
2015-09-08,165.02854919433594,165.17901492592512,163.1394562070167,163.7830903693618,116025700,0.025131249045039272,160.98284912109375,165.2291717529297,176.01205444335938,0.0167267001768442,167.45093841552733,171.829970703125,-0.013372061145537129
2015-09-09,162.82177734375,166.73371962083738,162.4539992362937,166.60834216995147,149347700,-0.013372061145537129,165.02854919433594,160.29742431640625,174.42385864257812,0.016658322253607034,166.87083435058594,171.6522607421875,0.00544172971789636
2015-09-10,163.7078094482422,164.8529659077779,162.37039057590414,162.6295124532089,158611100,0.00544172971789636,162.82177734375,163.34005737304688,174.63287353515625,0.016633167902022603,166.32458114624023,171.48508331298828,0.004544795738182117
2015-09-11,164.4518280029297,164.5187002556144,162.60451869192718,163.31502521644617,119691200,0.004544795738182117,163.7078094482422,163.45709228515625,174.41555786132812,0.016674459205387307,165.8263946533203,171.30520233154297,-0.0037105028385485683
2015-09-14,163.8416290283203,164.67751308331736,163.3568147458726,164.6273620807501,79452000,-0.0037105028385485683,164.4518280029297,160.98284912109375,175.05079650878906,0.016676322840839503,165.26593627929688,171.11629272460937,0.012499062865977129
2015-09-15,165.88949584960938,166.3325132199818,163.79978645933429,164.34310579897624,113806200,0.012499062865977129,163.8416290283203,165.02854919433594,176.0287628173828,0.016889545276884924,164.75897293090821,170.97820434570312,0.00866706267831785
2015-09-16,167.3272705078125,167.51953303122775,165.8477648562851,166.1904803932473,99581600,0.00866706267831785,165.88949584960938,162.82177734375,175.5188751220703,0.01699525697900128,164.34939270019532,170.847138671875,-0.002248138785842735
2015-09-17,166.9510955810547,169.59249188964412,166.57495035938427,167.19350906595068,276046600,-0.002248138785842735,167.3272705078125,163.7078094482422,174.13133239746094,0.01697305694088651,163.990380859375,170.76689392089844,-0.016341740525149362
2015-09-18,164.2228240966797,166.93676131069327,163.81111992003463,164.44129193331497,223657500,-0.016341740525149362,166.9510955810547,164.4518280029297,170.49526977539062,0.017147548043456362,163.67675857543946,170.6258984375,0.0051674763138365165
2015-09-21,165.07144165039062,166.09650952499217,164.0211551034523,165.054633475793,105726200,0.0051674763138365165,164.2228240966797,163.8416290283203,165.36289978027344,0.017194785304569957,163.6621856689453,170.4587435913086,-0.012979332272274213
2015-09-22,162.92892456054688,163.39105340400803,161.79460947395006,162.90371869825682,153890900,-0.012979332272274213,165.07144165039062,165.88949584960938,158.3999481201172,0.01710152871468477,163.8886344909668,170.21045501708986,-0.0015989383491403775
2015-09-23,162.6684112548828,163.56745001444625,162.08865093790467,163.0969236183141,92790600,-0.0015989383491403775,162.92892456054688,167.3272705078125,156.5359649658203,0.017056481524307433,164.19525680541992,169.94174255371092,-0.0036159190112186046
2015-09-24,162.08021545410156,162.54234410080934,160.11408210725114,161.45004352337662,159378800,-0.0036159190112186046,162.6684112548828,166.9510955810547,162.5459747314453,0.01704622415444651,164.17196884155274,169.66243713378907,-0.0002586120300818173
2015-09-25,162.03829956054688,163.84478825137367,161.16445351017586,163.54230505253565,155054800,-0.0002586120300818173,162.08021545410156,164.2228240966797,166.5665740966797,0.01704936403742811,163.9455551147461,169.3540411376953,-0.02509760020912788
2015-09-28,157.97152709960938,161.2484294982135,157.66064631992091,161.13919557199506,178515900,-0.02509760020912788,162.03829956054688,165.07144165039062,166.57493591308594,0.017504750737609737,163.51538467407227,168.96129943847657,0.0005851544631985117
2015-09-29,158.06396484375,159.42514531239374,157.06408971646624,158.19000695761784,159045600,0.0005851544631985117,157.97152709960938,162.92892456054688,165.2291717529297,0.017441213003660735,163.1571243286133,168.56856719970702,0.018658001637242627
2015-09-30,161.01312255859375,161.18116583114053,159.17301859513876,159.95442558187725,163452000,0.018658001637242627,158.06396484375,162.6684112548828,160.29742431640625,0.01790201535640355,163.19290924072266,168.24886108398437,0.002609514112566158
2015-10-01,161.43328857421875,161.7357716895095,159.49236059313813,161.39127453747872,131079000,0.002609514112566158,161.01312255859375,162.08021545410156,163.34005737304688,0.017899843977306325,163.09757080078126,167.9439111328125,0.014937863975624133
2015-10-02,163.84475708007812,163.86996294011195,158.90420337928794,159.4503602620859,211003300,0.014937863975624133,161.43328857421875,162.03829956054688,163.45709228515625,0.017816630130550373,163.11695404052733,167.70708557128907,0.017794915685158674
2015-10-05,166.76036071777344,166.9872262873507,164.96226998386578,165.07150392864102,126320800,0.017794915685158674,163.84475708007812,157.97152709960938,160.98284912109375,0.017272437062378604,163.40582962036132,167.5650161743164,-0.0034259915103267424
2015-10-06,166.1890411376953,167.18891661877046,165.52526525830743,166.6259642094443,110274500,-0.0034259915103267424,166.76036071777344,158.06396484375,165.02854919433594,0.015321549201641606,163.4638542175293,167.43174865722656,0.00819006616709661
2015-10-07,167.55014038085938,167.90303517487249,165.92849104313925,167.12161520029284,124307300,0.00819006616709661,166.1890411376953,161.01312255859375,162.82177734375,0.015148276515747211,163.70027236938478,167.2832403564453,0.009026766015522325
2015-10-08,169.0625762939453,169.3482512350333,166.8611663774427,167.16364949767825,153055200,0.009026766015522325,167.55014038085938,161.43328857421875,163.7078094482422,0.013611682531884396,163.96801071166993,167.1409066772461,0.000596406847306552
2015-10-09,169.1634063720703,169.64233051907377,168.53323424856578,169.20542041114757,107069200,0.000596406847306552,169.0625762939453,163.84475708007812,164.4518280029297,0.012878465709068558,164.20358963012694,166.99975402832033,0.0009436878494912815
2015-10-12,169.3230438232422,169.52469068762636,168.81050334145897,169.2390157491594,56395600,0.0009436878494912815,169.1634063720703,166.76036071777344,163.8416290283203,0.012878192689487885,164.47766036987304,166.86714447021484,-0.0063020225282075515
2015-10-13,168.25596618652344,169.86080769258092,168.0879228419,168.59205287577035,88038700,-0.0063020225282075515,169.3230438232422,166.1890411376953,165.88949584960938,0.012840805620259124,164.59598388671876,166.72506164550782,-0.00479403723085059
2015-10-14,167.4493408203125,168.77690504339486,167.15526817132374,168.19714460448515,99106200,-0.00479403723085059,168.25596618652344,167.55014038085938,167.3272705078125,0.011534849964979069,164.60208740234376,166.57369995117188,0.015354621303522054
2015-10-15,170.0204620361328,170.02885971648277,167.7434342144632,168.11313728403783,134142200,0.015354621303522054,167.4493408203125,169.0625762939453,166.9510955810547,0.011363277622255495,164.75555572509765,166.4622265625,0.004546392399309207
2015-10-16,170.79344177246094,170.81023713021614,169.65912690067984,170.4237387677061,114580100,0.004546392399309207,170.0204620361328,169.1634063720703,164.2228240966797,0.011376846267020763,165.0840866088867,166.3949673461914,0.0004922667220816912
2015-10-19,170.8775177001953,170.8775177001953,169.8356410305303,170.14652193088023,76523900,0.0004922667220816912,170.79344177246094,169.3230438232422,165.07144165039062,0.010936783889876888,165.37439041137696,166.3360760498047,-0.0012784600686387426
2015-10-20,170.6590576171875,171.2724217181772,170.18853102898234,170.4406025072031,78448500,-0.0012784600686387426,170.8775177001953,168.25596618652344,162.92892456054688,0.010040895061377142,165.760897064209,166.22901611328126,-0.006203779007595611
2015-10-21,169.60032653808594,171.2303609681213,169.43227038451462,171.07912581496848,102038000,-0.006203779007595611,170.6590576171875,167.4493408203125,162.6684112548828,0.009764446755147956,166.10749282836915,166.1325454711914,0.01689403808050205
2015-10-22,172.46556091308594,172.67561835916482,169.60038709244566,170.54983803051766,174911700,0.01689403808050205,169.60032653808594,170.0204620361328,162.08021545410156,0.010144121355774048,166.62676010131835,166.08919921875,0.010961537253522557
2015-10-23,174.35604858398438,174.72575167820509,173.3393778957643,174.137593492348,144442300,0.010961537253522557,172.46556091308594,170.79344177246094,162.03829956054688,0.01027109864272978,167.24264755249024,166.08800903320312,-0.002457774396193879
2015-10-26,173.92752075195312,174.2384015897442,173.5578176903174,174.17959218678527,69033000,-0.002457774396193879,174.35604858398438,170.8775177001953,157.97152709960938,0.010249595997851132,168.04044723510742,166.06554351806642,-0.0019323571476070889
2015-10-27,173.5914306640625,173.9275173566874,172.91083395703598,173.25533115055208,77905800,-0.0019323571476070889,173.92752075195312,170.6590576171875,158.06396484375,0.010079230266330362,168.81682052612305,166.016796875,0.011374775765596645
2015-10-28,175.5659942626953,175.59120012816956,173.26377307679465,173.9275489024297,135906700,0.011374775765596645,173.5914306640625,169.60032653808594,161.01312255859375,0.010156863237648452,169.54446411132812,166.0177392578125,-0.0005743143969789699
2015-10-29,175.4651641845703,175.8348672921028,174.94422588989488,175.06185753130185,90525500,-0.0005743143969789699,175.5659942626953,172.46556091308594,161.43328857421875,0.010139274833111287,170.2460578918457,166.04441589355469,-0.004309659252727416
2015-10-30,174.70896911621094,175.97772426842752,174.54933623019386,175.65843285461585,131076900,-0.004309659252727416,175.4651641845703,174.35604858398438,163.84475708007812,0.009625592979797202,170.78926849365234,166.1286898803711,0.011830762427785357
2015-11-02,176.77590942382812,176.96915864678198,174.91059863980655,175.03664077547026,86270800,0.011830762427785357,174.70896911621094,173.92752075195312,166.76036071777344,0.009774301572027274,171.29004592895507,166.3569500732422,0.002899219744939785
2015-11-03,177.28842163085938,177.84297616889708,176.19612073435962,176.42298628553587,95246100,0.002899219744939785,176.77590942382812,173.5914306640625,166.1890411376953,0.00933669860971427,171.8450149536133,166.73471954345703,-0.0030331083124605085
2015-11-04,176.7506866455078,177.70854780880495,176.21294025244424,177.582518506089,96224500,-0.0030331083124605085,177.28842163085938,175.5659942626953,167.55014038085938,0.009363956517540063,172.3050422668457,167.13901397705078,-0.0009984863858030213
2015-11-05,176.57420349121094,177.2715954325446,175.6835623774952,176.80946669781952,78408700,-0.0009984863858030213,176.7506866455078,175.4651641845703,169.0625762939453,0.00931404377345127,172.68062362670898,167.4195785522461,-0.000523420089255322
2015-11-06,176.48178100585938,176.7170570376993,175.15422981012625,176.22972243760842,110471500,-0.000523420089255322,176.57420349121094,174.70896911621094,169.1634063720703,0.009317266312455995,173.04654235839843,167.6178826904297,-0.009331474998508504
2015-11-09,174.83494567871094,176.0196722814713,173.88548229652773,175.8684243134523,131008700,-0.009331474998508504,176.48178100585938,176.77590942382812,169.3230438232422,0.00804135172920203,173.32213745117187,167.78308288574217,0.002306950533963903
2015-11-10,175.23828125,175.2718976132983,174.08717081431166,174.3560376162677,75874600,0.002306950533963903,174.83494567871094,177.28842163085938,168.25596618652344,0.008026568833761974,173.6712532043457,167.9832650756836,-0.003932024057644701
2015-11-11,174.5492401123047,175.55751271225728,174.48202022952364,175.50710100539192,67846000,-0.003932024057644701,175.23828125,176.7506866455078,167.4493408203125,0.007601458429107893,174.0262481689453,168.26830139160157,-0.01395982029954912
2015-11-12,172.11256408691406,173.97787412988546,172.09576873220726,173.50734778046592,121315200,-0.01395982029954912,174.5492401123047,176.57420349121094,170.0204620361328,0.008189154225439881,174.13085327148437,168.4437515258789,-0.011228088590973684
2015-11-13,170.18006896972656,171.9697618199223,170.09605371636437,171.7008950599256,153577100,-0.011228088590973684,172.11256408691406,176.48178100585938,170.79344177246094,0.008175789361750473,174.10018463134764,168.57821105957032,0.015206957890224526
2015-11-16,172.7679901123047,172.8268123328359,169.8775985069335,169.99524294799596,117645200,0.015206957890224526,170.18006896972656,174.83494567871094,170.8775177001953,0.00800764270535511,174.19470825195313,168.81391387939453,-0.0007296077031594406
2015-11-17,172.64193725585938,173.96109075779063,172.1462049828163,173.07886013728063,121123700,-0.0007296077031594406,172.7679901123047,175.23828125,170.6590576171875,0.007968836060170912,174.29385223388672,168.966181640625,0.015865727698368692
2015-11-18,175.3810272216797,175.52386463894456,173.07880755168398,173.12080875256,121342500,0.015865727698368692,172.64193725585938,174.5492401123047,169.60032653808594,0.008313415041058264,174.5828872680664,169.2173666381836,-0.0008616841243835882
2015-11-19,175.2299041748047,175.650019019232,174.93581865535054,175.26350772116834,88220500,-0.0008616841243835882,175.3810272216797,172.11256408691406,172.46556091308594,0.008202328457554883,174.72110443115236,169.44780853271484,0.003643633281367631
2015-11-20,175.86837768554688,176.54896130897967,175.49027709707093,175.98600926464783,94011500,0.003643633281367631,175.2299041748047,170.18006896972656,174.35604858398438,0.008213105242228597,174.79672088623047,169.6761395263672,-0.0011462200593281846
2015-11-23,175.6667938232422,176.43139295093874,175.2046650180068,175.92726292595165,64931200,-0.0011462200593281846,175.86837768554688,172.7679901123047,173.92752075195312,0.008225340481979763,174.88368453979493,169.91264282226564,0.0013393269350121528
2015-11-24,175.90206909179688,176.3053757035368,174.2720216423702,174.6585200725292,98874400,0.0013393269350121528,175.6667938232422,172.64193725585938,173.5914306640625,0.008100481538953756,174.99921646118165,170.11289428710938,-0.0001435645187621848
2015-11-25,175.87681579589844,176.22971058860594,175.6163339247472,176.02805092668055,51980100,-0.0001435645187621848,175.90206909179688,175.3810272216797,175.5659942626953,0.008019697596052252,175.0147575378418,170.28388519287108,0.0011466856170121442
2015-11-27,176.0784912109375,176.2801509055882,175.49033312764547,175.96925727372445,37317800,0.0011466856170121442,175.87681579589844,175.2299041748047,175.4651641845703,0.007591739867048593,175.04542388916016,170.46643310546875,-0.004151746872476103
2015-11-30,175.3474578857422,176.35573050006636,175.23822397205575,176.23809890874324,112822700,-0.004151746872476103,176.0784912109375,175.86837768554688,174.70896911621094,0.0076253733213876495,175.0773483276367,170.68892578125,0.009535771914910507
2015-12-01,177.01953125,177.13717567897376,175.7003777036247,175.9776549557406,97858400,0.009535771914910507,175.3474578857422,175.6667938232422,176.77590942382812,0.007785546106364859,175.08952941894532,170.92788757324217,-0.01020484862192994
2015-12-02,175.21307373046875,177.2884418239364,174.96100229166035,176.9691504800534,108441300,-0.01020484862192994,177.01953125,175.90206909179688,177.28842163085938,0.008049895607874873,174.9857620239258,171.1735705566406,-0.014002464911758161
2015-12-03,172.75965881347656,175.73406682135004,172.0370606344839,175.46519993801485,166224200,-0.014002464911758161,175.21307373046875,175.87681579589844,176.7506866455078,0.008405588401021496,174.7862106323242,171.3753955078125,0.01950224770815212
2015-12-04,176.1288604736328,176.42294585483205,172.75954562082163,172.75954562082163,192913900,0.01950224770815212,172.75965881347656,176.0784912109375,176.57420349121094,0.008590849066943552,174.76394348144532,171.65636840820312,-0.006058418677440058
2015-12-07,175.06179809570312,176.221305932794,174.09552660709724,175.80119123884788,102027100,-0.006058418677440058,176.1288604736328,175.3474578857422,176.48178100585938,0.00845319602129257,174.6929443359375,171.91683837890625,-0.006719080263404509
2015-12-08,173.8855438232422,175.01144860880032,172.90247655636935,173.49904531877343,103372400,-0.006719080263404509,175.06179809570312,177.01953125,174.83494567871094,0.008534272541958902,174.64547424316407,172.2351187133789,-0.007780084580558566
2015-12-09,172.53269958496094,175.3390626659844,171.55803041713432,173.2468996936525,162401500,-0.007780084580558566,173.8855438232422,175.21307373046875,175.23828125,0.0086466112622141,174.51019515991212,172.5244934082031,0.002581474671275119
2015-12-10,172.97808837890625,174.28884469095505,172.36472427306558,172.5999875690288,116128900,0.002581474671275119,172.53269958496094,172.75965881347656,174.5492401123047,0.008386979951322841,174.4316375732422,172.76379272460937,-0.019381293283553425
2015-12-11,169.62554931640625,171.52446352485714,169.31465565799652,170.8606878072256,211173300,-0.019381293283553425,172.97808837890625,176.1288604736328,172.11256408691406,0.009070750508693477,174.3072868347168,172.92763793945312,0.005052363226819789
2015-12-14,170.48255920410156,170.60860132073222,168.00388476098058,169.78518000646062,182385200,0.005052363226819789,169.62554931640625,175.06179809570312,170.18006896972656,0.00911701333600483,174.32241134643556,173.0603939819336,0.01049786780240658
2015-12-15,172.2722625732422,173.17971202028292,170.45736367916072,171.99498528490597,154069600,0.01049786780240658,170.48255920410156,173.8855438232422,172.7679901123047,0.009056506432580023,174.29762496948243,173.17063201904296,0.014632018412697567
2015-12-16,174.79295349121094,175.09543664417558,172.07901561545526,173.39816935138043,197017000,0.014632018412697567,172.2722625732422,172.53269958496094,172.64193725585938,0.009466708002752339,174.40517578125,173.34271026611327,-0.015238365773680207
2015-12-17,172.12939453125,175.17102084127197,172.11258635348722,175.10380095110403,173092500,-0.015238365773680207,174.79295349121094,172.97808837890625,175.3810272216797,0.009837481082105373,174.24259414672852,173.4342953491211,-0.017814718839445076
2015-12-18,169.06295776367188,171.5225679827236,168.90236195305133,171.38734094495004,251393500,-0.017814718839445076,172.12939453125,169.62554931640625,175.2299041748047,0.010314585691647163,173.9342468261719,173.43430297851563,0.008248771854137082
2015-12-21,170.45751953125,170.6350234924526,169.12205468560254,170.23776439102394,99094300,0.008248771854137082,169.06295776367188,170.48255920410156,175.86837768554688,0.010463457172376473,173.66370391845703,173.4601852416992,0.009074304562915136
2015-12-22,172.00430297851562,172.30013863391332,170.35610707732334,171.3450246180387,111026200,0.009074304562915136,170.45751953125,172.2722625732422,175.6667938232422,0.010503944759011848,173.4805793762207,173.5138104248047,0.012383794364928313
2015-12-23,174.13436889648438,174.17663299550472,172.91723506897483,173.0102109279427,110987200,0.012383794364928313,172.00430297851562,174.79295349121094,175.90206909179688,0.010754616881467314,173.39219436645507,173.6313784790039,-0.0016509712961803036
2015-12-24,173.8468780517578,174.3962852200451,173.6271229227537,173.88069446987208,48539600,-0.0016509712961803036,174.13436889648438,172.12939453125,175.87681579589844,0.010735036044472946,173.29069747924805,173.75932922363282,-0.002284602547706238
2015-12-28,173.44970703125,173.49195822642517,172.3762609916817,173.15387128188237,65899900,-0.002284602547706238,173.8468780517578,169.06295776367188,176.0784912109375,0.010421504672118937,173.15925827026368,173.82791412353515,0.01067184530931109
2015-12-29,175.3007354736328,175.63037473039074,174.514677591052,174.5484811237396,92640700,0.01067184530931109,173.44970703125,170.45751953125,175.3474578857422,0.010352171694949985,173.15692214965821,173.9180599975586,-0.007087951970094597
2015-12-30,174.05821228027344,175.14011857409662,173.91452472416242,175.05559041300234,63317700,-0.007087951970094597,175.3007354736328,172.00430297851562,177.01953125,0.010097235739518415,173.00885620117188,173.98167388916016,-0.010003437339217158
2015-12-31,172.31703186035156,174.02440003081537,172.31703186035156,173.38202988913335,114877900,-0.010003437339217158,174.05821228027344,174.13436889648438,175.21307373046875,0.010270237412165898,172.86405410766602,174.01483337402342,-0.013979406124288496
2016-01-04,169.90814208984375,169.91658974704953,167.85422643642048,169.46017121139246,222353500,-0.013979406124288496,172.31703186035156,173.8468780517578,172.75965881347656,0.01012365502678397,172.7214782714844,174.0209896850586,0.0016913184434805828
2016-01-05,170.1955108642578,170.65192938292125,169.0882616437573,170.22931438900892,110845800,0.0016913184434805828,169.90814208984375,173.44970703125,176.1288604736328,0.010135638681326147,172.42481079101563,173.97558868408203,-0.012613936268041082
2016-01-06,168.04867553710938,169.09675273703556,167.01749365530566,167.6429557527611,152112600,-0.012613936268041082,170.1955108642578,175.3007354736328,175.06179809570312,0.01031614987106271,172.07415466308595,173.84944122314454,-0.023991763366958963
2016-01-07,164.0168914794922,166.88222079288164,163.62807998718796,165.09878489652976,213436100,-0.023991763366958963,168.04867553710938,174.05821228027344,173.8855438232422,0.011104973633304519,171.58072204589843,173.6512286376953,-0.01097645169402095
2016-01-08,162.21656799316406,165.53832917185426,161.92919283899013,164.9804741804424,209817200,-0.01097645169402095,164.0168914794922,172.31703186035156,172.53269958496094,0.011195937083778185,171.0649154663086,173.42373138427735,0.0009902149604577026
2016-01-11,162.377197265625,163.47599926089094,160.44162550789264,163.13789939462924,187941300,0.0009902149604577026,162.21656799316406,169.90814208984375,172.97808837890625,0.0112065473463537,170.53487091064454,173.15995544433594,0.00806799609680997
2016-01-12,163.687255859375,164.43951009387482,161.55727250549293,163.8224957637583,172330500,0.00806799609680997,162.377197265625,170.1955108642578,169.62554931640625,0.011356532630183117,170.23795623779296,172.92439727783204,-0.02494060074903459
2016-01-13,159.60479736328125,164.70153370781395,159.2244464071734,164.3549862801032,221168900,-0.02494060074903459,163.687255859375,168.04867553710938,170.48255920410156,0.012080378840912693,169.69406814575194,172.62231384277345,0.01641666332054159
2016-01-14,162.2249755859375,163.3491329495892,158.61585304162892,160.21333710635813,240795600,0.01641666332054159,159.60479736328125,164.0168914794922,172.2722625732422,0.012389148514130501,169.19170379638672,172.33129516601562,-0.021466149515368182
2016-01-15,158.7426300048828,159.5455958534582,156.80705915317225,157.86359655845175,324846400,-0.021466149515368182,162.2249755859375,162.21656799316406,174.79295349121094,0.012784576271766487,168.38918762207032,171.9603793334961,0.001331301040615962
2016-01-19,158.95396423339844,160.68668844906233,157.38183579391037,160.55990909796947,195244400,0.001331301040615962,158.7426300048828,162.377197265625,172.12939453125,0.012643795098111808,167.73041610717775,171.6044448852539,-0.012814759272806953
2016-01-20,156.91700744628906,158.48068873400786,153.00359974257418,156.39296876264322,286547800,-0.012814759272806953,158.95396423339844,163.687255859375,169.06295776367188,0.012050168836649378,167.12311859130858,171.21130096435547,0.005601576006642794
2016-01-21,157.79598999023438,159.6385851905549,156.06326591928874,157.3902832034348,195772900,0.005601576006642794,156.91700744628906,159.60479736328125,170.45751953125,0.012161409383646371,166.49004211425782,170.83758514404298,0.020515373378905855
2016-01-22,161.03323364257812,161.23608060151886,159.6470568686722,160.40775875907423,168319600,0.020515373378905855,157.79598999023438,162.2249755859375,172.00430297851562,0.012898004843173848,165.94148864746094,170.56155090332032,-0.015116159854091649
2016-01-25,158.59902954101562,160.7205531726098,158.404630162925,160.5261537945192,130371700,-0.015116159854091649,161.03323364257812,158.7426300048828,174.13436889648438,0.01307043227216736,165.1647216796875,170.22876586914063,0.013642653136739513
2016-01-26,160.7627410888672,161.041668532484,158.92014590624152,159.2582327424634,141036800,0.013642653136739513,158.59902954101562,158.95396423339844,173.8468780517578,0.013377548061882691,164.51051483154296,169.95303588867188,-0.010882854343408188
2016-01-27,159.01318359375,161.9123173891218,158.1087809643096,160.23876497341794,185681700,-0.010882854343408188,160.7627410888672,156.91700744628906,173.44970703125,0.013091411053934939,163.78868865966797,169.69104827880858,0.005208957068590259
2016-01-28,159.8414764404297,160.7627742216194,158.19328020408372,160.5599272369545,143798800,0.005208957068590259,159.01318359375,157.79598999023438,175.3007354736328,0.013094378913628066,163.0157257080078,169.48427642822264,0.024377275038755197
2016-01-29,163.73797607421875,163.873215985602,160.49229558414746,160.61062728231084,210529300,0.024377275038755197,159.8414764404297,161.03323364257812,174.05821228027344,0.013780682576775997,162.49971389770508,169.30367614746095,-0.0003612987445776872
2016-02-01,163.67881774902344,164.4648885160024,162.14895320031806,162.73216408290494,136061600,-0.0003612987445776872,163.73797607421875,158.59902954101562,172.31703186035156,0.013439344881165926,162.06780319213868,169.12441375732422,-0.01802243061922626
2016-02-02,160.7289276123047,162.25879173184157,160.20487628226638,162.2503440754742,182564900,-0.01802243061922626,163.67881774902344,160.7627410888672,169.90814208984375,0.013542413898672728,161.6088424682617,168.8313717651367,0.005995235595737114
2016-02-03,161.69253540039062,162.09824227403948,158.14257123728788,161.78551123572566,205054900,0.005995235595737114,160.7289276123047,159.01318359375,170.1955108642578,0.013290672121717983,161.18369369506837,168.56062438964844,0.0015679436261275548
2016-02-04,161.94606018066406,162.9180694438936,160.55988360763843,161.19380605683648,139531800,0.0015679436261275548,161.69253540039062,159.8414764404297,168.04867553710938,0.013178940909971331,160.8785629272461,168.2821780395508,-0.019050065215361456
2016-02-05,158.86097717285156,162.0052338294124,158.2270546678544,161.4304836155311,180788300,-0.019050065215361456,161.94606018066406,163.73797607421875,164.0168914794922,0.013390446206033394,160.62076721191406,167.94606170654296,-0.013460616554637372
2016-02-08,156.7226104736328,157.3142691411738,154.5081110763258,157.01844625599912,191526700,-0.013460616554637372,158.86097717285156,163.67881774902344,162.21656799316406,0.013226270494684576,160.3460693359375,167.56247253417968,5.3646329320589103e-05
2016-02-09,156.73101806640625,158.00732382709526,154.84615847267247,154.98139838987723,184513100,5.3646329320589103e-05,156.7226104736328,160.7289276123047,162.377197265625,0.013237792628163865,160.06376037597656,167.17955657958984,-0.0008630656950224802
2016-02-10,156.5957489013672,159.190598016285,156.468956676666,157.55931048204576,148214100,-0.0008630656950224802,156.73101806640625,161.69253540039062,163.687255859375,0.013244332186475269,159.70918502807618,166.78990173339844,-0.013008032323786667
2016-02-11,154.55874633789062,155.6068360996528,153.0626857426202,154.11922316074063,219058900,-0.013008032323786667,156.5957489013672,161.94606018066406,159.60479736328125,0.013086597854208808,159.45688247680664,166.3741275024414,0.020617302793656478
2016-02-12,157.74533081054688,157.76222613011902,155.488567517376,156.3337977948418,127632400,0.020617302793656478,154.55874633789062,158.86097717285156,162.2249755859375,0.013825605573612867,159.2329002380371,165.98864349365235,0.016878219554695262
2016-02-16,160.4077911376953,160.43314701268105,158.59055131203985,159.55411325306656,120250700,0.016878219554695262,157.74533081054688,156.7226104736328,158.7426300048828,0.014233388366371919,159.31615829467773,165.69253784179688,0.016334482284635854
2016-02-17,163.02796936035156,163.39987263036463,161.44738046279596,161.57417270331123,136009500,0.016334482284635854,160.4077911376953,156.73101806640625,158.95396423339844,0.014449043181744493,159.51985855102538,165.49790405273438,-0.004095860794831596
2016-02-18,162.3602294921875,163.35760761031935,162.04749851565143,163.29843531898203,102343000,-0.004095860794831596,163.02796936035156,156.5957489013672,156.91700744628906,0.014446693493126076,159.79201965332032,165.22253143310547,-0.0004683077015612547
2016-02-19,162.28419494628906,162.43633018840046,160.9740855847328,161.5826523475565,114793000,-0.0004683077015612547,162.3602294921875,154.55874633789062,157.79598999023438,0.014292959831734432,160.01642990112305,164.9669793701172,0.014479020506594109
2016-02-22,164.6339111328125,164.7775986962907,163.79712872494707,163.86474867785222,103640300,0.014479020506594109,162.28419494628906,157.74533081054688,161.03323364257812,0.01388492237896757,160.19646377563475,164.7819467163086,-0.01262928372239247
2016-02-23,162.55470275878906,164.24516341361578,162.43635813164758,163.97468351819168,111455300,-0.01262928372239247,164.6339111328125,160.4077911376953,158.59902954101562,0.013934066587288671,160.39424743652344,164.58238677978517,0.004575251438889039
2016-02-24,163.29843139648438,163.5773588406894,160.01894780722012,161.126197029946,150812200,0.004575251438889039,162.55470275878906,163.02796936035156,160.7627410888672,0.013956757599772033,160.5210319519043,164.38879364013673,0.012111651678398783
2016-02-25,165.2762451171875,165.28470567018846,162.9856793640243,163.74638109741173,110728300,0.012111651678398783,163.29843139648438,162.3602294921875,159.01318359375,0.014053725695935573,160.83418502807618,164.30180755615234,-0.0023014262786542616
2016-02-26,164.8958740234375,166.23978627292283,164.7352783023324,166.1468233787913,129833700,-0.0023014262786542616,165.2762451171875,162.28419494628906,159.8414764404297,0.013228731440982472,161.08690490722657,164.19007385253906,-0.007842232943226612
2016-02-29,163.60272216796875,165.85948479522963,163.40832287272696,164.9128312909009,125918100,-0.007842232943226612,164.8958740234375,164.6339111328125,163.73797607421875,0.013004284431021347,161.08014221191405,164.0166830444336,0.023506818028351084
2016-03-01,167.44850158691406,167.5330297386058,164.354956954464,164.82828365069315,141799700,0.023506818028351084,163.60272216796875,162.55470275878906,163.67881774902344,0.012993213884313284,161.26862640380858,163.86979400634766,0.004492748934859625
2016-03-02,168.2008056640625,168.25151741126524,166.7216528504338,167.13582028123787,102415000,0.004492748934859625,167.44850158691406,163.29843139648438,160.7289276123047,0.013001573330631976,161.6422203063965,163.7912222290039,0.003919639364511784
2016-03-03,168.86009216308594,168.8770003786833,167.4485592446589,168.02330960307438,95172200,0.003919639364511784,168.2008056640625,165.2762451171875,161.69253540039062,0.01270097559740951,162.00059814453124,163.7871649169922,0.0032535378440081697
2016-03-04,169.40948486328125,170.1871080063001,168.22616772771258,169.05448972261064,129293600,0.0032535378440081697,168.86009216308594,164.8958740234375,161.94606018066406,0.012688597133112843,162.3737693786621,163.76620422363283,0.0007980242145406713
2016-03-07,169.544677734375,169.9503974086945,168.41207266223464,168.48814026472485,100219000,0.0007980242145406713,169.40948486328125,163.60272216796875,158.86097717285156,0.01222255139557338,162.90795440673827,163.71701171875,-0.010917554053178402
2016-03-08,167.69366455078125,168.97841805089885,167.53308164830707,168.47128767517106,123974900,-0.010917554053178402,169.544677734375,167.44850158691406,156.7226104736328,0.012045037867819257,163.4565071105957,163.58819763183592,0.004939776006708696
2016-03-09,168.52203369140625,168.86856833793735,167.71905452980644,168.5051254729537,94801200,0.004939776006708696,167.69366455078125,168.2008056640625,156.73101806640625,0.011856554218681457,164.0460578918457,163.4817007446289,0.0008024983113399387
2016-03-10,168.6572723388672,169.95048674693686,166.83158443345968,169.01228046481114,156838700,0.0008024983113399387,168.52203369140625,168.86009216308594,156.5957489013672,0.011620554532357864,164.6491340637207,163.38585205078124,0.016136525396487578
2016-03-11,171.37881469726562,171.42107877289033,168.64027799850288,170.1109698116354,137964500,0.016136525396487578,168.6572723388672,169.40948486328125,154.55874633789062,0.011891746159632578,165.49013748168946,163.3074136352539,-0.0012816652334928236
2016-03-14,171.15916442871094,171.61558319242258,170.54214981754,170.87178917388536,73612000,-0.0012816652334928236,171.37881469726562,169.544677734375,157.74533081054688,0.01115609355645193,166.16082916259765,163.24943267822266,-0.0016299240613895094
2016-03-15,170.88018798828125,171.1844713761723,169.93353429137107,170.19555358982376,93169100,-0.0016299240613895094,171.15916442871094,167.69366455078125,160.4077911376953,0.011165943869129644,166.68444900512696,163.22069580078124,0.005787314431076718
2016-03-16,171.86912536621094,172.2748451944404,170.3561688104932,170.39843290474928,129303200,0.005787314431076718,170.88018798828125,168.52203369140625,163.02796936035156,0.010560501227130821,167.12650680541992,163.2599154663086,0.00634387805336023
2016-03-17,172.95944213867188,173.466572468125,171.38731361270996,171.7845727975683,134278500,0.00634387805336023,171.86912536621094,168.6572723388672,162.3602294921875,0.010564910147605001,167.65646743774414,163.31519409179688,0.003929662542886847
2016-03-18,173.6391143798828,173.97894501049038,173.14635089090652,173.4606948724039,138372400,0.003929662542886847,172.95944213867188,171.37881469726562,162.28419494628906,0.010568052907030626,168.22421340942384,163.42700286865235,0.0014188531718961617
2016-03-21,173.88548278808594,174.11487558474272,173.14634406561157,173.37573686226835,72926700,0.0014188531718961617,173.6391143798828,171.15916442871094,164.6339111328125,0.009767155413117706,168.6867919921875,163.6243746948242,-0.0005373929020436874
2016-03-22,173.7920379638672,174.36126141225773,172.9509525979609,173.11236372451606,97471900,-0.0005373929020436874,173.88548278808594,170.88018798828125,162.55470275878906,0.009286430983165927,169.2486587524414,163.8558840942383,-0.006599596914211858
2016-03-23,172.64508056640625,173.596616617055,172.47515230275633,173.4097058980052,81052500,-0.006599596914211858,173.7920379638672,171.86912536621094,163.29843139648438,0.009449426739356651,169.7159912109375,164.0612417602539,-0.0004429726611980822
2016-03-24,172.568603515625,172.60259435302078,171.39617889959257,171.61706748784076,84360900,-0.0004429726611980822,172.64508056640625,172.95944213867188,165.2762451171875,0.009443397496919971,170.0806091308594,164.2388687133789,0.0005908330161945585
2016-03-28,172.67056274414062,173.19730404944426,172.22028137727668,172.98490668908556,62408200,0.0005908330161945585,172.568603515625,173.6391143798828,164.8958740234375,0.008947677917781215,170.46934356689454,164.5001840209961,0.009249975565868818
2016-03-29,174.26776123046875,174.3782119930276,171.9568771891286,172.26272987000317,92922900,0.009249975565868818,172.67056274414062,173.88548278808594,163.60272216796875,0.00843423579419691,171.00259552001953,164.7410397338867,0.004388041760953643
2016-03-30,175.03245544433594,175.75459883610552,174.66712517015125,175.27033949853163,86365300,0.004388041760953643,174.26776123046875,173.7920379638672,167.44850158691406,0.008043138442219796,171.3817932128906,165.06683624267578,-0.0024270052455219737
2016-03-31,174.60765075683594,175.36378494996055,174.44622666554395,174.93899016812185,94584100,-0.0024270052455219737,175.03245544433594,172.64508056640625,168.2008056640625,0.007687585513879316,171.7021354675293,165.37990997314452,0.006811973027907481
2016-04-01,175.7970733642578,175.9839841079192,173.2992779386992,173.6136348968796,114423500,0.006811973027907481,174.60765075683594,172.568603515625,168.86009216308594,0.007631501053285489,172.0489845275879,165.7575112915039,-0.003238076572447457
2016-04-04,175.2278289794922,175.9244985706201,174.92197625036152,175.72059242996414,63497000,-0.003238076572447457,175.7970733642578,172.67056274414062,169.40948486328125,0.007687476025591255,172.33990173339845,166.10614807128906,-0.009987956004890775
2016-04-05,173.4776611328125,175.2363044443393,173.22278172084626,173.88546041373525,99662200,-0.009987956004890775,175.2278289794922,174.26776123046875,169.544677734375,0.007680483465280872,172.53655090332032,166.35503662109375,0.010921158459225033
2016-04-06,175.3722381591797,175.43171563832263,173.29923799902537,173.47765747274903,91839800,0.010921158459225033,173.4776611328125,175.03245544433594,167.69366455078125,0.007354169436046528,172.92047958374025,166.69050079345703,-0.011965689262211199
2016-04-07,173.27378845214844,174.64162816452992,172.54314091080727,174.2848021043923,113859000,-0.011965689262211199,175.3722381591797,174.60765075683594,168.52203369140625,0.007804097670425274,173.15806732177734,166.94072174072267,0.002696714267259148
2016-04-08,173.74105834960938,174.88800939705797,173.20581279897235,174.45471044132043,95040600,0.002696714267259148,173.27378845214844,175.7970733642578,168.6572723388672,0.007569550469021292,173.41225662231446,167.23527923583984,-0.0023473836175317286
2016-04-11,173.33322143554688,175.07488218190852,173.23976608924343,174.37821269788202,83757500,-0.0023473836175317286,173.74105834960938,175.2278289794922,171.37881469726562,0.007570391517225321,173.5099769592285,167.5051141357422,0.009312943821973452
2016-04-12,174.9474639892578,175.22783007301945,173.0613743084662,173.50316446745788,115350600,0.009312943821973452,173.33322143554688,173.4776611328125,171.15916442871094,0.007472637795551291,173.69939193725585,167.72930389404297,0.010101037412092895
2016-04-13,176.71461486816406,176.79957900310268,175.72908794318658,175.8650253736056,96336400,0.010101037412092895,174.9474639892578,175.3722381591797,170.88018798828125,0.006495477435004206,173.99111328125,167.99001983642577,4.818166456255213e-05
2016-04-14,176.72312927246094,177.22439699240624,176.37480738642867,176.7741155383348,65212900,4.818166456255213e-05,176.71461486816406,173.27378845214844,171.86912536621094,0.006483025949916069,174.2338134765625,168.3099038696289,-0.001106139006730178
2016-04-15,176.52764892578125,176.8589882064704,176.2048008704472,176.72305081857155,75761600,-0.001106139006730178,176.72312927246094,173.74105834960938,172.95944213867188,0.00648780022856319,174.41222381591797,168.6066061401367,0.00702693320618808
2016-04-18,177.76809692382812,177.80207479698296,175.8650119345109,176.52769065252997,82531000,0.00702693320618808,176.52764892578125,173.33322143554688,173.6391143798828,0.006559121078365174,174.61867294311523,168.923046875,0.003154277905720093
2016-04-19,178.32882690429688,178.58370634137805,177.5132282620851,178.1929024397327,88316100,0.003154277905720093,177.76809692382812,174.9474639892578,173.88548278808594,0.006562953197962255,174.8408401489258,169.3124038696289,0.0009527714568666745
2016-04-20,178.4987335205078,179.19539006940838,177.89551935803937,178.37128733557245,81100300,0.0009527714568666745,178.32882690429688,176.71461486816406,173.7920379638672,0.0061184157188471705,175.0761749267578,169.7479263305664,-0.005378227032388994
2016-04-21,177.53872680664062,178.62620037826784,177.26685193188004,178.5157495899329,85695000,-0.005378227032388994,178.4987335205078,176.72312927246094,172.64508056640625,0.00624212674945559,175.32085723876952,170.1640805053711,0.0
2016-04-22,177.53872680664062,177.81058871769366,176.6381639704844,177.18190075629803,99251700,0.0,177.53872680664062,176.52764892578125,172.568603515625,0.0062480780651175995,175.56936340332032,170.58294006347657,-0.0017227067776702798
2016-04-25,177.23287963867188,177.2753617096552,176.32381258171915,176.9355181054966,66166500,-0.0017227067776702798,177.53872680664062,177.76809692382812,172.67056274414062,0.0056504255563805525,175.79747924804687,171.0364227294922,0.0014859062323344663
2016-04-26,177.49623107910156,178.0059899481992,177.0204630485873,177.59817766743848,75864200,0.0014859062323344663,177.23287963867188,178.32882690429688,174.26776123046875,0.00563216089321795,175.95890274047852,171.4314407348633,0.0020582179436337
2016-04-27,177.86155700683594,178.25236089517963,176.75708812621428,177.11391414050013,77329400,0.0020582179436337,177.49623107910156,178.4987335205078,175.03245544433594,0.005607828933473874,176.10035781860353,171.7805160522461,-0.009075665721686943
2016-04-28,176.24734497070312,178.2098947059655,175.83105439880347,177.1054386906577,97216200,-0.009075665721686943,177.86155700683594,177.53872680664062,174.60765075683594,0.0058535313545225905,176.18234252929688,172.04490356445314,-0.005398878979400612
2016-04-29,175.29580688476562,175.97548109221796,174.191337918119,175.6271462783889,142424100,-0.005398878979400612,176.24734497070312,177.53872680664062,175.7970733642578,0.005866467191197677,176.15727920532225,172.3036151123047,0.007948339276540262
2016-05-02,176.68911743164062,176.8675239549284,175.3637599752499,175.79704592408345,62188000,0.007948339276540262,175.29580688476562,177.23287963867188,175.2278289794922,0.0059928518628079705,176.2303436279297,172.5917135620117,-0.008703054312026337
2016-05-03,175.15138244628906,175.6951192326224,174.4037395036904,175.45723519883327,106422100,-0.008703054312026337,176.68911743164062,177.49623107910156,173.4776611328125,0.006225458318330531,176.31402969360352,172.80206298828125,-0.005578234717962038
2016-05-04,174.17434692382812,174.88801198982688,173.6730922065313,174.15736446689803,92243800,-0.005578234717962038,175.15138244628906,177.86155700683594,175.3722381591797,0.006315119564556568,176.25413513183594,173.03445587158203,-0.0001950118662881195
2016-05-05,174.140380859375,174.9984616860268,173.71558606056962,174.6416356106753,67619200,-0.0001950118662881195,174.17434692382812,176.24734497070312,173.27378845214844,0.00618806477274706,176.29746475219727,173.25129486083983,0.0036591572161803754
2016-05-06,174.777587890625,174.8200699668526,173.21434600964184,173.36726592760976,89315000,0.0036591572161803754,174.140380859375,175.29580688476562,173.74105834960938,0.00621620221126674,176.34929122924805,173.4413217163086,0.0008261581055164502
2016-05-09,174.92198181152344,175.35526779002257,174.47170041316932,174.65011991237895,74374900,0.0008261581055164502,174.777587890625,176.68911743164062,173.33322143554688,0.006216543990321374,176.42872924804686,173.64184387207033,0.012433783302004064
2016-05-10,177.096923828125,177.1139192474971,175.55916894946716,175.62713766324902,77472200,0.012433783302004064,174.92198181152344,175.15138244628906,174.9474639892578,0.006396515731571423,176.53620223999025,173.91172790527344,-0.009354980569046378
2016-05-11,175.440185546875,177.17334196640778,175.440185546875,176.6381095376849,81727000,-0.009354980569046378,177.096923828125,174.17434692382812,176.71461486816406,0.006601499446690226,176.47248077392578,174.07156158447265,0.00029075511791631925
2016-05-12,175.49119567871094,176.2813206126645,174.48018215348213,176.1113923507691,89586300,0.00029075511791631925,175.440185546875,174.140380859375,176.72312927246094,0.006584270674806549,176.41088409423827,174.21736938476562,-0.008714205584544832
2016-05-13,173.96192932128906,175.74607233337468,173.63909414893814,175.19384438205137,96474600,-0.008714205584544832,175.49119567871094,174.777587890625,176.52764892578125,0.006655566518819784,176.28259811401367,174.31940612792968,0.00986512401049433
2016-05-16,175.67808532714844,176.15385329050272,174.07236196897537,174.131839446247,77486800,0.00986512401049433,173.96192932128906,174.92198181152344,177.76809692382812,0.006884057377809718,176.1780975341797,174.44477813720704,-0.009333342250603893
2016-05-17,174.03842163085938,175.69511863327767,173.51166730323104,175.40626130233449,114924900,-0.009333342250603893,175.67808532714844,177.096923828125,178.32882690429688,0.006851913610784373,175.9635772705078,174.5346530151367,0.0002928339328245322
2016-05-18,174.08938598632812,175.27031486213005,173.00191247323167,173.6900778878326,120062100,0.0002928339328245322,174.03842163085938,175.440185546875,178.4987335205078,0.006542514931918841,175.74310989379882,174.66256744384765,-0.0034648590838103344
2016-05-19,173.48619079589844,173.77504814372764,172.279775139928,173.36724877245652,115430500,-0.0034648590838103344,174.08938598632812,175.49119567871094,177.53872680664062,0.006191088875780173,175.5404830932617,174.7618505859375,0.00631711378184141
2016-05-20,174.58212280273438,175.10037283251347,174.04687735586444,174.09785064343208,104990400,0.00631711378184141,173.48619079589844,173.96192932128906,177.53872680664062,0.006278932709857051,175.3926528930664,174.88034759521486,-0.0013624190156915628
2016-05-23,174.34426879882812,174.8795013740327,174.15735806980203,174.59913528049358,58682600,-0.0013624190156915628,174.58212280273438,175.67808532714844,177.23287963867188,0.006267826653401917,175.24822235107422,174.9396566772461,0.01296230136884624
2016-05-24,176.6041717529297,176.91852869488514,175.13438549336922,175.15987214221596,93537800,0.01296230136884624,174.34426879882812,174.03842163085938,177.49623107910156,0.006482274712725477,175.20361938476563,175.04855682373048,0.00678317505089665
2016-05-25,177.80210876464844,178.21841233163534,176.60418432871938,177.28385859501512,76621400,0.00678317505089665,176.6041717529297,174.08938598632812,177.86155700683594,0.006336565836921628,175.20064697265624,175.1869952392578,0.00028646363220619087
2016-05-26,177.85304260253906,178.16739949712752,177.53869867165608,177.93800672836414,55280700,0.00028646363220619087,177.80210876464844,173.48619079589844,176.24734497070312,0.006336487309795666,175.28093185424805,175.30667358398438,0.004299327277795362
2016-05-27,178.61769104003906,178.62618226762407,177.96350353221763,178.01447682514024,64211200,0.004299327277795362,177.85304260253906,174.58212280273438,175.29580688476562,0.006373872390167676,175.44702606201173,175.4198385620117,-0.0019023758041785133
2016-05-31,178.27789306640625,179.00004947068078,177.7171607734667,178.8895986653022,109879400,-0.0019023758041785133,178.61769104003906,174.34426879882812,176.68911743164062,0.006261824943259024,175.52646484375,175.51261413574218,0.0020494504271793
2016-06-01,178.6432647705078,178.8216713827056,177.47082660692922,177.66622864628815,69936200,0.0020494504271793,178.27789306640625,176.6041717529297,175.15138244628906,0.006246560301660215,175.70105895996093,175.60776977539064,0.0030435022141666046
2016-06-02,179.1869659423828,179.20394840243617,177.76815270533007,178.2439208610232,63044700,0.0030435022141666046,178.6432647705078,177.80210876464844,174.17434692382812,0.00626828648750324,175.95168991088866,175.71566833496092,-0.0029871763200429724
2016-06-03,178.65170288085938,179.00003773366728,177.44528718539402,178.62621622955234,101757100,-0.0029871763200429724,179.1869659423828,177.85304260253906,174.140380859375,0.006210542168763049,176.1772560119629,175.83580078125,0.0050880935774648695
2016-06-06,179.56069946289062,179.91752540474565,178.84703461547696,179.00845865282406,64887000,0.0050880935774648695,178.65170288085938,178.61769104003906,174.777587890625,0.006273288676607071,176.41641159057616,175.97564270019532,0.0015616488877596701
2016-06-07,179.8411102294922,180.40184244536616,179.68819033263986,179.71367698211526,60974800,0.0015616488877596701,179.56069946289062,178.27789306640625,174.92198181152344,0.006263680062091535,176.6623680114746,176.11905364990236,0.003259781231516934
2016-06-08,180.42735290527344,180.5547991331768,179.84963815598184,179.97707142017572,66170900,0.003259781231516934,179.8411102294922,178.6432647705078,177.096923828125,0.00628159605548921,176.82888946533203,176.24224548339845,-0.0013655560702126035
2016-06-09,180.18096923828125,180.29991126724124,179.42483499052656,179.69669692941702,73786900,-0.0013655560702126035,180.42735290527344,179.1869659423828,175.440185546875,0.006284635817495861,177.06592864990233,176.34521575927735,-0.009477454070597524
2016-06-10,178.4733123779297,179.14448252891103,177.92956253123813,178.80465183843867,113829200,-0.009477454070597524,180.18096923828125,178.65170288085938,175.49119567871094,0.00630602958904617,177.21503448486328,176.4225289916992,-0.007712013249858263
2016-06-13,177.096923828125,178.72813406776956,177.01197265867765,177.8700533632236,117751200,-0.007712013249858263,178.4733123779297,179.56069946289062,173.96192932128906,0.00639339057289291,177.37178421020508,176.44852600097656,-0.00196678954326579
2016-06-14,176.7486114501953,177.34333453029458,175.7970752639697,176.71463357084795,125059300,-0.00196678954326579,177.096923828125,179.8411102294922,175.67808532714844,0.006242105918829475,177.42531051635743,176.47894165039062,-0.0013939779496463522
2016-06-15,176.50222778320312,177.87006746772474,176.3153170464083,176.74860304695576,109124500,-0.0013939779496463522,176.7486114501953,180.42735290527344,174.03842163085938,0.006028475080213639,177.54850082397462,176.53943298339843,0.00298420108495967
2016-06-16,177.02894592285156,177.19887418033667,174.66708833731502,176.50220462302434,149533100,0.00298420108495967,176.50222778320312,180.18096923828125,174.08938598632812,0.005943965614563044,177.6954788208008,176.57256713867187,-0.0037240010553563074
2016-06-17,176.36968994140625,176.95040897544104,175.71210030370543,176.9247897845939,117055700,-0.0037240010553563074,177.02894592285156,178.4733123779297,173.48619079589844,0.005994112529693259,177.83965377807618,176.63448516845702,0.006440073351672515
2016-06-20,177.50552368164062,179.00857269505818,177.42011769051902,178.33391227724638,82789600,0.006440073351672515,176.36968994140625,177.096923828125,174.58212280273438,0.006066653295573746,177.98582382202147,176.70977447509765,0.0028384762591806556
2016-06-21,178.00936889648438,178.419288947969,177.44572068124083,177.88980833850454,72461700,0.0028384762591806556,177.50552368164062,176.7486114501953,174.34426879882812,0.006081100841240996,178.1690788269043,176.8032974243164,-0.0016311472753951506
2016-06-22,177.71900939941406,178.91461497918837,177.57381662154108,178.18870321431743,95560500,-0.0016311472753951506,178.00936889648438,176.50222778320312,176.6041717529297,0.005665363613417632,178.2248207092285,176.85872833251952,0.013022588748872854
2016-06-23,180.0333709716797,180.08460935149466,178.71820477564012,179.17936322509908,102731400,0.013022588748872854,177.71900939941406,177.02894592285156,177.80210876464844,0.005843501220009218,178.33638381958008,176.92510345458984,-0.03590905650612908
2016-06-24,173.56854248046875,180.06754207953452,173.1244547948989,173.90160498686507,333444400,-0.03590905650612908,180.0333709716797,176.36968994140625,177.85304260253906,0.008904732624056175,178.12215881347657,176.86201171875,-0.017909909003860025
2016-06-27,170.45994567871094,172.16796111424463,169.64862792193355,172.15941269714784,230775800,-0.017909909003860025,173.56854248046875,177.50552368164062,178.61769104003906,0.009350463287033655,177.71427154541016,176.7406576538086,0.01803591948376826
2016-06-28,173.5343475341797,173.55996672054923,171.75801010286608,172.06545337042272,159382400,0.01803591948376826,170.45994567871094,178.00936889648438,178.27789306640625,0.00977616164563129,177.47709426879882,176.65598266601563,0.017027724260462396
2016-06-29,176.48924255371094,176.71981526094208,174.83246545427784,174.93494221304724,137328600,0.017027724260462396,173.5343475341797,177.71900939941406,178.6432647705078,0.01012066398202403,177.369393157959,176.61919097900392,0.01364530135956743
2016-06-30,178.89749145507812,178.94872982124562,176.4037910630026,176.95890376909844,165021900,0.01364530135956743,176.48924255371094,180.0333709716797,179.1869659423828,0.010400245125288183,177.35491943359375,176.62716613769533,0.0021006077501406484
2016-07-01,179.27328491210938,179.76007552914442,178.73525592088592,178.8975194598976,106055300,0.0021006077501406484,178.89749145507812,173.56854248046875,178.65170288085938,0.010368158714147575,177.38599853515626,176.6618572998047,-0.007193212206058619
2016-07-05,177.98373413085938,178.55591768190934,177.38593139327895,178.4448925195293,109803700,-0.007193212206058619,179.27328491210938,170.45994567871094,179.56069946289062,0.0104290740604479,177.3071502685547,176.67075744628906,0.005997937989129509
2016-07-06,179.05126953125,179.17083009603255,176.83084414971785,177.488433771584,96021500,0.005997937989129509,177.98373413085938,173.5343475341797,179.8411102294922,0.010465481797327956,177.26765823364258,176.70712524414063,-0.0006201475605199791
2016-07-07,178.9402313232422,179.89671577185584,178.1716296100524,179.23059081212514,85593800,-0.0006201475605199791,179.05126953125,176.48924255371094,180.42735290527344,0.010218409145595323,177.19330215454102,176.73600524902344,0.014890389524983672
2016-07-08,181.60472106933597,181.85239058459533,180.0077309381104,180.23831665170167,133971000,0.014890389524983672,178.9402313232422,178.89749145507812,180.18096923828125,0.010494090906626799,177.26448974609374,176.81086853027344,0.0035269908442081555
2016-07-11,182.2452392578125,182.8174358882521,181.8609383963164,182.06590493697192,73633900,0.0035269908442081555,181.60472106933597,179.27328491210938,178.4733123779297,0.010505727420573863,177.45308609008788,176.93082641601563,0.0072634570545757615
2016-07-12,183.5689697265625,183.8678776620478,182.27087425209356,183.21028802265488,101275600,0.0072634570545757615,182.2452392578125,177.98373413085938,177.096923828125,0.010552950325096165,177.77668838500978,177.09628967285155,-0.00013981275398222692
2016-07-13,183.54330444335935,183.99592741065825,183.05652690712836,183.98739202620555,87324100,-0.00013981275398222692,183.5689697265625,179.05126953125,176.7486114501953,0.01054132974857287,178.11642303466797,177.23337341308593,0.005583897969305918
2016-07-14,184.5681915283203,185.0378985007962,184.17535517397832,184.8073127086486,91230900,0.005583897969305918,183.54330444335935,178.9402313232422,176.50222778320312,0.010572880015544467,178.51972122192382,177.42170959472656,-0.001342029310687387
2016-07-15,184.32049560546875,185.3282185029604,183.87640792347915,185.13180036772675,107155400,-0.001342029310687387,184.5681915283203,181.60472106933597,177.02894592285156,0.010576009781078258,178.8842987060547,177.62463256835937,0.002687334411291209
2016-07-18,184.8158264160156,184.9780899788608,184.1838559689145,184.4400609086109,58725900,0.002687334411291209,184.32049560546875,182.2452392578125,176.36968994140625,0.010553024546421298,179.30660552978514,177.83814147949218,-0.0010166701205157613
2016-07-19,184.6279296875,184.6620842623495,184.1496874528655,184.39734395611424,54345700,-0.0010166701205157613,184.8158264160156,183.5689697265625,177.50552368164062,0.010534020890579122,179.66272583007813,178.0351483154297,0.0041628043362123
2016-07-20,185.39649963378903,185.63562071011253,184.6278980357667,184.6278980357667,58159500,0.0041628043362123,184.6279296875,183.54330444335935,178.00936889648438,0.010549648609408702,180.03208236694337,178.244638671875,-0.003777074265368663
2016-07-21,184.6962432861328,185.5075479701267,184.252155646983,185.28551066611325,67777300,-0.003777074265368663,185.39649963378903,184.5681915283203,177.71900939941406,0.010577448049895423,180.3809440612793,178.39662506103517,0.004485117751586998
2016-07-22,185.52462768554688,185.57586605987336,184.5510594799756,184.8157997680776,62787500,0.004485117751586998,184.6962432861328,184.32049560546875,180.0333709716797,0.010589418853621455,180.65550689697267,178.5983139038086,-0.002716032892759568
2016-07-25,185.02073669433597,185.37088292903692,184.44001779581652,185.31964455929952,55873100,-0.002716032892759568,185.52462768554688,184.8158264160156,173.56854248046875,0.01042882190568539,181.228116607666,178.7889047241211,0.0004617534309252491
2016-07-26,185.10617065429688,185.4648523278161,184.2606983324223,184.9182879161025,70080500,0.0004617534309252491,185.02073669433597,184.6279296875,170.45994567871094,0.01029236291074803,181.9604278564453,179.01178955078126,-0.0010612377193923717
2016-07-27,184.90972900390625,185.55023470322453,184.1411143460512,185.4819125315626,84083900,-0.0010612377193923717,185.10617065429688,185.39649963378903,173.5343475341797,0.010283086355150652,182.52919692993163,179.1964224243164,0.0011549528132954734
2016-07-28,185.123291015625,185.41365056613023,184.2521993329832,184.71335785254297,65035700,0.0011549528132954734,184.90972900390625,184.6962432861328,176.48924255371094,0.010268379892347902,182.96089935302734,179.41811981201172,0.0016142938154868336
2016-07-29,185.4221343994141,185.78081604403943,184.5766751767694,184.8584992613584,79519400,0.0016142938154868336,185.123291015625,185.52462768554688,178.89749145507812,0.01026525222125646,183.28713150024413,179.64477478027345,-0.0008290112801988547
2016-08-01,185.26841735839844,185.8747554783394,184.8157943569364,185.4819192659229,73311400,-0.0008290112801988547,185.4221343994141,185.02073669433597,179.27328491210938,0.01022704641306977,183.5868881225586,179.88041931152344,-0.006407065998965233
2016-08-02,184.08139038085935,185.17451936087704,183.24446635609203,185.0207911752767,92295500,-0.006407065998965233,185.26841735839844,185.10617065429688,177.98373413085938,0.01029020335654977,183.8917709350586,180.07040466308592,0.0029227555334661037
2016-08-03,184.61941528320312,184.67920208910888,183.722717443625,184.0216123797757,53993600,0.0029227555334661037,184.08139038085935,184.90972900390625,179.05126953125,0.010290659262456436,184.17017822265626,180.27590759277345,0.0010638704088146156
2016-08-04,184.8158264160156,185.13180512400396,182.97116648755107,184.730420425742,46585500,0.0010638704088146156,184.61941528320312,185.123291015625,178.9402313232422,0.010276233754431072,184.4639579772949,180.44014068603516,0.008178605013668294
2016-08-05,186.32736206054688,186.3700650445132,184.81577807088328,184.81577807088328,71892200,0.008178605013668294,184.8158264160156,185.4221343994141,181.60472106933597,0.01012354702769548,184.70009002685546,180.61064575195311,-0.0005956850910847633
2016-08-08,186.21636962890625,186.61775426461165,185.9516293438926,186.5152644860316,39906500,-0.0005956850910847633,186.32736206054688,185.26841735839844,182.2452392578125,0.007327207825702875,184.89864654541014,180.77791229248047,0.0005960401433118268
2016-08-09,186.32736206054688,186.82268800608992,186.0028480508692,186.28467210770165,51251700,0.0005960401433118268,186.21636962890625,184.08139038085935,183.5689697265625,0.006262338416489721,185.03656616210938,180.93210571289063,-0.002474869279306402
2016-08-10,185.86622619628903,186.5152673252711,185.51607992898232,186.438409763508,57941100,-0.002474869279306402,186.32736206054688,184.61941528320312,183.54330444335935,0.005653055441150438,185.15271224975587,181.08387237548828,0.004640368563021857
2016-08-11,186.7287139892578,186.97638343426493,186.1309114116664,186.39565162237693,72504300,0.004640368563021857,185.86622619628903,184.8158264160156,184.5681915283203,0.004949288825928953,185.26073837280273,181.24558135986328,-0.0008686448070526209
2016-08-12,186.56651306152344,186.7800149695705,186.1651284319052,186.4213202966638,61313500,-0.0008686448070526209,186.7287139892578,186.32736206054688,184.32049560546875,0.004444561957549732,185.37303924560547,181.3931723022461,0.0028836599662886986
2016-08-15,187.10450744628903,187.45465366260396,186.9251731616249,186.93370854575917,49813500,0.0028836599662886986,186.56651306152344,186.21636962890625,184.8158264160156,0.004451054245417983,185.48747329711915,181.56222839355468,-0.005157444319605964
2016-08-16,186.1395263671875,186.75439993028863,186.1395263671875,186.68609078081792,53213600,-0.005157444319605964,187.10450744628903,186.32736206054688,184.6279296875,0.004328803603366111,185.56305313110352,181.6938049316406,0.0018809165461635136
2016-08-17,186.48963928222656,186.62628362850955,185.33673681715916,186.1736606336789,75134300,0.0018809165461635136,186.1395263671875,185.86622619628903,185.39649963378903,0.0042458747327271396,185.6177101135254,181.82677551269532,0.002244107550574581
2016-08-18,186.90814208984372,186.94229666713656,186.35304224874525,186.46405439829024,52989300,0.002244107550574581,186.48963928222656,186.7287139892578,184.6962432861328,0.004231844580277711,185.72830505371093,181.95639129638673,-0.0014622165082943672
2016-08-19,186.6348419189453,186.8141892743431,185.95164616592663,186.43842379150863,75443000,-0.0014622165082943672,186.90814208984372,186.56651306152344,185.52462768554688,0.0034172882355014496,185.78381576538087,182.08546875,-4.5620658015055326e-05
2016-08-22,186.62632751464844,186.85691327433415,186.02852464798647,186.3957417549627,61368800,-4.5620658015055326e-05,186.6348419189453,187.10450744628903,185.02073669433597,0.003385289710944429,185.86409530639648,182.24852905273437,0.002013287336672942
2016-08-23,187.00205993652344,187.5400889368396,186.94227314487813,187.2411810408589,53399200,0.002013287336672942,186.62632751464844,186.1395263671875,185.10617065429688,0.0031682588896653173,185.95888977050782,182.44663177490236,-0.0051148203068908105
2016-08-24,186.0455780029297,186.9508240573024,185.62710954919456,186.8568826914077,71728900,-0.0051148203068908105,187.00205993652344,186.48963928222656,184.90972900390625,0.003335341280218143,186.01568222045898,182.63257110595703,-0.0006885277014091473
2016-08-25,185.91748046875,186.33594894822625,185.5075604065047,185.66127554317524,69224800,-0.0006885277014091473,186.0455780029297,186.90814208984372,185.123291015625,0.003196573066124435,186.05539169311524,182.82087615966796,-0.0018834912635026235
2016-08-26,185.5673065185547,187.1301419974332,184.6791443441884,186.10533547897305,122506300,-0.0018834912635026235,185.91748046875,186.6348419189453,185.4221343994141,0.003207369397323847,186.06265029907226,182.99164337158203,0.004924457742687682
2016-08-29,186.4811248779297,186.7458651841872,185.66127173911343,185.69543934508937,70502200,0.004924457742687682,185.5673065185547,186.62632751464844,185.26841735839844,0.003291384922280135,186.12328567504883,183.1938720703125,-0.0016487706185311923
2016-08-30,186.1736602783203,186.6775216442648,185.618560540398,186.3956975672648,58114500,-0.0016487706185311923,186.4811248779297,187.00205993652344,184.08139038085935,0.0033021383518789613,186.22789916992187,183.3672348022461,-0.0028440112295002873
2016-08-31,185.6441802978516,185.96015894676876,184.8670302374704,185.8405984014118,85269500,-0.0028440112295002873,186.1736602783203,186.0455780029297,184.61941528320312,0.0032658696963872953,186.2791374206543,183.51993103027343,4.594629937892947e-05
2016-09-01,185.6527099609375,185.9430694148379,184.49125911421413,185.6356261603781,97844200,4.594629937892947e-05,185.6441802978516,185.91748046875,184.8158264160156,0.0031849874796393888,186.32098159790038,183.6786050415039,0.0045080371919437034
2016-09-02,186.48963928222656,186.91664309101935,185.9174557421788,186.50672308329248,79293900,0.0045080371919437034,185.6527099609375,185.5673065185547,186.32736206054688,0.003186059046062339,186.32909545898437,183.80773040771484,0.003022553579530518
2016-09-06,187.0533142089844,187.1301717780979,186.0541267171368,186.77149009111085,56702100,0.003022553579530518,186.48963928222656,186.4811248779297,186.21636962890625,0.003178582548928711,186.37094268798828,184.07742584228515,-9.111876715406364e-05
2016-09-07,187.0362701416016,187.2156175387597,186.42993181494552,186.8910903587244,76554900,-9.111876715406364e-05,187.0533142089844,186.1736602783203,186.32736206054688,0.0031796296420278096,186.40638809204103,184.40895233154296,-0.0022833980101667484
2016-09-08,186.60919189453125,186.9764219306653,186.3017486440252,186.70313324971704,74102900,-0.0022833980101667484,187.0362701416016,185.6441802978516,185.86622619628903,0.0032060634148936085,186.44353637695312,184.67044921875,-0.023934594860674285
2016-09-09,182.1427764892578,185.34530563284395,182.11715729859907,185.29406725152649,221589100,-0.023934594860674285,186.60919189453125,185.6527099609375,186.7287139892578,0.0054589016621313146,186.21423950195313,184.78351989746093,0.014347013954785215
2016-09-12,184.7559814453125,185.15736601719664,181.3143322251216,181.38265438960408,168110900,0.014347013954785215,182.1427764892578,186.48963928222656,186.56651306152344,0.006089615378111067,186.12371292114258,184.90068969726562,-0.014375419964440694
2016-09-13,182.10003662109372,183.7397296468542,181.47661472276025,183.4749893762381,182828800,-0.014375419964440694,184.7559814453125,187.0533142089844,187.10450744628903,0.006624162364850894,185.8734893798828,184.9572247314453,-0.00037522703833403614
2016-09-14,182.03170776367188,183.3554220992557,181.4766080573567,182.15126830185304,134185500,-0.00037522703833403614,182.10003662109372,187.0362701416016,186.1395263671875,0.006531252958102616,185.66809844970703,185.03818420410155,0.009993185035914731
2016-09-15,183.8507843017578,184.2350851766038,181.6901457728944,181.8694931310886,134427900,0.009993185035914731,182.03170776367188,186.60919189453125,186.48963928222656,0.006776477888112737,185.5361557006836,185.13417449951172,-0.003865598735812492
2016-09-16,183.1400909423828,183.41476016392667,182.4534440824219,183.23450685016985,155236400,-0.003865598735812492,183.8507843017578,182.1427764892578,186.90814208984372,0.006806561652368613,185.34775314331054,185.21817169189453,0.00018763118873632578
2016-09-19,183.1744537353516,184.43618779641704,182.84828726877788,183.7924464630959,80250500,0.00018763118873632578,183.1400909423828,184.7559814453125,186.6348419189453,0.006617830299691768,185.17473373413085,185.24956634521484,4.673239357044778e-05
2016-09-20,183.1830139160156,184.1872487239176,183.14868681099705,184.0327571059094,69665300,4.673239357044778e-05,183.1744537353516,182.10003662109372,186.62632751464844,0.006618708006145501,185.00256805419923,185.2683218383789,0.011245404237971934
2016-09-21,185.24298095703125,185.4232211655108,183.2001712812714,183.88683120645484,110284400,0.011245404237971934,183.1830139160156,182.03170776367188,187.00205993652344,0.006957848814291622,184.91461410522462,185.3018020629883,0.0063012743569157426
2016-09-22,186.4102478027344,186.71066555155627,186.0068487670092,186.2557562269604,76678700,0.0063012743569157426,185.24298095703125,183.8507843017578,186.0455780029297,0.007041633786508351,184.93284759521484,185.35914093017578,-0.005479110278145072
2016-09-23,185.38888549804688,186.15279119157253,185.29446959898425,186.01545659349085,73630900,-0.005479110278145072,186.4102478027344,183.1400909423828,185.91748046875,0.007060055774327702,184.9064178466797,185.3755548095703,-0.00810229367999682
2016-09-26,183.8868103027344,184.7365402400121,183.6893869199581,184.55630005202167,89827300,-0.00810229367999682,185.38888549804688,183.1744537353516,185.5673065185547,0.007205155525675098,184.82239303588867,185.36688110351562,0.006207760451526267
2016-09-27,185.02833557128903,185.12273834461288,183.35459849863577,183.7236834812991,78494800,0.006207760451526267,183.8868103027344,183.1830139160156,186.4811248779297,0.007283433862564855,184.74975357055663,185.3711312866211,0.004964037243226915
2016-09-28,185.9468231201172,186.1013278453021,184.2902684316123,185.2515845991612,87411000,0.004964037243226915,185.02833557128903,185.24298095703125,186.1736602783203,0.007287300731904771,184.7384117126465,185.39750915527344,-0.009047356885581781
2016-09-29,184.26449584960935,186.1442224638383,183.71517048673903,185.7408102180015,128070600,-0.009047356885581781,185.9468231201172,186.4102478027344,185.6441802978516,0.0074606621964962,184.66942749023437,185.37486907958984,0.007546399217354116
2016-09-30,185.655029296875,186.3588464433506,184.84820461663372,185.09711220458237,117202900,0.007546399217354116,184.26449584960935,185.38888549804688,185.6527099609375,0.007586543152174344,184.66954345703124,185.39404479980467,-0.0024045194708873785
2016-10-03,185.2086181640625,185.431777046321,184.57345551878453,185.24295835945435,83512100,-0.0024045194708873785,185.655029296875,183.8868103027344,186.48963928222656,0.007593912343267708,184.60549240112306,185.387724609375,-0.005097615455544435
2016-10-04,184.26449584960935,185.5433998945973,183.6722648793966,185.32024096800765,119948100,-0.005097615455544435,185.2086181640625,185.02833557128903,187.0533142089844,0.007645575884169903,184.4660514831543,185.37259979248046,0.004425404593159543
2016-10-05,185.07994079589844,185.5091017118305,184.82244162694883,184.89110894513215,72816000,0.004425404593159543,184.26449584960935,185.9468231201172,187.0362701416016,0.0076843723341559105,184.36823501586915,185.3720751953125,0.0006952529140149544
2016-10-06,185.2086181640625,185.431777046321,184.3159695380813,184.85670319450523,62927400,0.0006952529140149544,185.07994079589844,184.26449584960935,186.60919189453125,0.007632287658625599,184.2982063293457,185.37805297851563,-0.003429277979790757
2016-10-07,184.573486328125,185.654980015392,183.8439207661069,185.48331830062003,89788300,-0.003429277979790757,185.2086181640625,185.655029296875,182.1427764892578,0.007655670385454062,184.41974182128905,185.36705688476562,0.005208657126266392
2016-10-10,185.5348663330078,185.9983543995605,185.38895318063095,185.5348663330078,51855000,0.005208657126266392,184.573486328125,185.2086181640625,184.7559814453125,0.007711616079237457,184.45868606567382,185.3693115234375,-0.012629847013947315
2016-10-11,183.19158935546875,185.17432343207392,182.46202378771093,185.10565612623503,130367400,-0.012629847013947315,185.5348663330078,184.26449584960935,182.10003662109372,0.00798792579192804,184.51326370239258,185.3277749633789,0.0013118829777061247
2016-10-12,183.43191528320312,183.95549198417868,182.83107968438492,183.3289077850624,73866100,0.0013118829777061247,183.19158935546875,185.07994079589844,182.03170776367188,0.007992325082460505,184.58327407836913,185.31478546142577,-0.0032754936740284624
2016-10-13,182.83108520507807,183.32891332078776,181.2861167527466,182.10151967968795,101357000,-0.0032754936740284624,183.43191528320312,185.2086181640625,183.8507843017578,0.00799714366111623,184.53228912353515,185.27901885986327,0.0005166074696267842
2016-10-14,182.925537109375,184.27310861664,182.8482912909455,183.80960751216043,93346200,0.0005166074696267842,182.83108520507807,184.573486328125,183.1400909423828,0.007998668074212631,184.52156143188478,185.24121307373048,-0.0034724122237451693
2016-10-17,182.29034423828125,183.15724433290876,182.1100909409696,182.8997452354413,58275700,-0.0034724122237451693,182.925537109375,185.5348663330078,183.1744537353516,0.007960286805196844,184.47735595703125,185.16047271728516,0.006262378019483483
2016-10-18,183.43191528320312,183.94690038611375,183.0542516828997,183.8868246844009,76869700,0.006262378019483483,182.29034423828125,183.19158935546875,183.1830139160156,0.00803455558165536,184.48980102539062,185.1047836303711,0.0026672447471565164
2016-10-19,183.92117309570312,184.2301694320305,183.33752062539023,183.6980141682805,66519200,0.0026672447471565164,183.43191528320312,183.43191528320312,185.24298095703125,0.008056570964995345,184.42371063232423,185.05665985107422,-0.001866767196600394
2016-10-20,183.5778350830078,184.13573890575717,182.91692375835876,183.5692434846294,73639800,-0.001866767196600394,183.92117309570312,182.83108520507807,186.4102478027344,0.00805379964362278,184.2820899963379,185.0108920288086,0.0004675438537433685
2016-10-21,183.6636657714844,183.74950317655933,182.61651229492608,183.57784146335865,89089100,0.0004675438537433685,183.5778350830078,182.925537109375,185.38888549804688,0.006730403038045957,184.19582901000976,184.94959106445313,0.00425261922362985
2016-10-24,184.44471740722656,184.81380248424253,184.09280242836076,184.5391333016309,60146600,0.00425261922362985,183.6636657714844,182.29034423828125,183.8868103027344,0.0062382071103608844,184.22372436523438,184.9071551513672,-0.0033504942061682863
2016-10-25,183.8267364501953,184.52197485427587,183.66365324984093,184.26447575355573,66542300,-0.0033504942061682863,184.44471740722656,183.43191528320312,185.02833557128903,0.005662602557292911,184.16364440917968,184.8415997314453,-0.002007840947188977
2016-10-26,183.4576416015625,184.04129393336316,182.76239018711053,183.00273225561597,75705500,-0.002007840947188977,183.8267364501953,183.92117309570312,185.9468231201172,0.005677440860295448,184.03918533325196,184.78796203613283,-0.0026668707186511265
2016-10-27,182.9683837890625,184.2129472848537,182.8911380010425,184.17862018916017,77220200,-0.0026668707186511265,183.4576416015625,183.5778350830078,184.26449584960935,0.0053936542336767085,183.9743797302246,184.71753692626953,-0.0029548788859926622
2016-10-28,182.427734375,183.62080131508796,181.7153387096052,182.94273276369464,140623200,-0.0029548788859926622,182.9683837890625,183.6636657714844,185.655029296875,0.005374527850642455,183.81301498413086,184.62792877197265,4.667275141057026e-05
2016-10-31,182.43624877929688,182.985574049549,182.2731655886529,182.76240206363727,61272500,4.667275141057026e-05,182.427734375,184.44471740722656,185.2086181640625,0.005374314924732833,183.67439651489258,184.54395690917968,-0.0072450628304681075
2016-11-01,181.11448669433597,182.81397336688,179.90426285394787,182.7624630550544,122781800,-0.0072450628304681075,182.43624877929688,183.8267364501953,184.26449584960935,0.0055291445786371145,183.51689605712892,184.43372009277343,-0.006018778014509452
2016-11-02,180.02439880371094,181.1917168443277,179.58664635288605,180.80546160019983,103330800,-0.006018778014509452,181.11448669433597,183.4576416015625,185.07994079589844,0.005165687976674137,183.26411895751954,184.29416687011718,-0.004577016309180504
2016-11-03,179.20042419433594,180.45357978386227,178.92576802899876,180.23899933405616,88939300,-0.004577016309180504,180.02439880371094,182.9683837890625,185.2086181640625,0.005019654850963452,182.9637092590332,184.1572637939453,-0.0011015763773387643
2016-11-04,179.00302124023438,180.15316935542643,178.85710809997437,179.31201762459438,109122100,-0.0011015763773387643,179.20042419433594,182.427734375,184.573486328125,0.0049572735741758,182.68518600463867,184.018974609375,0.02205659090990464
2016-11-07,182.9512176513672,182.98555784474985,179.0029467138762,179.0029467138762,109794900,0.02205659090990464,179.00302124023438,182.43624877929688,185.5348663330078,0.006359647257584345,182.55600357055664,183.96665283203126,0.004503710667594918
2016-11-08,183.77517700195312,184.3416722122671,182.2902847963821,182.55636230812067,106772100,0.004503710667594918,182.9512176513672,181.11448669433597,183.19158935546875,0.006308301844104135,182.58518295288087,183.91253387451172,0.010602637519937508
2016-11-09,185.7236785888672,186.3416713436501,182.25605112070207,182.28179972740537,258429000,0.010602637519937508,183.77517700195312,180.02439880371094,183.43191528320312,0.006547172061627398,182.69977111816405,183.90353424072265,0.002495401791072993
2016-11-10,186.1871337890625,187.38020037818185,184.7279895796068,186.51330021241645,172113300,0.002495401791072993,185.7236785888672,179.20042419433594,182.83108520507807,0.006334028525237168,182.8675735473633,183.91439331054687,-0.0023052034263347787
2016-11-11,185.7579345703125,185.99826353882025,184.81378879315957,185.46610840811684,100552700,-0.0023052034263347787,186.1871337890625,179.00302124023438,182.925537109375,0.006202910578725863,183.00919342041016,183.91649780273437,0.0007857016590995247
2016-11-14,185.9038848876953,186.4875504259405,185.157149235758,186.2815485129806,94580000,0.0007857016590995247,185.7579345703125,182.9512176513672,182.29034423828125,0.006186936737493896,183.18987045288085,183.90478271484375,0.007802749922702246
2016-11-15,187.3544464111328,187.3544464111328,186.08413405189424,186.29012286331468,91652600,0.007802749922702246,185.9038848876953,183.77517700195312,183.43191528320312,0.006258015320128138,183.38599700927733,183.9108053588867,-0.0018785741959028712
2016-11-16,187.0024871826172,187.2342376376212,186.61624515557435,186.7364096328087,65617700,-0.0018785741959028712,187.3544464111328,185.7236785888672,183.92117309570312,0.006229984357440745,183.54006271362306,183.91012969970703,0.00514091957052365
2016-11-17,187.9638519287109,188.02392763030736,187.04544153003013,187.15702752907129,69797200,0.00514091957052365,187.0024871826172,186.1871337890625,183.5778350830078,0.006290732443546069,183.7593635559082,183.93722290039062,-0.0022373849069184937
2016-11-18,187.54330444335935,188.2042158652945,187.3630511112132,188.0325541327914,86265800,-0.0022373849069184937,187.9638519287109,185.7579345703125,183.6636657714844,0.006268711876546908,183.95334548950194,184.04523345947266,0.007551315866338726
2016-11-21,188.95950317382807,188.9852517751859,187.9724385299163,188.11835163659336,72402600,0.007551315866338726,187.54330444335935,185.9038848876953,184.44471740722656,0.006342883439861894,184.17908477783203,184.12930389404298,0.0019530590738596754
2016-11-22,189.32855224609372,189.50879242128624,188.5989737546482,189.2684634563987,67429000,0.0019530590738596754,188.95950317382807,187.3544464111328,183.8267364501953,0.005829753432705629,184.45417556762692,184.27387420654296,0.0005442528415109393
2016-11-23,189.4315948486328,189.48309205465276,188.61619186043495,188.8136021824945,56620200,0.0005442528415109393,189.32855224609372,187.0024871826172,183.4576416015625,0.00583054536797557,184.75287322998045,184.4218719482422,0.0037152256913217663
2016-11-25,190.1353759765625,190.1697030727558,189.6976236441837,189.77488253027465,37872300,0.0037152256913217663,189.4315948486328,187.9638519287109,182.9683837890625,0.005789621985255582,185.11122283935543,184.5475637817383,-0.00469491630975849
2016-11-28,189.24270629882807,190.1010277337246,189.1397119176632,189.8263716849695,76572500,-0.00469491630975849,190.1353759765625,187.54330444335935,182.427734375,0.005891925554451486,185.45197143554685,184.6696160888672,0.0019502975679337453
2016-11-29,189.61178588867188,190.0666951883657,188.97662333016285,189.2770410625397,69886700,0.0019502975679337453,189.24270629882807,188.95950317382807,182.43624877929688,0.0058280923716279125,185.8107482910156,184.7983627319336,-0.002398925255733819
2016-11-30,189.15692138671875,190.3929066057526,189.0968325872345,190.22982340366505,113291800,-0.002398925255733819,189.61178588867188,189.32855224609372,181.11448669433597,0.005789720433751416,186.21287002563474,184.91784088134764,-0.0036755274919195724
2016-12-01,188.461669921875,189.45731297095932,188.1011633438361,189.45731297095932,79040500,-0.0036755274919195724,189.15692138671875,189.4315948486328,180.02439880371094,0.005843846312618647,186.63473358154295,184.98221466064453,0.0005011730201480713
2016-12-02,188.55612182617188,189.0453715259651,188.19562825119576,188.5475433232978,74840300,0.0005011730201480713,188.461669921875,190.1353759765625,179.20042419433594,0.005822122128680649,187.10251846313474,185.0251321411133,0.0060085550027699774
2016-12-05,189.68907165527344,190.03239505297432,189.19124356074343,189.38865385957408,67837800,0.0060085550027699774,188.55612182617188,189.24270629882807,179.00302124023438,0.005895082974989934,187.6368209838867,185.11113586425782,0.003167527426176653
2016-12-06,190.2899169921875,190.32425719424867,189.3972681928425,189.8779262461013,59877400,0.003167527426176653,189.68907165527344,189.61178588867188,182.9512176513672,0.00587833510548264,188.0037559509277,185.23919799804688,0.01308067459770168
2016-12-07,192.77903747558597,192.83911317744608,190.01524086325963,190.13540536392824,110738100,0.01308067459770168,190.2899169921875,189.15692138671875,183.77517700195312,0.006209642623500395,188.45394897460935,185.3942120361328,0.002448716226660874
2016-12-08,193.2510986328125,193.72317812153088,192.4871929499584,192.75328364138,99714400,0.002448716226660874,192.77903747558597,188.461669921875,185.7236785888672,0.006173439214827606,188.8303199768066,185.5402975463867,0.0060405511166921055
2016-12-09,194.4184417724609,194.4356118734497,193.43995556729564,193.4742957692732,88005800,0.0060405511166921055,193.2510986328125,188.55612182617188,186.1871337890625,0.006163137510095845,189.24188537597655,185.74337646484375,-0.0011480678703692515
2016-12-12,194.1952362060547,194.80465022376663,193.77465396301707,194.32397919017512,102016100,-0.0011480678703692515,194.4184417724609,189.68907165527344,185.7579345703125,0.006121293536328386,189.66375045776365,185.91418060302735,0.006674037476411154
2016-12-13,195.4913024902344,195.98913053789093,194.8389828572432,194.856152954596,110477500,0.006674037476411154,194.1952362060547,190.2899169921875,185.9038848876953,0.006163932145770214,190.1431213378906,186.1198342895508,-0.008254162322336667
2016-12-14,193.877685546875,195.8947334315176,193.43993315255847,195.19091653592832,142501800,-0.008254162322336667,195.4913024902344,192.77903747558597,187.3544464111328,0.006220449650431052,190.46928329467772,186.3120980834961,0.0041172778020535095
2016-12-15,194.67593383789065,195.5342554988994,193.88627948139643,194.1180299970146,124972600,0.0041172778020535095,193.877685546875,193.2510986328125,187.0024871826172,0.006025755192577983,190.8529556274414,186.50401794433594,-0.001955984355887397
2016-12-16,194.29515075683597,195.19307389517812,193.97570417303768,195.1326309338425,156420200,-0.001955984355887397,194.67593383789065,194.4184417724609,187.9638519287109,0.0059360053660884775,191.16952056884764,186.68574859619142,0.0021773571039207518
2016-12-19,194.71820068359372,195.14126186601032,194.32968209826544,194.4764552005388,90341100,0.0021773571039207518,194.29515075683597,194.1952362060547,187.54330444335935,0.005893316789032885,191.52826538085935,186.88864288330078,0.003857518956901229
2016-12-20,195.4693298339844,195.6161161046466,195.02038148255485,195.2534847201332,89838800,0.003857518956901229,194.71820068359372,195.4913024902344,188.95950317382807,0.004651285086363939,191.8537567138672,187.08733215332032,-0.0027824532769702426
2016-12-21,194.92544555664065,195.5125380525151,194.92544555664065,195.33986456397216,67909000,-0.0027824532769702426,195.4693298339844,193.877685546875,189.32855224609372,0.004717626961038479,192.13360137939455,187.32200927734374,-0.0017272510507934102
2016-12-22,194.58876037597656,194.89957797729545,194.19159942879057,194.7787051975684,56219100,-0.0017272510507934102,194.92544555664065,194.67593383789065,189.4315948486328,0.00447080513596264,192.39145965576174,187.5451461791992,0.0014640971556398874
2016-12-23,194.8736572265625,194.88228629058872,194.441966890667,194.63189851824896,36697800,0.0014640971556398874,194.58876037597656,194.29515075683597,190.1353759765625,0.004467369066096246,192.62837371826174,187.78599761962892,0.002480886742399324
2016-12-27,195.35711669921875,195.75426436649036,195.1240002667776,195.14127156618028,42672500,0.002480886742399324,194.8736572265625,194.71820068359372,189.24270629882807,0.004410758212488425,192.93409423828126,188.0346292114258,-0.008264284002623135
2016-12-28,193.7426300048828,195.63343590620065,193.6303994687124,195.61617777703253,64095000,-0.008264284002623135,195.35711669921875,195.4693298339844,189.61178588867188,0.004769638204970523,193.14063644409183,188.2636749267578,-0.00022288524237412677
2016-12-29,193.69944763183597,194.1656673706514,193.25911508358172,193.8116781541725,48696100,-0.00022288524237412677,193.7426300048828,194.92544555664065,189.15692138671875,0.004620206376848193,193.36776275634767,188.46902557373048,-0.0036549512390889882
2016-12-30,192.99148559570312,194.11388313342871,192.30077840524552,194.0275397943176,108998300,-0.0036549512390889882,193.69944763183597,194.58876037597656,188.461669921875,0.004671078814615009,193.5942535400391,188.65043182373046,0.007649892590779972
2017-01-03,194.4678497314453,194.9772411201012,193.29365159666256,194.2951630733348,91366500,0.007649892590779972,192.99148559570312,194.8736572265625,188.55612182617188,0.0047680828730140845,193.88983993530275,188.86823211669923,0.00594940070908212
2017-01-04,195.62481689453125,195.77159004486924,194.78733649178588,194.79596555681337,78744400,0.00594940070908212,194.4678497314453,195.35711669921875,189.68907165527344,0.004801949714237049,194.18662719726564,189.10745513916015,-0.0007948227787002438
2017-01-05,195.4693298339844,195.62474516651017,194.6750213959088,195.3570993331971,78379000,-0.0007948227787002438,195.62481689453125,193.7426300048828,190.2899169921875,0.004674460698035399,194.4455978393555,189.3279473876953,0.0035780644260803296
2017-01-06,196.16873168945312,196.6349514638088,195.03769192320487,195.58162597173967,71559900,0.0035780644260803296,195.4693298339844,193.69944763183597,192.77903747558597,0.004693580701119918,194.61508255004884,189.57478729248047,-0.003301230838494318
2017-01-09,195.5211334228516,196.04779599985687,195.48659082893732,195.9096519724792,46939700,-0.003301230838494318,196.16873168945312,192.99148559570312,193.2510986328125,0.004763931254117352,194.7285842895508,189.81605712890624,0.0
2017-01-10,195.5211334228516,196.37587159720445,195.1326016990844,195.5383915456691,63771900,0.0,195.5211334228516,194.4678497314453,194.4184417724609,0.004740927763844604,194.78371887207032,190.06711212158203,0.0028261217529117477
2017-01-11,196.07369995117188,196.07369995117188,194.76998707688185,195.4347936934471,74650000,0.0028261217529117477,195.5211334228516,195.62481689453125,194.1952362060547,0.00463011038651268,194.8776420593262,190.34003143310548,-0.002509905535349022
2017-01-12,195.58157348632807,195.77151824042647,194.22607302205208,195.5556731266002,72113200,-0.002509905535349022,196.07369995117188,195.4693298339844,195.4913024902344,0.004676334832669606,194.88215560913088,190.6029379272461,0.002295509452056921
2017-01-13,196.0305328369141,196.3327080884341,195.7197153494871,195.7542447706945,62717900,0.002295509452056921,195.58157348632807,196.16873168945312,193.877685546875,0.0046355057735904225,194.98979797363285,190.90125885009766,-0.003523297203398723
2017-01-17,195.33985900878903,195.7974496687788,194.95134037708075,195.39165973646453,61240800,-0.003523297203398723,196.0305328369141,195.5211334228516,194.67593383789065,0.004630063800164715,195.02299423217775,191.2075680541992,0.0022100029269338517
2017-01-18,195.7715606689453,195.81473233589497,195.03768185323028,195.590244937414,54793300,0.0022100029269338517,195.33985900878903,195.5211334228516,194.29515075683597,0.004631605655553744,195.0968147277832,191.53899078369142,-0.0037048078792930594
2017-01-19,195.0462646484375,195.9873461000762,194.61457445878972,195.84920207759552,66608800,-0.0037048078792930594,195.7715606689453,196.07369995117188,194.71820068359372,0.004627925689923739,195.1132179260254,191.85985565185547,0.003674461875844637
2017-01-20,195.7629547119141,196.25507488562653,195.09814785002,195.72841210461988,129168600,0.003674461875844637,195.0462646484375,195.58157348632807,195.4693298339844,0.004637258856105012,195.12789916992188,192.1160903930664,-0.0026022015942763765
2017-01-23,195.2535400390625,195.8233744628679,194.49377398146592,195.7629446644216,75061600,-0.0026022015942763765,195.7629547119141,196.0305328369141,194.92544555664065,0.0040729386753646036,195.14430389404296,192.3456576538086,0.006411623008695688
2017-01-24,196.50543212890625,196.91985113299532,195.35713433657327,195.4693648574696,95555300,0.006411623008695688,195.2535400390625,195.33985900878903,194.58876037597656,0.0042027551805388,195.24013748168946,192.5612927246094,0.008655493245163681
2017-01-25,198.20628356933597,198.20628356933597,197.2910890998224,197.455133515812,84437700,0.008655493245163681,196.50543212890625,195.7715606689453,194.8736572265625,0.004344937768683849,195.40676879882812,192.80167572021483,-0.001045293994517471
2017-01-26,197.9990997314453,198.32718861684924,197.72281158075904,198.05952953056783,59970700,-0.001045293994517471,198.20628356933597,195.0462646484375,195.35711669921875,0.004343509414148416,195.53886795043945,193.0464990234375,-0.0015698128608903072
2017-01-27,197.6882781982422,198.223570011819,197.50696245620983,198.0767968750042,59711100,-0.0015698128608903072,197.9990997314453,195.7629547119141,193.7426300048828,0.004208313873809181,195.73615036010742,193.28218688964844,-0.006201749515792221
2017-01-30,196.46226501464844,197.0234571545579,195.47801162329733,196.99755678958624,79737300,-0.006201749515792221,197.6882781982422,195.2535400390625,193.69944763183597,0.004077747927616997,195.87429122924806,193.46434326171874,-8.815293656849743e-05
2017-01-31,196.4449462890625,196.5053892421666,195.40026335635784,195.97008442231504,75880800,-8.815293656849743e-05,196.46226501464844,196.50543212890625,192.99148559570312,0.004019179320024865,196.046964263916,193.65319244384764,0.00039582992859532595
2017-02-01,196.522705078125,197.36018538702103,195.93561254256352,196.4450039791496,79117700,0.00039582992859532595,196.4449462890625,198.20628356933597,194.4678497314453,0.00399634103579063,196.14970703125,193.82436950683595,0.0006588861268363999
2017-02-02,196.65219116210935,196.93710832392665,195.8319822761067,196.52267617538791,69657600,0.0006588861268363999,196.522705078125,197.9990997314453,195.62481689453125,0.003982485526539477,196.2010757446289,194.00654724121094,0.00689310928057707
2017-02-03,198.0077362060547,198.1890519584961,197.2479701115224,197.55878770560432,80563200,0.00689310928057707,196.65219116210935,197.6882781982422,195.4693298339844,0.004111489134014608,196.32799606323243,194.18751190185546,-0.0017878286628235651
2017-02-06,197.6537322998047,197.9990924755064,197.31701436233536,197.60193156698531,57790100,-0.0017878286628235651,198.0077362060547,196.46226501464844,196.16873168945312,0.0040885680844865895,196.40224609375,194.35401550292968,4.3617773972659535e-05
2017-02-07,197.662353515625,198.28398859163025,197.4724087327266,198.04224308142176,57931200,4.3617773972659535e-05,197.6537322998047,196.4449462890625,195.5211334228516,0.0040684629660582405,196.50930709838866,194.51863067626954,0.0013105604446501662
2017-02-08,197.92140197753903,198.0509038165239,197.11845105339995,197.662385125425,51566200,0.0013105604446501662,197.662353515625,196.522705078125,195.5211334228516,0.0040673445079872795,196.62932052612305,194.67435119628905,0.005932706533979593
2017-02-09,199.0956115722656,199.39778693840265,197.921413193732,197.921413193732,65955200,0.005932706533979593,197.92140197753903,196.65219116210935,196.07369995117188,0.0041720468045219,196.78041610717773,194.8714093017578,0.003946143181332351
2017-02-10,199.8812713623047,200.1057587872664,199.11286302687384,199.4409519254212,66015900,0.003946143181332351,199.0956115722656,198.0077362060547,195.58157348632807,0.0038570862292750807,196.99540100097656,195.07679901123046,0.005442531458837996
2017-02-13,200.96913146972656,201.2281483174449,200.3474963048602,200.37339667221764,55182100,0.005442531458837996,199.8812713623047,197.6537322998047,196.0305328369141,0.0039307322786482765,197.2423309326172,195.31304321289062,0.003995379748993111
2017-02-14,201.77207946777344,201.7807217067615,200.44247890394357,200.78782593570213,71109000,0.003995379748993111,200.96913146972656,197.662353515625,195.33985900878903,0.0038497910192295077,197.5639419555664,195.5792514038086,0.005220392586287703
2017-02-15,202.82540893554688,203.01535375890472,201.50443741119585,201.55623814953975,86785800,0.005220392586287703,201.77207946777344,197.92140197753903,195.7715606689453,0.003739754532770944,197.9166343688965,195.86463714599608,-0.0008514661723879602
2017-02-16,202.6527099609375,203.0325995599349,201.90157300101112,202.85128382436127,84722400,-0.0008514661723879602,202.82540893554688,199.0956115722656,195.0462646484375,0.0036604049346796097,198.29695663452148,196.12390991210938,0.0015760051465818492
2017-02-17,202.9720916748047,202.9720916748047,201.9705672657849,201.98783856225467,77204100,0.0015760051465818492,202.6527099609375,199.8812713623047,195.7629547119141,0.0036417622391180862,198.65741348266602,196.37755340576172,0.00595542963945439
2017-02-21,204.18087768554688,204.3535511663621,203.33475523351055,203.3433974707437,88946100,0.00595542963945439,202.9720916748047,200.96913146972656,195.2535400390625,0.003718931003130517,199.10378036499023,196.60559020996095,-0.0008879623483637467
2017-02-22,203.99957275390625,204.22404697342083,203.61105410799365,203.77509853439167,62115200,-0.0008879623483637467,204.18087768554688,201.77207946777344,196.50543212890625,0.0036403027044272975,199.47848739624024,196.8205596923828,0.0006771475818208028
2017-02-23,204.13771057128903,204.53485826860089,203.37793142979876,204.5176001420342,74615900,0.0006771475818208028,203.99957275390625,202.82540893554688,198.20628356933597,0.0036332717049658778,199.7750587463379,197.01494506835937,0.0012689140208350658
2017-02-24,204.3967437744141,204.43990226843368,203.2484459068218,203.29161757498488,82381600,0.0012689140208350658,204.13771057128903,202.6527099609375,197.9990997314453,0.0036239707493297404,200.09494094848634,197.21897521972656,0.0015628563504708204
2017-02-27,204.7161865234375,204.8888600186721,204.06002197188877,204.31039656385744,56515400,0.0015628563504708204,204.3967437744141,202.9720916748047,197.6882781982422,0.003548213143361621,200.4463363647461,197.40347290039062,-0.0026991833801918164
2017-02-28,204.1636199951172,204.5780390115281,203.77510134384804,204.33629348744316,96961900,-0.0026991833801918164,204.7161865234375,204.18087768554688,196.46226501464844,0.0036272965268264374,200.83140411376954,197.60919158935548,0.013997762492519605
2017-03-01,207.02145385742188,207.48768688200397,205.8040837283026,205.82135503362124,149158200,0.013997762492519605,204.1636199951172,203.99957275390625,196.4449462890625,0.004181707565827003,201.3602294921875,197.8561019897461,-0.006297615202606299
2017-03-02,205.71771240234372,206.8401098889274,205.6659116708949,206.8314676509237,70246000,-0.006297615202606299,207.02145385742188,204.13771057128903,196.522705078125,0.004443493514886613,201.81997985839843,198.08455322265624,0.0006293615833239397
2017-03-03,205.84718322753903,206.0112276351819,205.25144855731665,205.63133809624927,81974300,0.0006293615833239397,205.71771240234372,204.3967437744141,196.65219116210935,0.00433201940132178,202.27972946166992,198.30713287353515,-0.002977672791194097
2017-03-06,205.23423767089844,205.5882137553409,204.62986062486476,205.05292192225943,55391500,-0.002977672791194097,205.84718322753903,204.7161865234375,198.0077362060547,0.004402816891434353,202.64105453491212,198.50243103027344,-0.0029870118959295366
2017-03-07,204.62120056152344,205.28600730696,204.4139844764914,204.9320181020003,65103700,-0.0029870118959295366,205.23423767089844,204.1636199951172,197.6537322998047,0.004415978746429533,202.98942794799805,198.6963461303711,-0.001856517367005539
2017-03-08,204.24131774902344,205.1737704012997,204.1031736877656,204.9147535799769,78168800,-0.001856517367005539,204.62120056152344,207.02145385742188,197.662353515625,0.004361233007653927,203.31837615966796,198.88939727783202,0.001268195618744361
2017-03-09,204.50033569335935,204.82842454711275,203.5333536075299,204.3621916313429,90683900,0.001268195618744361,204.24131774902344,205.71771240234372,197.92140197753903,0.004134069956422478,203.64732284545897,199.08193084716797,0.0035041434446188013
2017-03-10,205.2169342041016,205.50185137922537,204.2672102870221,205.45867971496864,81991700,0.0035041434446188013,204.50033569335935,205.84718322753903,199.0956115722656,0.004137968427455335,203.9533889770508,199.27912719726564,0.0005048666092601906
2017-03-13,205.32054138183597,205.363713047296,204.82842128319064,205.1564969575733,57256800,0.0005048666092601906,205.2169342041016,205.23423767089844,199.8812713623047,0.004107261584923861,204.22535247802733,199.51068542480468,-0.003826577913444318
2017-03-14,204.5348663330078,204.8284257600669,203.9218734621619,204.77661185589676,59880800,-0.003826577913444318,205.32054138183597,204.62120056152344,200.96913146972656,0.003979129360541364,204.4036392211914,199.72739379882813,0.00865320536238956
2017-03-15,206.30474853515625,206.72780968325893,204.87153387747583,205.10465027942132,96081800,0.00865320536238956,204.5348663330078,204.24131774902344,201.77207946777344,0.0041848586848899074,204.63027267456056,199.99365905761718,-0.0019668814238171795
2017-03-16,205.8989715576172,206.5206065522453,205.5708959362205,206.44290547145192,78344000,-0.0019668814238171795,206.30474853515625,204.50033569335935,202.82540893554688,0.004231100165896122,204.78395080566406,200.22228149414062,-0.0017560663994080628
2017-03-17,205.5373992919922,206.35250986082215,205.5373992919922,206.1617387391192,89002100,-0.0017560663994080628,205.8989715576172,205.2169342041016,202.6527099609375,0.0042716807720206635,204.9281852722168,200.42053314208985,-0.0010966511827420478
2017-03-20,205.3119964599609,205.82360402785625,204.9217875222689,205.5374472784932,52537000,-0.0010966511827420478,205.5373992919922,205.32054138183597,202.9720916748047,0.004170613849143652,205.0451805114746,200.61738647460936,-0.012839598770063021
2017-03-21,202.6758728027344,206.04036769204072,202.54580758029505,205.91896907394496,131809300,-0.012839598770063021,205.3119964599609,204.5348663330078,204.18087768554688,0.00487394608523022,204.96993026733398,200.747529296875,0.0023530092001797787
2017-03-22,203.15277099609372,203.43892767511824,202.08619663351524,202.7105360729405,97569200,0.0023530092001797787,202.6758728027344,206.30474853515625,203.99957275390625,0.004879034961182385,204.92759017944337,200.90016204833984,-0.0010671617912815234
2017-03-23,202.93597412109372,204.07192093148612,202.5631117402889,203.15275826754893,100410300,-0.0010671617912815234,203.15277099609372,205.8989715576172,204.13771057128903,0.004891854380152443,204.86750335693358,201.0484588623047,-0.0007263369788530483
2017-03-24,202.78857421875,203.811789098104,202.00815653895305,203.23948897426524,112504900,-0.0007263369788530483,202.93597412109372,205.5373992919922,204.3967437744141,0.004803359010370169,204.78709487915037,201.18275634765624,-0.0010262640527218814
2017-03-27,202.58045959472656,202.8406032355756,200.8375196945119,201.11499654168367,87454500,-0.0010262640527218814,202.78857421875,205.3119964599609,204.7161865234375,0.004770446375410911,204.68030853271483,201.3227340698242,0.007276568426791474
2017-03-28,204.05455017089844,204.47943855162063,202.16418588136804,202.27691785084212,93483900,0.007276568426791474,202.58045959472656,202.6758728027344,204.1636199951172,0.004847651533609961,204.6748550415039,201.4832144165039,0.0009350987619083373
2017-03-29,204.245361328125,204.4794919291305,203.54298275656367,203.76844675436723,61950400,0.0009350987619083373,204.05455017089844,203.15277099609372,207.02145385742188,0.004803984970639877,204.53605041503903,201.66132446289063,0.0031842846367811095
2017-03-30,204.89573669433597,205.09518767334723,204.01126673659485,204.18469144018388,56737900,0.0031842846367811095,204.245361328125,202.93597412109372,205.71771240234372,0.00474784279514897,204.49495162963868,201.84380798339845,-0.002327665370846721
2017-03-31,204.41880798339844,205.0864937077872,204.36676866759603,204.55753979783736,73733100,-0.002327665370846721,204.89573669433597,202.78857421875,205.84718322753903,0.004768323896893785,204.42353286743165,202.03125885009766,-0.0017391478302527519
2017-04-03,204.06329345703125,204.67028653720263,202.83196085683875,204.47084878902996,85546500,-0.0017391478302527519,204.41880798339844,202.58045959472656,205.23423767089844,0.004776146773353225,204.36498565673827,202.197265625,0.0006375298239229554
2017-04-04,204.19338989257807,204.28010887362663,203.3956255464752,203.7771678927546,56466200,0.0006375298239229554,204.06329345703125,204.05455017089844,204.62120056152344,0.00465184631035879,204.34359512329098,202.37606262207032,-0.0029730941925198984
2017-04-05,203.5863037109375,205.8495304751742,203.3781861903751,204.8696620091071,108800600,-0.0029730941925198984,204.19338989257807,204.245361328125,204.24131774902344,0.004681248402727179,204.31084442138672,202.51768005371093,0.0028113736891999253
2017-04-06,204.15866088867188,204.67893495482303,203.28284437874893,203.72509255115145,69135800,0.0028113736891999253,203.5863037109375,204.89573669433597,204.50033569335935,0.004708925301633025,204.29376068115235,202.63672760009766,-0.0010193021659161694
2017-04-07,203.9505615234375,204.6442735716667,203.4649670591141,203.90720203952503,74412300,-0.0010193021659161694,204.15866088867188,204.41880798339844,205.2169342041016,0.0047064309944440256,204.23044204711914,202.7557568359375,0.0005952370264363793
2017-04-10,204.07196044921875,204.8697246748832,203.54300650018013,204.08930688910144,67615300,0.0005952370264363793,203.9505615234375,204.06329345703125,205.32054138183597,0.004698219000122932,204.16801300048826,202.88343048095703,-0.0011897658601800476
2017-04-11,203.82916259765625,203.93321477372265,202.33768632723948,203.69041754192983,88045300,-0.0011897658601800476,204.07196044921875,204.19338989257807,204.5348663330078,0.004677398289115427,204.1327278137207,203.03076843261718,-0.004382044576838218
2017-04-12,202.93597412109372,203.7424180262632,202.71052337210392,203.5516469188663,81864400,-0.004382044576838218,203.82916259765625,203.5863037109375,206.30474853515625,0.00391657506158597,203.96428909301756,203.1605889892578,-0.006494851127987533
2017-04-13,201.6179351806641,203.33487525261768,201.6179351806641,202.59780381684877,92880400,-0.006494851127987533,202.93597412109372,204.15866088867188,205.8989715576172,0.003926523486320788,203.7502372741699,203.26249359130858,0.008860132868314441
2017-04-17,203.404296875,203.404296875,201.9388334842088,202.13827125452727,68405400,0.008860132868314441,201.6179351806641,203.9505615234375,205.5373992919922,0.00429063547962171,203.6435821533203,203.3975357055664,-0.002984478073418284
2017-04-18,202.7972412109375,203.3348749236641,202.11220908904167,202.66717600787345,83225800,-0.002984478073418284,203.404296875,204.07196044921875,205.3119964599609,0.004290777239638032,203.51784439086913,203.49332580566406,-0.0018383027902595384
2017-04-19,202.4244384765625,203.73381042203997,202.19897441618463,203.3609479090441,68699900,-0.0018383027902595384,202.7972412109375,203.82916259765625,202.6758728027344,0.004271879101257903,203.50527267456053,203.58873992919922,0.008138947970192767
2017-04-20,204.07196044921875,204.51420866175764,202.71922923042013,203.0400655952371,92572200,0.008138947970192767,202.4244384765625,202.93597412109372,203.15277099609372,0.004532259641147851,203.5512321472168,203.71693206787108,-0.003186915566402382
2017-04-21,203.42160034179688,204.0459398398568,203.0227248594819,203.9939137535945,110389800,-0.003186915566402382,204.07196044921875,201.6179351806641,202.93597412109372,0.004561565702537358,203.57551345825195,203.82693603515625,0.010998063374708877
2017-04-24,205.65884399414065,205.86696160031948,203.3956162988461,205.66751059926796,119209900,0.010998063374708877,203.42160034179688,203.404296875,202.78857421875,0.00495749629674827,203.7190269470215,203.95820068359376,0.005818419834667354
2017-04-25,206.8554534912109,207.20230286363807,206.21376759761975,206.30048655645427,76698300,0.005818419834667354,205.65884399414065,202.7972412109375,202.58045959472656,0.005066782153719274,203.9327766418457,204.09768432617187,-0.0006287768379974468
2017-04-26,206.7253875732422,207.7052562953048,206.68204132265512,206.82077314115497,84702500,-0.0006287768379974468,206.8554534912109,202.4244384765625,204.05455017089844,0.005011162279784026,204.0663185119629,204.21280944824218,0.0008388719921197385
2017-04-27,206.8988037109375,207.2022935903648,206.361170006845,207.04621534919443,57410300,0.0008388719921197385,206.7253875732422,204.07196044921875,204.245361328125,0.004762537503159694,204.19899063110353,204.31534393310548,-0.002179239076885886
2017-04-28,206.4479217529297,207.18498006128496,206.3178432998386,207.1589670169581,63532800,-0.002179239076885886,206.8988037109375,203.42160034179688,204.89573669433597,0.0047658825600713165,204.2765998840332,204.38779418945313,0.0025200722170390932
2017-05-01,206.9681854248047,207.39308717979225,206.55196350512597,206.9681854248047,66882500,0.0025200722170390932,206.4479217529297,205.65884399414065,204.41880798339844,0.0047724064340319795,204.40406875610353,204.47410369873046,0.00037695739717880095
2017-05-02,207.04620361328125,207.2282948843253,206.63864836472015,207.10689629314456,57375700,0.00037695739717880095,206.9681854248047,206.8554534912109,204.06329345703125,0.004765729264138115,204.553214263916,204.5555859375,-0.0012145349171418518
2017-05-03,206.79473876953125,207.14160135864623,206.11837326007557,207.04621580057147,73137700,-0.0012145349171418518,207.04620361328125,206.7253875732422,204.19338989257807,0.004085269392509408,204.68328170776368,204.6078631591797,0.0011740269323003982
2017-05-04,207.0375213623047,207.176266388164,206.18773123396085,207.09822727291336,61462700,0.0011740269323003982,206.79473876953125,206.8988037109375,203.5863037109375,0.004074265346729652,204.85584259033203,204.66862213134766,0.003937159627608544
2017-05-05,207.8526611328125,207.87000757135223,206.96817800766829,207.41042618596828,62001300,0.003937159627608544,207.0375213623047,206.4479217529297,204.15866088867188,0.004104310994493002,205.04054260253906,204.74292114257813,-0.00016679107479811162
2017-05-08,207.8179931640625,208.0434439519232,207.39309140042783,207.8960322946924,48385700,-0.00016679107479811162,207.8526611328125,206.9681854248047,203.9505615234375,0.004098372571634356,205.23391418457032,204.8113461303711,-0.0009180913333470819
2017-05-09,207.627197265625,208.27754973957025,207.28033467398123,208.0781120190344,51363200,-0.0009180913333470819,207.8179931640625,207.04620361328125,204.07196044921875,0.0040967348721625,205.41167602539062,204.86956634521485,0.001795832985474588
2017-05-10,208.00006103515625,208.00006103515625,207.3757215975435,207.58383915389945,54293800,0.001795832985474588,207.627197265625,206.79473876953125,203.82916259765625,0.0039175663614815105,205.62022094726564,204.94629516601563,-0.002042916505398118
2017-05-11,207.57513427734372,207.73989232514825,206.49121368015892,207.54912124152756,62358300,-0.002042916505398118,208.00006103515625,207.0375213623047,202.93597412109372,0.00394760222963091,205.85217895507813,204.95736877441405,-0.0016709493426905198
2017-05-12,207.2282867431641,207.618495540097,206.95947653264253,207.32367229187687,53912700,-0.0016709493426905198,207.57513427734372,207.8526611328125,201.6179351806641,0.003935246014398784,206.13269653320313,204.98758026123048,0.005523781795818694
2017-05-15,208.3729705810547,208.4943692008221,207.6358990265303,207.6532454669134,61918900,0.005523781795818694,207.2282867431641,207.8179931640625,203.404296875,0.004009018190125616,206.38113021850586,205.03809600830078,-0.0009157193310367351
2017-05-16,208.18215942382807,208.6937668494256,207.79195059466824,208.66775380957856,51241800,-0.0009157193310367351,208.3729705810547,207.627197265625,202.7972412109375,0.0039949151733222185,206.6503761291504,205.09705444335938,-0.017744150186323915
2017-05-17,204.48814392089844,208.18214079461765,204.42743801238456,208.18214079461765,172174100,-0.017744150186323915,208.18215942382807,208.00006103515625,202.4244384765625,0.005221922958324987,206.7535614013672,205.09439331054688,0.004028852349411416
2017-05-18,205.3119964599609,206.16178687138373,204.1500230206345,204.4101667229153,107047700,0.004028852349411416,204.48814392089844,207.57513427734372,204.07196044921875,0.0052380754721401855,206.8155632019043,205.11580688476562,0.006503892473219031
2017-05-19,206.64732360839844,207.3150225035401,205.74550735498167,205.7975334345984,115011400,0.006503892473219031,205.3119964599609,207.2282867431641,203.42160034179688,0.005341611419273163,206.9768493652344,205.1587466430664,0.005077369671159904
2017-05-22,207.6965484619141,207.861306522099,207.08955552816985,207.1589148079232,61010600,0.005077369671159904,206.64732360839844,208.3729705810547,205.65884399414065,0.00540069965589575,207.07873458862304,205.20833892822264,0.0022130387160184117
2017-05-23,208.15618896484372,208.3209470718812,207.6879276888997,208.0694699933112,48341700,0.0022130387160184117,207.6965484619141,208.18215942382807,206.8554534912109,0.005408504852060739,207.14377136230468,205.2650518798828,0.0023327696704611434
2017-05-24,208.6417694091797,208.7458215828506,208.0521095516462,208.39030557898957,46927700,0.0023327696704611434,208.15618896484372,204.48814392089844,206.7253875732422,0.005404862280869742,207.23959045410157,205.34718994140624,0.0047795937659775856
2017-05-25,209.6389923095703,209.9164824423681,208.94529344049133,209.15339780863192,64071700,0.0047795937659775856,208.6417694091797,205.3119964599609,206.8988037109375,0.005361064919207555,207.3765998840332,205.41387481689452,-0.00020693067080124194
2017-05-26,209.5956115722656,209.76035642612132,209.37014756859512,209.4481866938092,46629900,-0.00020693067080124194,209.6389923095703,206.64732360839844,206.4479217529297,0.005173627902692044,207.533984375,205.4878076171875,-0.0008690266159329108
2017-05-30,209.41346740722656,209.66493117357808,209.1186441690343,209.27472238991732,35201900,-0.0008690266159329108,209.5956115722656,207.6965484619141,206.9681854248047,0.0049853678328489566,207.6562484741211,205.5653289794922,-0.0002482490499754464
2017-05-31,209.36148071289065,209.7430229665296,208.6677687273157,209.7083300899503,91796000,-0.0002482490499754464,209.41346740722656,208.15618896484372,207.04620361328125,0.004935054960032281,207.77201232910156,205.6463186645508,0.007952355832210767
2017-06-01,211.02639770507807,211.0437441446966,209.53492145284687,209.8210781649972,68962000,0.007952355832210767,209.36148071289065,208.6417694091797,206.79473876953125,0.00505800385873074,207.9835952758789,205.81332916259765,0.003328530669872709
2017-06-02,211.7288055419922,211.884897057168,210.78362954003703,211.0784528969198,88666100,0.003328530669872709,211.02639770507807,209.6389923095703,207.0375213623047,0.004911137388854493,208.2181594848633,205.9848498535156,-0.0007373957893345162
2017-06-05,211.5726776123047,211.8414878588244,211.373226654634,211.5553311743648,44698800,-0.0007373957893345162,211.7288055419922,209.5956115722656,207.8526611328125,0.004855037053666802,208.4041603088379,206.15758392333984,-0.0031968983443734222
2017-06-06,210.89630126953125,211.56398693426056,210.8182489185297,211.0090200317252,50375400,-0.0031968983443734222,211.5726776123047,209.41346740722656,207.8179931640625,0.004562383011286631,208.55807571411134,206.31973846435548,0.0018504048099672321
2017-06-07,211.2865447998047,211.51199559267457,210.56681970571725,211.23451871156217,54144300,0.0018504048099672321,210.89630126953125,209.36148071289065,207.627197265625,0.004469920578479094,208.7410430908203,206.49386016845702,0.0004925299029563401
2017-06-08,211.3906097412109,211.86753763132825,210.8616557597095,211.38194313646613,65950700,0.0004925299029563401,211.2865447998047,211.02639770507807,208.00006103515625,0.004462966686928189,208.91057052612305,206.6405813598633,-0.0015177178362882904
2017-06-09,211.0697784423828,212.45718942806715,209.80375285188111,211.6594251342206,132256400,-0.0015177178362882904,211.3906097412109,211.7288055419922,207.57513427734372,0.0044821165609297345,209.085302734375,206.77706970214842,-0.0002055279425831058
2017-06-12,211.02639770507807,211.07842379247697,210.1766074041648,210.82695995956365,86108100,-0.0002055279425831058,211.0697784423828,211.5726776123047,207.2282867431641,0.004453163805589575,209.27520828247071,206.89968292236327,0.004889938600818544
2017-06-13,212.0583038330078,212.1103299231765,211.21718009139528,211.5640295134911,60067000,0.004889938600818544,211.02639770507807,210.89630126953125,208.3729705810547,0.004506510212453091,209.45947494506837,207.05247283935546,-0.0012675703958128226
2017-06-14,211.7895050048828,212.33579221266731,210.96571442778435,212.3271256076561,78602300,-0.0012675703958128226,212.0583038330078,211.2865447998047,208.18215942382807,0.004522061412433752,209.63984222412108,207.2069970703125,-0.0019244462308886101
2017-06-15,211.3819274902344,211.50332610496412,210.15926150737687,210.43673838470636,66464900,-0.0019244462308886101,211.7895050048828,211.3906097412109,204.48814392089844,0.004534618816854158,209.9845314025879,207.35076782226562,0.00021850663886247013
2017-06-16,211.42811584472656,211.5936774103937,210.54804151184248,211.5413976098634,84553100,0.00021850663886247013,211.3819274902344,211.0697784423828,205.3119964599609,0.004534832418924493,210.29033737182618,207.5076040649414,0.008325037981321337
2017-06-19,213.18826293945312,213.24925160382472,212.1600448487952,212.25589557507703,65123800,0.008325037981321337,211.42811584472656,211.02639770507807,206.64732360839844,0.004709898589861128,210.6173843383789,207.68819610595702,-0.006744226427702338
2017-06-20,211.7504730224609,212.83967962820253,211.733055289874,212.83097076190907,56906400,-0.006744226427702338,213.18826293945312,212.0583038330078,207.6965484619141,0.0049080738301006815,210.82008056640626,207.8441943359375,-0.00024680630835471895
2017-06-21,211.69821166992188,212.2558849687912,211.2276802254929,212.1426165131951,55977600,-0.00024680630835471895,211.7504730224609,211.7895050048828,208.15618896484372,0.004902267550478583,210.99718170166017,207.99671936035156,-0.00045257792103048367
2017-06-22,211.60240173339844,212.2036460753738,211.4281312869086,211.7069746380786,44148100,-0.00045257792103048367,211.69821166992188,211.3819274902344,208.6417694091797,0.004901477176337337,211.14521331787108,208.1521841430664,0.0011939362145148014
2017-06-23,211.85504150390625,212.18615126391856,211.27993723696764,211.6633400815934,66986800,0.0011939362145148014,211.60240173339844,211.42811584472656,209.6389923095703,0.004877219327152828,211.2560157775879,208.33056549072265,0.0006582334423210767
2017-06-26,211.99449157714844,212.9442900095876,211.7853723814404,212.5260250262087,56700500,0.0006582334423210767,211.85504150390625,213.18826293945312,209.5956115722656,0.004856801815463758,211.37595977783204,208.53809661865233,-0.00805620217154046
2017-06-27,210.28662109375,212.0729228867936,210.26919006225236,211.7766485352585,82247700,-0.00805620217154046,211.99449157714844,211.7504730224609,209.41346740722656,0.005028250289792858,211.41961746215821,208.67574310302734,0.00895021559580833
2017-06-28,212.16873168945312,212.36914197613868,211.0708029537437,211.30607529653557,70042600,0.00895021559580833,210.28662109375,211.69821166992188,209.36148071289065,0.005262040284245802,211.55998001098632,208.86317291259766,-0.008788905038515815
2017-06-29,210.3040008544922,212.36913216812624,209.09280373232187,212.31685238236005,106949700,-0.008788905038515815,212.16873168945312,211.60240173339844,211.02639770507807,0.004359417353543438,211.52386016845702,209.02076416015626,0.0018649034430151534
2017-06-30,210.6961975097656,211.4891433695941,210.5044960206646,211.11444926053903,86820700,0.0018649034430151534,210.3040008544922,211.85504150390625,211.7288055419922,0.004324383815048007,211.47222976684571,209.1532489013672,0.0016955159787102048
2017-07-03,211.05343627929688,212.07293228339097,211.05343627929688,211.6372495485141,39153800,0.0016955159787102048,210.6961975097656,211.99449157714844,211.5726776123047,0.004195649069741777,211.4462677001953,209.30588562011718,0.002311880377090292
2017-07-05,211.54136657714844,211.7504857485922,210.60899928452872,211.41937596181293,54427600,0.002311880377090292,211.05343627929688,210.28662109375,210.89630126953125,0.004126236366349175,211.47852096557617,209.42353607177733,-0.009144466705016563
2017-07-06,209.60693359375,210.89655056421648,209.4239410235178,210.7745599493883,65400800,-0.009144466705016563,211.54136657714844,212.16873168945312,211.2865447998047,0.004480811156733912,211.39454040527343,209.47856567382811,0.006485207617494604
2017-07-07,210.96627807617188,211.1144085990406,209.61565904345244,210.1820545325185,57972300,0.006485207617494604,209.60693359375,210.3040008544922,211.3906097412109,0.004609922620268762,211.3733238220215,209.56338348388672,0.0010738552306883697
2017-07-10,211.1928253173828,211.56751934898887,210.66129189764916,210.96627510253825,36663300,0.0010738552306883697,210.96627807617188,210.6961975097656,211.0697784423828,0.004537031389483479,211.37947616577148,209.64926391601563,-0.0007425184778869776
2017-07-11,211.0360107421875,211.3497028513064,209.86838417334928,211.1928501487558,50354600,-0.0007425184778869776,211.1928253173828,211.05343627929688,211.02639770507807,0.00453996916345615,211.37995681762695,209.74102569580077,0.007514575079809349
2017-07-12,212.62185668945312,212.78741823519627,212.00319472965325,212.00319472965325,59610400,0.007514575079809349,211.0360107421875,211.54136657714844,212.0583038330078,0.00472376139921788,211.40813446044922,209.85409912109375,0.0016803036746648736
2017-07-13,212.9791259765625,213.09240773141693,212.4040216309671,212.63058514067592,39471600,0.0016803036746648736,212.62185668945312,209.60693359375,211.7895050048828,0.004726099869340251,211.4676155090332,209.97275756835938,0.004664130450357407
2017-07-14,213.9724884033203,214.3297514132089,212.88328163852412,212.97913236566544,60262700,0.004664130450357407,212.9791259765625,210.96627807617188,211.3819274902344,0.004585306202659794,211.5971435546875,210.11631256103516,-0.0001220146958178514
2017-07-17,213.9463806152344,214.27750377614365,213.77211016590743,213.8941008100346,33531900,-0.0001220146958178514,213.9724884033203,211.1928253173828,211.42811584472656,0.00455436520350165,211.7230567932129,210.25448974609375,0.0005294129813515625
2017-07-18,214.0596466064453,214.11192640779012,213.19698999630936,213.53682200103287,42742500,0.0005294129813515625,213.9463806152344,211.0360107421875,213.18826293945312,0.004549734950007481,211.7666259765625,210.3786294555664,0.005413721228178403
2017-07-19,215.218505859375,215.2272147252408,214.364558349304,214.3732805111482,51034300,0.005413721228178403,214.0596466064453,212.62185668945312,211.7504730224609,0.004586476875481867,211.9400276184082,210.52663970947265,0.00044545877361645836
2017-07-20,215.3143768310547,215.59320682076344,214.7654124223429,215.4712162072697,47135200,0.00044545877361645836,215.218505859375,212.9791259765625,211.69821166992188,0.004581354151243432,212.12083587646484,210.68038330078124,-0.0008902373869511537
2017-07-21,215.1226959228516,215.1488358213816,214.5127295012009,214.73929301643605,82340800,-0.0008902373869511537,215.3143768310547,213.9724884033203,211.60240173339844,0.004589835081946733,212.2968505859375,210.82283599853517,-0.00024293741910819122
2017-07-24,215.0704345703125,215.2098429424349,214.59988976445536,215.04428137355856,46622300,-0.00024293741910819122,215.1226959228516,213.9463806152344,211.85504150390625,0.004575491878693566,212.4576202392578,210.97274200439452,0.002430886842689217
2017-07-25,215.5932464599609,215.9243695986017,215.3666962206701,215.8197966992518,54915600,0.002430886842689217,215.0704345703125,214.0596466064453,211.99449157714844,0.004584077720563271,212.63755798339844,211.14004119873047,4.0342218081912407e-05
2017-07-26,215.60194396972656,215.91563605928576,215.3405449750784,215.8807872919932,47575400,4.0342218081912407e-05,215.5932464599609,215.218505859375,210.28662109375,0.004517126746992447,212.90332412719727,211.2846206665039,-0.0009296736821311491
2017-07-27,215.4015045166016,216.09859943202983,214.0770255068858,216.0637506694493,70766600,-0.0009296736821311491,215.60194396972656,215.3143768310547,212.16873168945312,0.004512825578894075,213.0649627685547,211.42900756835937,-0.0011729492320116108
2017-07-28,215.1488494873047,215.27954898825683,214.46918549038995,214.92228595767855,50088400,-0.0011729492320116108,215.4015045166016,215.1226959228516,210.3040008544922,0.00450054964040964,213.3072052001953,211.6422216796875,-0.0005670923996783372
2017-07-31,215.0268402099609,215.6455021888008,214.8177077305891,215.5496514644196,65838700,-0.0005670923996783372,215.1488494873047,215.0704345703125,210.6961975097656,0.004505121613699026,213.52373733520508,211.8365185546875,0.002228782445982569
2017-08-01,215.50608825683597,215.662927640322,214.98326371992184,215.6280788759852,55050400,0.002228782445982569,215.0268402099609,215.5932464599609,211.05343627929688,0.004274991162760508,213.74636993408203,212.01369384765624,0.00048508125553548
2017-08-02,215.61062622070312,215.75004785602732,214.6782589924488,215.63676611532904,47211200,0.00048508125553548,215.50608825683597,215.60194396972656,211.54136657714844,0.00405844857114693,213.94983291625977,212.17197540283203,-0.0019395258034212715
2017-08-03,215.19244384765625,215.52355371811024,214.91360048729155,215.497413815074,40856000,-0.0019395258034212715,215.61062622070312,215.4015045166016,209.60693359375,0.004082471908134593,214.22910842895507,212.3127005004883,0.0018218300808940935
2017-08-04,215.58448791503903,215.9155976814008,215.20108506306107,215.68033862803355,60191800,0.0018218300808940935,215.19244384765625,215.1488494873047,210.96627807617188,0.0040842544397188115,214.46001892089845,212.45155487060546,0.0018593563597666396
2017-08-07,215.9853363037109,215.9853363037109,215.54965360600968,215.6542264947249,31995000,0.0018593563597666396,215.58448791503903,215.0268402099609,211.1928253173828,0.004089228048922781,214.69964447021485,212.5784817504883,-0.0024609293727962944
2017-08-08,215.4538116455078,216.8915725839997,215.0791308923132,215.6716530032204,61719400,-0.0024609293727962944,215.9853363037109,215.50608825683597,211.0360107421875,0.004128526459652059,214.92053451538087,212.69564575195312,-4.01558613997155e-05
2017-08-09,215.44515991210935,215.4974397244676,214.4082326470555,214.76549575948303,62632600,-4.01558613997155e-05,215.4538116455078,215.61062622070312,212.62185668945312,0.0037986839300222816,215.06169967651368,212.81627960205077,-0.014115458332760733
2017-08-10,212.404052734375,214.73931922391805,212.3517729309345,214.6086064193342,120479500,-0.014115458332760733,215.44515991210935,215.19244384765625,212.9791259765625,0.004384450965199023,215.0329460144043,212.87713104248047,0.001476784094840644
2017-08-11,212.7177276611328,213.31026307620152,212.3953267019813,212.6305990944337,74869900,0.001476784094840644,212.404052734375,215.58448791503903,213.9724884033203,0.004059692304102859,214.97020797729493,212.91095764160156,0.009913010630982155
2017-08-14,214.82640075683597,215.04424208745883,213.96375759699623,213.99860635966488,73291900,0.009913010630982155,212.7177276611328,215.9853363037109,213.9463806152344,0.004411309580171227,215.014208984375,212.97290954589843,-0.00012152970023227017
2017-08-15,214.80029296875,215.2272668271467,214.49532303787947,215.20983579521703,55242700,-0.00012152970023227017,214.82640075683597,215.4538116455078,214.0596466064453,0.004409028762639909,215.05124130249024,213.03746185302734,0.0017442448586193482
2017-08-16,215.17495727539065,215.72392168942733,214.74798347603095,215.32308778635704,56715500,0.0017442448586193482,214.80029296875,215.44515991210935,215.218505859375,0.004402625309486753,215.049063873291,213.12303497314454,-0.015590737744780925
2017-08-17,211.8202209472656,214.8787221414008,211.8202209472656,214.5650300521557,128490400,-0.015590737744780925,215.17495727539065,212.404052734375,215.3143768310547,0.005009016290010486,214.87435607910157,213.13370849609376,-0.0015632642623280013
2017-08-18,211.4890899658203,212.7787069610501,211.0446851278572,211.65463821371043,136748000,-0.0015632642623280013,211.8202209472656,212.7177276611328,215.1226959228516,0.004883740834071847,214.69267578125,213.13567810058595,0.0007829641658252395
2017-08-21,211.65467834472656,211.91609065850903,210.7223241572808,211.42812809730577,65469700,0.0007829641658252395,211.4890899658203,214.82640075683597,215.0704345703125,0.004882016964556414,214.5218879699707,213.1473760986328,0.010456635393509162
2017-08-22,213.8678741455078,214.02471349748052,212.220994469906,212.23842549656212,63140100,0.010456635393509162,211.65467834472656,214.80029296875,215.5932464599609,0.005232219397497848,214.43561935424805,213.2042056274414,-0.0035852481923398516
2017-08-23,213.10110473632807,213.52807853810495,212.75256391984323,212.9006944316483,50203800,-0.0035852481923398516,213.8678741455078,215.17495727539065,215.60194396972656,0.005106947805277014,214.31057739257812,213.22506164550782,-0.0023306945527048484
2017-08-24,212.60443115234372,213.6413447239777,212.39529868708377,213.48450534701752,50741700,-0.0023306945527048484,213.10110473632807,211.8202209472656,215.4015045166016,0.005116311263424104,214.17072372436525,213.24136016845702,0.0023361393800322983
2017-08-25,213.10110473632807,214.0160409995757,212.95297422452305,213.39736575993825,64445900,0.0023361393800322983,212.60443115234372,211.4890899658203,215.1488494873047,0.005059750658674851,214.0683364868164,213.27574371337892,4.074240247309291e-05
2017-08-28,213.1097869873047,213.6587380056602,212.69152213068085,213.6325981141184,40565600,4.074240247309291e-05,213.10110473632807,211.65467834472656,215.0268402099609,0.005059839665698084,213.97248382568358,213.30937713623047,0.001145036828843704
2017-08-29,213.3538055419922,213.6152045031953,211.6807724144142,211.79405416158863,51135700,0.001145036828843704,213.1097869873047,213.8678741455078,215.50608825683597,0.005063803388929016,213.8648696899414,213.31268798828125,0.004737542424005037
2017-08-30,214.3645782470703,214.63471266572543,213.153380980378,213.3363735483728,62030800,0.004737542424005037,213.3538055419922,213.10110473632807,215.61062622070312,0.005039874362837094,213.80256729125978,213.36497009277343,0.006016116769525182
2017-08-31,215.6542205810547,215.8982018213985,214.3994523187264,214.98326552211907,103803900,0.006016116769525182,214.3645782470703,212.60443115234372,215.19244384765625,0.005162562615637608,213.82565612792968,213.4440902709961,0.0014144086423977242
2017-09-01,215.9592437744141,216.3862176983676,215.81111322022213,216.0289546168545,62007000,0.0014144086423977242,215.6542205810547,213.10110473632807,215.58448791503903,0.005164996894286594,213.84439392089843,213.5312271118164,-0.007182310878072418
2017-09-05,214.4081573486328,215.68035661849729,213.44094127173,215.45379311653252,91398800,-0.007182310878072418,215.9592437744141,213.1097869873047,215.9853363037109,0.005335422535863233,213.76553497314453,213.58228942871094,0.0034139529911960675
2017-09-06,215.14013671875,215.47125986359848,214.5563234290314,215.087856916086,57916900,0.0034139529911960675,214.4081573486328,213.3538055419922,215.4538116455078,0.0053544177361386155,213.74985122680664,213.64520233154298,-0.00012156524975770466
2017-09-07,215.11398315429688,215.4625373098888,214.7044403314648,215.44510627811383,58034700,-0.00012156524975770466,215.14013671875,214.3645782470703,215.44515991210935,0.005354398647608948,213.73329238891603,213.74174957275392,-0.0011748716635539003
2017-09-08,214.8612518310547,215.32307436468693,214.61727061690857,214.8263897741887,63832800,-0.0011748716635539003,215.11398315429688,215.6542205810547,212.404052734375,0.0053559563072138605,213.85615234375,213.79559997558593,0.010666034521193524
2017-09-11,217.1529693603516,217.23138905249075,216.11604244435443,216.13346017862068,71364800,0.010666034521193524,214.8612518310547,215.9592437744141,212.7177276611328,0.00569715806707449,214.07791442871093,213.93257934570312,0.0033705195794322407
2017-09-12,217.8848876953125,217.91973645576547,217.33592332233192,217.5189158786517,56896000,0.0033705195794322407,217.1529693603516,214.4081573486328,214.82640075683597,0.005721208170036346,214.23083877563477,214.07635314941408,0.00047999538352838655
2017-09-13,217.98947143554688,218.0243334958429,217.4840779290966,217.5973596810883,59228000,0.00047999538352838655,217.8848876953125,215.14013671875,214.80029296875,0.005711424359458403,214.39029769897462,214.21507385253906,-0.0003196100729111473
2017-09-14,217.9197998046875,218.120223447486,217.4928392091226,217.66710965400517,95446300,-0.0003196100729111473,217.98947143554688,215.11398315429688,215.17495727539065,0.005712889717218115,214.52753982543945,214.34264251708984,0.001346138441708833
2017-09-15,218.2131500244141,218.30071098989268,217.67022660776115,217.775305111122,95432400,0.001346138441708833,217.9197998046875,214.8612518310547,211.8202209472656,0.005698544278231701,214.84718627929686,214.51476684570312,0.0021270113448761396
2017-09-18,218.6772918701172,219.02756249970312,218.29198616039184,218.58096544268585,46235200,0.0021270113448761396,218.2131500244141,217.1529693603516,211.4890899658203,0.005701293038373848,215.20659637451172,214.66898712158203,0.0010009604894483104
2017-09-19,218.89617919921875,218.98375352353477,218.5721782507881,218.9224488241204,47108100,0.0010009604894483104,218.6772918701172,217.8848876953125,211.65467834472656,0.005696339019770691,215.56867141723632,214.82305419921875,0.0003600412112998441
2017-09-20,218.97499084472656,219.08883479538468,217.97670499993535,218.9837562944486,59574100,0.0003600412112998441,218.89617919921875,217.98947143554688,213.8678741455078,0.0056696449299787005,215.82402725219725,214.98183380126954,-0.002679373091780124
2017-09-21,218.3882751464844,218.9049289132353,218.21313986171728,218.81736795183463,48211400,-0.002679373091780124,218.97499084472656,217.9197998046875,213.10110473632807,0.005699612475561259,216.08838577270507,215.09716217041014,0.0002005967736546932
2017-09-22,218.4320831298828,218.59846634295977,218.0642949882233,218.09056461534425,51214000,0.0002005967736546932,218.3882751464844,218.2131500244141,212.60443115234372,0.004991859019268488,216.37976837158203,215.20622131347656,-0.002044475212126362
2017-09-25,217.98550415039065,218.52844103370043,217.2411756714505,218.17815701834428,57064400,-0.002044475212126362,218.4320831298828,218.6772918701172,213.10110473632807,0.005020249226710593,216.62398834228514,215.28648162841796,0.0006022022556788631
2017-09-26,218.1167755126953,218.65969880962976,217.8803355703037,218.4145067812101,54082000,0.0006022022556788631,217.98550415039065,218.89617919921875,213.1097869873047,0.004717930003700897,216.87433776855468,215.3698895263672,0.003894504607051319
2017-09-27,218.9662322998047,219.35153794116275,217.93291141052936,218.81736664054645,81001400,0.003894504607051319,218.1167755126953,218.97499084472656,213.3538055419922,0.0047559926935623,217.15495910644532,215.46802124023438,0.0011999160149380739
2017-09-28,219.22897338867188,219.30778227336725,218.5984755871736,218.68603656062376,44778800,0.0011999160149380739,218.9662322998047,218.3882751464844,214.3645782470703,0.004752717086518682,217.3981788635254,215.5482305908203,0.003515043442128274
2017-09-29,219.99957275390625,220.07839500104708,219.03632186830936,219.2202092670468,85578000,0.003515043442128274,219.22897338867188,218.4320831298828,215.6542205810547,0.003657671328768566,217.61544647216797,215.64193450927735,0.004338637021278791
2017-10-02,220.95407104492188,220.95407104492188,220.0520981995578,220.22724686046223,59023000,0.004338637021278791,219.99957275390625,217.98550415039065,215.9592437744141,0.0036587367791698754,217.86518783569335,215.75856201171874,0.0021401965105218856
2017-10-03,221.4269561767578,221.4532258056936,220.8752672451714,220.95408949394653,66810200,0.0021401965105218856,220.95407104492188,218.1167755126953,214.4081573486328,0.003658379365466103,218.21612777709962,215.88569244384766,0.001186167848160169
2017-10-04,221.68960571289065,221.9347977577812,221.16418655271696,221.27803048854625,55953600,0.001186167848160169,221.4269561767578,218.9662322998047,215.14013671875,0.0032449749133009863,218.54360122680663,216.00761962890624,0.0059251891951419555
2017-10-05,223.00315856933597,223.02066274400573,221.7246456342744,222.0223769472458,63522800,0.0059251891951419555,221.68960571289065,219.22897338867188,215.11398315429688,0.0032255468650975476,218.93805999755858,216.15564392089843,-0.0011388506189131675
2017-10-06,222.7491912841797,223.0381704971402,222.29384224736145,222.55653847553936,80646000,-0.0011388506189131675,223.00315856933597,219.99957275390625,214.8612518310547,0.0031835481178652415,219.33245697021485,216.30259765625,-0.00165103779665432
2017-10-09,222.3814239501953,223.03819130584384,222.11871433554268,222.97689996753897,35803100,-0.00165103779665432,222.7491912841797,220.95407104492188,217.1529693603516,0.0032328687943825375,219.59387969970703,216.4472491455078,0.002637987444617851
2017-10-10,222.9680633544922,223.3446167997708,222.4076225910231,222.9505591845438,43057400,0.002637987444617851,222.3814239501953,221.4269561767578,217.8848876953125,0.0032292408651199743,219.84803848266603,216.60607360839845,0.0015714697789932508
2017-10-11,223.3184509277344,223.3184509277344,222.7054706457304,222.8718405092995,47674300,0.0015714697789932508,222.9680633544922,221.68960571289065,217.98947143554688,0.0032285013222763037,220.1144874572754,216.76232086181642,-0.0014903591962447393
2017-10-12,222.98562622070312,223.3534142938193,222.74918625871257,223.00314375617472,47065100,-0.0014903591962447393,223.3184509277344,223.00315856933597,217.9197998046875,0.0032151942207342328,220.36777877807617,216.9098208618164,0.0012175656269446389
2017-10-13,223.2571258544922,223.53735302182952,222.9856641373634,223.42350906485288,54800400,0.0012175656269446389,222.98562622070312,222.7491912841797,218.2131500244141,0.003090461796283416,220.61997756958007,217.07111450195313,0.0013335721807219425
2017-10-16,223.5548553466797,223.74750818213676,223.14329341125787,223.4848119173923,38221700,0.0013335721807219425,223.2571258544922,222.3814239501953,218.6772918701172,0.003090267747777464,220.8638557434082,217.23052185058594,0.0007052130822624569
2017-10-17,223.71250915527344,223.7562963244937,223.2834162760633,223.5023387601968,31561000,0.0007052130822624569,223.5548553466797,222.9680633544922,218.89617919921875,0.00266212973550403,221.10467224121095,217.3850653076172,0.000978499542637179
2017-10-18,223.9314117431641,224.13281666932104,223.73875890528632,224.08902950399124,40888300,0.000978499542637179,223.71250915527344,223.3184509277344,218.97499084472656,0.0026362495607364592,221.3524932861328,217.55461730957032,0.0002735158003071003
2017-10-19,223.9926605224609,224.02769559285423,222.73167858955216,223.15200590052171,61903800,0.0002735158003071003,223.9314117431641,222.98562622070312,218.3882751464844,0.0026296790850985547,221.63271255493163,217.72556732177733,0.005160568934417631
2017-10-20,225.14859008789065,225.17488643668275,223.97518233287232,224.78958078944237,89176400,0.005160568934417631,223.9926605224609,223.2571258544922,218.4320831298828,0.002673742715470589,221.96853790283203,217.98045806884767,-0.0038893043317612674
2017-10-23,224.27291870117188,225.49890589243145,224.19410982012243,225.47263626541496,63915300,-0.0038893043317612674,225.14859008789065,223.5548553466797,217.98550415039065,0.002252476573441222,222.28290863037108,218.21156188964844,0.00175697971485822
2017-10-24,224.66696166992188,224.9033882834358,224.30792566307667,224.7019967428637,66935900,0.00175697971485822,224.27291870117188,223.71250915527344,218.1167755126953,0.002214807528726691,222.61041793823242,218.40837310791017,-0.004950021645265701
2017-10-25,223.5548553466797,224.4480627327108,222.42522132237863,224.3342187766771,103715300,-0.004950021645265701,224.66696166992188,223.9314117431641,218.9662322998047,0.0024682314002055245,222.83984909057617,218.58346435546875,0.0012925493746420713
2017-10-26,223.84381103515625,224.43927365517973,223.72121500385936,224.16782533084225,69798000,0.0012925493746420713,223.5548553466797,223.9926605224609,219.22897338867188,0.0024595666993205392,223.0705909729004,218.75684143066405,0.008176169482014384
2017-10-27,225.6739959716797,225.831640435457,223.8525730664973,224.58814924304767,85562500,0.008176169482014384,223.84381103515625,225.14859008789065,219.99957275390625,0.00279568097473236,223.35431213378905,219.03391693115233,-0.0037249393516640694
2017-10-30,224.8333740234375,225.5777157573964,224.5356426746408,224.5881819289029,54285700,-0.0037249393516640694,225.6739959716797,224.27291870117188,220.95407104492188,0.002924545048299188,223.54827728271485,219.3008026123047,0.0015580250130984297
2017-10-31,225.1836700439453,225.43762761750023,224.88593866154235,225.20993967404152,60304800,0.0015580250130984297,224.8333740234375,224.66696166992188,221.4269561767578,0.002926778944487125,223.73611297607422,219.57138244628905,0.0013219596064057981
2017-11-01,225.4813537597656,226.3045042940168,225.1135790161657,225.96299917495972,54202700,0.0013219596064057981,225.1836700439453,223.5548553466797,221.68960571289065,0.002925378136498743,223.92570037841796,219.80365203857423,0.00038850533113787833
2017-11-02,225.56895446777344,225.70906805636824,224.3429939724869,225.41133670207967,56449500,0.00038850533113787833,225.4813537597656,223.84381103515625,223.00315856933597,0.0028455572718819205,224.05399017333986,220.05300903320312,0.003338590087308413
2017-11-03,226.3220367431641,226.36581054305816,225.31497210628373,225.7265473762284,59589700,0.003338590087308413,225.56895446777344,225.6739959716797,222.7491912841797,0.0028695808555607256,224.23263244628907,220.32736114501952,0.0015477094796394475
2017-11-06,226.6723175048828,226.80366563440188,226.12062863696988,226.1906720647358,49652600,0.0015477094796394475,226.3220367431641,224.8333740234375,222.3814239501953,0.0028042733708070126,224.44717712402343,220.59878540039062,-0.0006953795361986925
2017-11-07,226.5146942138672,227.11015686909025,226.0067791602289,226.7773904664856,57502200,-0.0006953795361986925,226.6723175048828,225.1836700439453,222.9680633544922,0.0028254491461821734,224.6245086669922,220.86688354492188,0.0017007899094010348
2017-11-08,226.8999481201172,226.9962878847408,226.05929348051524,226.33952060169227,50469600,0.0017007899094010348,226.5146942138672,225.4813537597656,223.3184509277344,0.0027830914532241055,224.80358352661133,221.13780639648436,-0.0036276114878734944
2017-11-09,226.07684326171875,226.26949608312867,224.49182016688687,225.69153761889893,95085500,-0.0036276114878734944,226.8999481201172,225.56895446777344,222.98562622070312,0.00291880238680666,224.9581443786621,221.37205169677733,-0.00030999910098239436
2017-11-10,226.0067596435547,226.18190827946347,225.37626196778476,225.6915241676346,59984700,-0.00030999910098239436,226.07684326171875,226.3220367431641,223.2571258544922,0.0028899028098547676,225.09562606811522,221.57910247802735,0.0009300831464356119
2017-11-13,226.2169647216797,226.44465265198207,225.28873554666524,225.32377062608148,50228600,0.0009300831464356119,226.0067596435547,226.6723175048828,223.5548553466797,0.0028162120403444155,225.22873153686524,221.78425689697266,-0.002322844882972297
2017-11-14,225.6914978027344,225.79657628243265,224.63189410994792,225.41127070758787,61315200,-0.002322844882972297,226.2169647216797,226.5146942138672,223.71250915527344,0.0028599041611569735,225.3276809692383,222.00992370605468,-0.005004895571728674
2017-11-15,224.5619354248047,225.2449725244784,223.85262869529495,224.7195532038209,80811500,-0.005004895571728674,225.6914978027344,226.8999481201172,223.9314117431641,0.003037022826284247,225.3592071533203,222.19835968017577,0.008500912319048926
2017-11-16,226.47091674804688,226.83871826309365,225.46387871189867,225.507652517148,67777000,0.008500912319048926,224.5619354248047,226.07684326171875,223.9926605224609,0.003228025237968372,225.4831199645996,222.4254983520508,-0.0029388900335386436
2017-11-17,225.8053436279297,226.4446067590248,225.72653475816676,226.1206058309116,75756800,-0.0029388900335386436,226.47091674804688,226.0067596435547,225.14859008789065,0.003276281754820656,225.51595764160157,222.64438018798828,0.001706538263414048
2017-11-20,226.1906890869141,226.38334193268457,225.80538339537304,226.05060222083983,48075500,0.001706538263414048,225.8053436279297,226.2169647216797,224.27291870117188,0.0032590008711469182,225.61184616088866,222.82513458251952,0.006542660628470642
2017-11-21,227.6705780029297,227.8544920984872,226.15565178250472,226.9612714170117,69176800,0.006542660628470642,226.1906890869141,225.6914978027344,224.66696166992188,0.003418450032435469,225.76202697753905,223.02084838867188,-0.0008846147736901733
2017-11-22,227.46917724609372,227.8106823510006,227.3027940562393,227.67933423372872,45033400,-0.0008846147736901733,227.6705780029297,224.5619354248047,223.5548553466797,0.0034263003238769888,225.95774307250977,223.21044250488282,0.0023097893532215696
2017-11-24,227.9945831298828,228.09968835381477,227.81946120452665,227.95957477917068,27856500,0.0023097893532215696,227.46917724609372,226.47091674804688,223.84381103515625,0.0034158304179551266,226.1652816772461,223.4119381713867,-0.0004991348797234174
2017-11-27,227.8807830810547,228.3361321900217,227.6793647915844,228.0384008429355,52274900,-0.0004991348797234174,227.9945831298828,225.8053436279297,225.6739959716797,0.003422038693847356,226.27562103271484,223.60529083251953,0.010144702882172396
2017-11-28,230.19256591796875,230.21883554215188,228.2485335566228,228.34487332791497,98971700,0.010144702882172396,227.8807830810547,226.1906890869141,224.8333740234375,0.003832727297521888,226.5435806274414,223.83559631347657,-0.0006088466713951579
2017-11-29,230.0524139404297,230.85806015409528,229.60583040387328,230.32387558631203,77512100,-0.0006088466713951579,230.19256591796875,227.6705780029297,225.1836700439453,0.003843503565356117,226.78701782226562,224.05872100830078,0.00875495756204181
2017-11-30,232.06651306152344,232.9772110184788,230.89309218612135,230.97190104447756,127894400,0.00875495756204181,230.0524139404297,227.46917724609372,225.4813537597656,0.004099932103787157,227.11627578735352,224.32055145263672,-0.0020751923026218755
2017-12-01,231.58493041992188,232.32927213776017,228.3448940068808,231.8476534094766,164390900,-0.0020751923026218755,232.06651306152344,227.9945831298828,225.56895446777344,0.004140424870031037,227.41707458496094,224.58448455810546,-0.0012098450631377045
2017-12-04,231.30474853515625,233.6340602076984,231.25218255388123,233.2049806981147,94040600,-0.0012098450631377045,231.58493041992188,227.8807830810547,226.3220367431641,0.004089092255128446,227.66621017456055,224.84193786621094,-0.0035967255429654177
2017-12-05,230.47280883789065,232.1891534245384,230.3414607079821,230.47280883789065,77994500,-0.0035967255429654177,231.30474853515625,230.19256591796875,226.6723175048828,0.0040775895741378895,227.85623474121093,225.09168395996093,0.00018981392409256337
2017-12-06,230.5165557861328,230.94566192575616,230.0524412985673,230.5690950319757,75898600,0.00018981392409256337,230.47280883789065,230.0524139404297,226.5146942138672,0.004076501135871477,228.05632781982422,225.3396795654297,0.003153080071513381
2017-12-07,231.24339294433597,231.55862841900824,230.25385927562056,231.24339294433597,77218600,0.003153080071513381,230.5165557861328,232.06651306152344,226.8999481201172,0.0039442124377422425,228.27350006103515,225.58522277832031,0.005453069651285114
2017-12-08,232.5043792724609,232.513117997132,231.2083489043539,232.19788253468707,76563900,0.005453069651285114,231.24339294433597,231.58493041992188,226.07684326171875,0.004022305270375925,228.59487686157226,225.8507308959961,0.0030131110890456725
2017-12-11,233.20494079589844,233.2662454936168,232.4781300444395,233.20494079589844,83077500,0.0030131110890456725,232.5043792724609,231.30474853515625,226.0067596435547,0.0038222790843582865,228.95478591918945,226.11483825683592,0.001764865341095101
2017-12-12,233.61651611328125,234.08939607247345,233.23997592537404,233.9930563011885,85195800,0.001764865341095101,233.20494079589844,230.47280883789065,226.2169647216797,0.0037130796038074426,229.32476348876952,226.36808715820314,-0.00011247336105690842
2017-12-13,233.5902404785156,234.29954703708705,233.5026661588548,233.86170216271307,102905400,-0.00011247336105690842,233.61651611328125,230.5165557861328,225.6914978027344,0.003721358104563674,229.7197006225586,226.61135284423827,-0.004086207921445206
2017-12-14,232.6357421875,234.0018160595599,232.58320294041545,233.8879721162332,100666700,-0.004086207921445206,233.5902404785156,231.24339294433597,224.5619354248047,0.0038456254532086977,230.12339096069337,226.83027557373046,0.008327552588164755
2017-12-15,234.57302856445312,235.03951542888447,233.58724702909123,233.6400548355905,144610300,0.008327552588164755,232.6357421875,232.5043792724609,226.47091674804688,0.004065490542382648,230.52849655151368,227.06167297363282,0.0063412567168184
2017-12-18,236.06051635742188,236.4125773620688,235.86687877578612,235.97249439112693,83653600,0.0063412567168184,234.57302856445312,233.20494079589844,225.8053436279297,0.0041530831430556985,231.04125518798827,227.32789947509767,-0.003840673924282334
2017-12-19,235.1538848876953,236.3508973619144,235.0834565889025,236.3068998205633,82382900,-0.003840673924282334,236.06051635742188,233.61651611328125,226.1906890869141,0.004262169425196769,231.48941497802736,227.58334869384765,-0.0005240397390313678
2017-12-20,235.03065490722656,236.17485961736992,234.73140178088948,236.1220518221649,76751500,-0.0005240397390313678,235.1538848876953,233.5902404785156,227.6705780029297,0.004259608932782267,231.8574188232422,227.82460052490234,0.0020597327697018386
2017-12-21,235.51475524902344,236.22771426568343,235.268309897034,235.6555850016644,67032300,0.0020597327697018386,235.03065490722656,232.6357421875,227.46917724609372,0.004261452440661432,232.25969772338868,228.06852661132814,-0.0002614888081688971
2017-12-22,235.4531707763672,235.5675966324368,234.9162556503168,235.5323824781393,78720900,-0.0002614888081688971,235.51475524902344,234.57302856445312,227.9945831298828,0.004171925431027949,232.63262710571288,228.3178775024414,-0.0011965140309302402
2017-12-26,235.17144775390625,235.39148915291543,234.90740881930412,235.0482116774104,45244400,-0.0011965140309302402,235.4531707763672,236.06051635742188,227.8807830810547,0.004187301958287655,232.99716033935547,228.55616394042968,0.0004867573705913397
2017-12-27,235.28591918945312,235.64679037704607,235.01306995063143,235.3387269866104,57751000,0.0004867573705913397,235.17144775390625,235.1538848876953,230.19256591796875,0.004189559440370865,233.2518280029297,228.79078521728516,0.002057433290846511
2017-12-28,235.7700042724609,235.81402867797968,235.4003496850609,235.7876247788797,45116100,0.002057433290846511,235.28591918945312,235.03065490722656,230.0524139404297,0.004134204406905795,233.53770751953124,229.0319351196289,-0.0037706559454100397
2017-12-29,234.8809967041016,236.36847882828332,234.68738604371111,236.35088518475453,96007400,-0.0037706559454100397,235.7700042724609,235.51475524902344,232.06651306152344,0.0040732860964801535,233.67843170166014,229.25092681884766,0.007157529243019045
2018-01-02,236.56216430664065,236.5973784613616,235.35634139761444,235.74361651795525,86655700,0.007157529243019045,234.8809967041016,235.4531707763672,231.58493041992188,0.004000477696164542,233.9272933959961,229.50231689453125,0.006325089474279455
2018-01-03,238.05844116210935,238.20808116432923,236.7293822301692,236.7293822301692,90070400,0.006325089474279455,236.56216430664065,235.17144775390625,231.30474853515625,0.0040066042128686155,234.26497802734374,229.7605139160156,0.004214878692281321
2018-01-04,239.06182861328125,239.54593593694952,238.12007158752897,238.7009842596132,80636400,0.004214878692281321,238.05844116210935,235.28591918945312,230.47280883789065,0.004031315012188331,234.69442901611328,230.05629211425781,0.006664196105534481
2018-01-05,240.6549835205078,240.7781927848289,239.36113851220543,239.8540292905556,83524000,0.006664196105534481,239.06182861328125,235.7700042724609,230.5165557861328,0.004036246963105156,235.20135040283202,230.37605255126954,0.0018282903440463016
2018-01-08,241.094970703125,241.25339406310965,240.26761289806453,240.55805572470305,57319200,0.0018282903440463016,240.6549835205078,234.8809967041016,231.24339294433597,0.004002925451262332,235.69392929077148,230.72685485839844,0.002263993316624857
2018-01-09,241.64080810546875,242.2657185142006,241.23591236073528,241.5175719586705,57254000,0.002263993316624857,241.094970703125,236.56216430664065,232.5043792724609,0.004002791773285675,236.15075073242187,231.08279479980467,-0.001530104623768902
2018-01-10,241.2710723876953,241.5351382742084,240.2148894232378,240.88379724256805,69574300,-0.001530104623768902,241.64080810546875,238.05844116210935,233.20494079589844,0.004028860338756505,236.5540573120117,231.394736328125,0.007296194692353097
2018-01-11,243.03143310546875,243.03143310546872,241.6583762859321,241.8256099757955,62361500,0.007296194692353097,241.2710723876953,239.06182861328125,233.61651611328125,0.0038581158198025996,237.0248031616211,231.75869750976562,0.006518741271280826
2018-01-12,244.61569213867188,244.78289892979487,242.9961634215676,243.29544343228133,90816100,0.006518741271280826,243.03143310546875,240.6549835205078,233.5902404785156,0.003922442493361629,237.5760757446289,232.14733795166015,-0.0034183483214599297
2018-01-16,243.77951049804688,246.5256233589057,243.084172029904,245.87430929487635,106555100,-0.0034183483214599297,244.61569213867188,241.094970703125,232.6357421875,0.003834161567262316,238.13326416015624,232.51330108642577,0.009531661018103321
2018-01-17,246.10313415527344,246.49040923677632,243.77951052678327,244.712484079351,113258800,0.009531661018103321,243.77951049804688,241.64080810546875,234.57302856445312,0.004026126368135187,238.70976943969725,232.92398468017578,-0.001680677479126369
2018-01-18,245.68951416015625,246.41122976047916,245.19659656063544,245.98876733307665,100728000,-0.001680677479126369,246.10313415527344,241.2710723876953,236.06051635742188,0.004040111544242206,239.19121932983398,233.31133422851562,0.004549760183953033
2018-01-19,246.80734252929688,246.80734252929688,245.68954141873647,246.2704273208626,140920100,0.004549760183953033,245.68951416015625,243.03143310546875,235.1538848876953,0.003921543111136688,239.77389221191407,233.7140347290039,0.008130874969072277
2018-01-22,248.8141021728516,248.8141021728516,246.54325909295477,246.59609375901607,91322400,0.008130874969072277,246.80734252929688,244.61569213867188,235.03065490722656,0.00404090888389976,240.46306457519532,234.1600228881836,0.0021224336806164867
2018-01-23,249.3421936035156,249.63263651822,248.532429194971,248.85808626496785,97084700,0.0021224336806164867,248.8141021728516,243.77951049804688,235.51475524902344,0.0040400494847345324,241.15443649291993,234.60886779785156,-0.00038847333284774965
2018-01-24,249.24533081054688,250.5831999422078,248.06591192799587,249.98466681779405,134816100,-0.00038847333284774965,249.3421936035156,246.10313415527344,235.4531707763672,0.004034721905551382,241.84404449462892,235.07223754882813,0.0004238869997088557
2018-01-25,249.3509826660156,250.20474464268864,248.5588387473728,250.1079392890964,84587300,0.0004238869997088557,249.24533081054688,245.68951416015625,235.17144775390625,0.004047238543037325,242.5530212402344,235.53912200927735,0.011577969810052657
2018-01-26,252.2379608154297,252.28198523181229,249.93193018987827,250.18718585118629,107743100,0.011577969810052657,249.3509826660156,246.80734252929688,235.28591918945312,0.004389445775432606,243.4006233215332,236.05954193115235,-0.006630161989228722
2018-01-29,250.56558227539065,252.10587235640563,250.4071588850128,251.66578947611563,90118300,-0.006630161989228722,252.2379608154297,248.8141021728516,235.7700042724609,0.00467851820843256,244.1404022216797,236.55702362060546,-0.01025694677799871
2018-01-30,247.99554443359372,250.61842153870128,247.52024734225677,248.7348805420454,131796400,-0.01025694677799871,250.56558227539065,249.3421936035156,234.8809967041016,0.005088965233710825,244.7961296081543,237.02569580078125,0.0004969655383904037
2018-01-31,248.1187896728516,249.3510166989814,247.04498607996672,248.8493424937056,108364800,0.0004969655383904037,247.99554443359372,249.24533081054688,236.56216430664065,0.004960163061092138,245.37396087646485,237.45865325927736,-0.0011353130702203007
2018-02-01,247.83709716796875,249.139752342768,247.04495324648897,247.38823083343112,90102500,-0.0011353130702203007,248.1187896728516,249.3509826660156,238.05844116210935,0.0049161726599590274,245.8628936767578,237.89928833007812,-0.021769949142520395
2018-02-02,242.4416961669922,246.6488878909768,242.4064820117474,246.5168415239415,173174800,-0.021769949142520395,247.83709716796875,252.2379608154297,239.06182861328125,0.0064541210517531636,246.03188705444336,238.22430847167968,-0.04182247224262303
2018-02-05,232.30218505859372,242.7937746544456,231.75648648531623,240.681381816374,294681800,-0.04182247224262303,242.4416961669922,250.56558227539065,240.6549835205078,0.010146772890682517,245.61424713134767,238.31694061279296,0.0197025043621466
2018-02-06,236.87911987304688,237.38082102428388,227.69899338957583,228.7903908184795,355026800,0.0197025043621466,232.30218505859372,247.99554443359372,241.094970703125,0.010781957191766072,245.40345458984376,238.50513946533204,-0.005425560627952297
2018-02-07,235.5939178466797,239.72186944639785,235.5146793121883,236.3244434136498,167376100,-0.005425560627952297,236.87911987304688,248.1187896728516,241.64080810546875,0.010831506978905866,245.1011100769043,238.65712615966797,-0.037508509617592334
2018-02-08,226.75714111328125,236.034097056527,226.7219269569538,235.89326729174837,246449500,-0.037508509617592334,235.5939178466797,247.83709716796875,241.2710723876953,0.012824350854320078,244.3754135131836,238.6346533203125,0.015021375763117462
2018-02-09,230.1633453369141,232.0204821901741,222.6115215341133,229.54721856312065,283565300,0.015021375763117462,226.75714111328125,242.4416961669922,243.03143310546875,0.01315786345366941,243.73200912475585,238.6340689086914,0.014684581030808497
2018-02-12,233.54319763183597,235.0130863835661,230.3041938305799,232.2141386358816,143736000,0.014684581030808497,230.1633453369141,232.30218505859372,244.61569213867188,0.013446210680098774,243.17838439941406,238.70388458251952,0.0024872779284970115
2018-02-13,234.12408447265625,234.6697829282541,231.75643650715455,232.33734911294388,81223600,0.0024872779284970115,233.54319763183597,236.87911987304688,243.77951049804688,0.013437887844599677,242.69561309814452,238.74503601074218,0.013496219520429342
2018-02-14,237.28387451171875,237.64474568212884,232.62779030685115,232.63660055946704,120735700,0.013496219520429342,234.12408447265625,235.5939178466797,246.10313415527344,0.013603430900805794,242.2546501159668,238.85901489257813,0.012760249805860102
2018-02-15,240.31167602539065,240.3204862790797,236.56216098587512,239.0266414316785,111200300,0.012760249805860102,237.28387451171875,226.75714111328125,245.68951416015625,0.013753379427051314,241.98575820922852,239.03915344238283,0.00029284276286589694
2018-02-16,240.38204956054688,242.32723516288613,239.6427135708152,239.68673797361885,160420100,0.00029284276286589694,240.31167602539065,230.1633453369141,246.80734252929688,0.013734561368735609,241.66449356079102,239.23733825683593,-0.006261077571853346
2018-02-20,238.8769989013672,240.8749925095738,238.08485503306727,239.4315076673359,86369700,-0.006261077571853346,240.38204956054688,233.54319763183597,248.8141021728516,0.013729989449620558,241.1676383972168,239.40454711914063,-0.004974307640036479
2018-02-21,237.68875122070312,241.7991371121962,237.59194588077656,239.3170632383745,98883700,-0.004974307640036479,238.8769989013672,234.12408447265625,249.3421936035156,0.013752265273070684,240.58496627807617,239.53345428466798,0.0012961917986387128
2018-02-22,237.9968414306641,240.32927557049345,237.32793364711856,238.61296827236853,110511300,0.0012961917986387128,237.68875122070312,237.28387451171875,249.24533081054688,0.013746979653608285,240.02254180908204,239.64330352783202,0.01593917073535689
2018-02-23,241.79031372070312,241.79031372070312,238.74494789704653,239.22024489952148,92766400,0.01593917073535689,237.9968414306641,240.31167602539065,249.3509826660156,0.014064387534676656,239.6445083618164,239.81501098632813,0.011612290064918707
2018-02-26,244.5980529785156,244.69488517707467,242.27442939994543,242.8641254019329,86491400,0.011612290064918707,241.79031372070312,240.38204956054688,252.2379608154297,0.014161552665540653,239.26251296997071,240.0346417236328,-0.012486542401991985
2018-02-27,241.5438690185547,245.49583131620943,241.48225097241271,244.7828723804004,99099200,-0.012486542401991985,244.5980529785156,238.8769989013672,250.56558227539065,0.014298774230664207,238.8114273071289,240.1937142944336,-0.01012993262904649
2018-02-28,239.0970458984375,243.0930063469333,238.78019908798584,242.64411317159696,121907800,-0.01012993262904649,241.5438690185547,237.68875122070312,247.99554443359372,0.014401044668141452,238.3665023803711,240.32294036865235,-0.014540765402058398
2018-03-01,235.62039184570312,240.4348997734121,234.12409926408975,238.8857993934386,176855100,-0.014540765402058398,239.0970458984375,237.9968414306641,248.1187896728516,0.01449060217944013,237.74158248901367,240.34388763427734,0.00515515925857013
2018-03-02,236.8350524902344,237.3983716162241,233.08556364243583,233.94810912087289,139083200,0.00515515925857013,235.62039184570312,241.79031372070312,247.83709716796875,0.0145388431973652,237.19148025512695,240.3593783569336,0.01155740185920906
2018-03-05,239.5722503662109,240.18837696240507,235.54107732132377,235.64671974450067,97307400,0.01155740185920906,236.8350524902344,244.5980529785156,242.4416961669922,0.01468858939858797,237.0480079650879,240.44774566650392,0.0025353159912864243
2018-03-06,240.1796417236328,240.6285348656421,238.68334915728695,240.54929630838225,79213200,0.0025353159912864243,239.5722503662109,241.5438690185547,232.30218505859372,0.014605437750092938,237.44188079833984,240.55072540283203,-0.00036669939981870403
2018-03-07,240.0915679931641,240.44362885622,237.82075259500968,238.0143900987688,87063500,-0.00036669939981870403,240.1796417236328,239.0970458984375,236.87911987304688,0.014593728818367346,237.6025032043457,240.64226165771484,0.004839385912903671
2018-03-08,241.2534637451172,241.37667299607364,239.7747915704599,240.7693564135305,66901200,0.004839385912903671,240.0915679931641,235.62039184570312,235.5939178466797,0.014634356521779468,237.88548049926757,240.75826751708985,0.01740261253282327
2018-03-09,245.451904296875,245.451904296875,242.3449191865552,242.66179293491425,113625300,0.01740261253282327,241.2534637451172,236.8350524902344,226.75714111328125,0.015013948658223258,238.82021865844726,240.9638766479492,-0.0012553201753381371
2018-03-12,245.14378356933597,246.36722699736956,244.75650844539223,245.7423167630409,71924800,-0.0012553201753381371,245.451904296875,239.5722503662109,230.1633453369141,0.014842303696046236,239.56924057006836,241.16103393554687,-0.006462632945143154
2018-03-13,243.55950927734372,246.80732360191908,242.9521926566162,246.3056225916604,91968900,-0.006462632945143154,245.14378356933597,240.1796417236328,233.54319763183597,0.014840082511299337,240.07005615234374,241.31682403564454,-0.005131714764067041
2018-03-14,242.30963134765625,244.70368337191348,241.75514946256,244.5188560768814,105895100,-0.005131714764067041,243.55950927734372,240.0915679931641,234.12408447265625,0.014757171503296787,240.47933349609374,241.46539672851563,-0.0010894833527748116
2018-03-15,242.04563903808597,243.4626933408529,241.54393799427896,242.8201893806932,83433000,-0.0010894833527748116,242.30963134765625,241.2534637451172,237.28387451171875,0.014755701385225549,240.7174217224121,241.57506622314452,0.001084493607425907
2018-03-16,242.30813598632807,243.35973066378796,242.25511667218012,242.573232557068,100343700,0.001084493607425907,242.04563903808597,245.451904296875,240.31167602539065,0.014759108396003315,240.81724472045897,241.6600601196289,-0.013530558682148142
2018-03-19,239.02957153320312,242.4848066021143,237.3770736672259,241.5569418332519,109208400,-0.013530558682148142,242.30813598632807,245.14378356933597,240.38204956054688,0.014425340135988375,240.7496208190918,241.65941497802734,0.0017008572335779348
2018-03-20,239.4361267089844,240.07238541259784,238.75566726721885,239.4272811677312,59757300,0.0017008572335779348,239.02957153320312,243.55950927734372,238.8769989013672,0.012116552821548826,240.77757720947267,241.63503784179687,-0.0019193603542666526
2018-03-21,238.9765625,241.48624182819265,238.7644852792856,239.3918983693061,78709600,-0.0019193603542666526,239.4361267089844,242.30963134765625,237.68875122070312,0.011602818717742405,240.8419677734375,241.59266967773436,-0.024997177804929827
2018-03-22,233.00282287597656,237.5979999945079,232.72885384939,236.7496641672284,148785900,-0.024997177804929827,238.9765625,242.04563903808597,237.9968414306641,0.012458012117702191,240.59226684570314,241.41990997314454,-0.02131463287700064
2018-03-23,228.0364532470703,233.77162621271535,227.8420401470805,233.4446648554846,183534800,-0.02131463287700064,233.00282287597656,242.30813598632807,241.79031372070312,0.011062568085036667,239.9045738220215,241.15521759033203,0.02735931922419832
2018-03-26,234.2753753662109,234.5581630397943,229.2383514000773,231.641992689302,141956100,0.02735931922419832,228.0364532470703,239.02957153320312,244.5980529785156,0.011833263185925293,239.38843994140626,240.98009643554687,-0.01701211406853853
2018-03-27,230.28985595703125,235.74221375579825,228.7345513295718,235.21202078562465,129941400,-0.01701211406853853,234.2753753662109,239.4361267089844,241.5438690185547,0.011952149859962314,238.82573928833008,240.69357971191405,-0.0029546239414121045
2018-03-28,229.60943603515625,232.0926327220534,228.50482221120828,230.4224436755508,146452300,-0.0029546239414121045,230.28985595703125,238.9765625,239.0970458984375,0.011948138142028709,238.35135879516602,240.41017822265624,0.012777448011268788
2018-03-29,232.5432586669922,234.40786051928043,229.61824389857856,230.7493671899762,111601600,0.012777448011268788,229.60943603515625,233.00282287597656,235.62039184570312,0.01191962537869003,238.19750213623047,240.13898071289063,-0.021584643786677793
2018-04-02,227.52389526367188,232.5255889534384,225.0495580668502,232.0130331334397,186286300,-0.021584643786677793,232.5432586669922,228.0364532470703,236.8350524902344,0.012236921318934314,237.73194427490233,239.77566833496093,0.012817109724186482
2018-04-03,230.44009399414065,230.9172946885921,226.96719481188143,228.7610864758668,119956900,0.012817109724186482,227.52389526367188,234.2753753662109,239.5722503662109,0.012519350278999366,237.27533645629882,239.44832336425782,0.010699158701008793
2018-04-04,232.90560913085935,233.6125511780007,226.7551270227763,226.8876752856015,123715300,0.010699158701008793,230.44009399414065,230.28985595703125,240.1796417236328,0.012671072141374671,236.91163482666016,239.13015350341797,0.007891794533200436
2018-04-05,234.74365234375,235.62734320129803,233.57717393944145,234.66409643463845,82652600,0.007891794533200436,232.90560913085935,229.60943603515625,240.0915679931641,0.012741259395289983,236.64423904418945,238.83818267822267,-0.02228571465715401
2018-04-06,229.51222229003903,234.27530264645085,227.9922727264716,232.78188970165436,179521200,-0.02228571465715401,234.74365234375,232.5432586669922,241.2534637451172,0.013349926113080087,236.05717697143555,238.4435205078125,0.0049283596451985545
2018-04-09,230.64334106445312,234.036711122102,229.70663080225304,230.970302405471,105442900,0.0049283596451985545,229.51222229003903,227.52389526367188,245.451904296875,0.013011738750456607,235.31674880981444,238.06936767578125,0.01590022971210492
2018-04-10,234.3106231689453,235.0971209690784,232.39302912916128,233.5329709070938,103529000,0.01590022971210492,230.64334106445312,230.44009399414065,245.14378356933597,0.013183051506634869,234.77509078979492,237.71082092285155,-0.005241999739381664
2018-04-11,233.08236694335935,234.7437104819056,232.755405559986,232.82608898012964,91140200,-0.005241999739381664,234.3106231689453,232.90560913085935,243.55950927734372,0.013037513930482171,234.2512336730957,237.36115661621093,0.008227014538385813
2018-04-12,234.99993896484372,235.94549479836687,234.23113211691503,234.4078811025094,68890500,0.008227014538385813,233.08236694335935,234.74365234375,242.30963134765625,0.013030142426398994,233.88574905395507,237.10124450683594,-0.0029332594677887736
2018-04-13,234.3106231689453,236.42265724229676,233.3032296247137,236.3077731170544,85079200,-0.0029332594677887736,234.99993896484372,229.51222229003903,242.04563903808597,0.012768353398588306,233.49899826049804,236.8250811767578,0.008221854687820773
2018-04-16,236.23709106445312,237.00592484828672,235.12365879979507,235.94548491535664,63405300,0.008221854687820773,234.3106231689453,230.64334106445312,242.30813598632807,0.012824087585296854,233.1954460144043,236.5930810546875,0.010698335890490851
2018-04-17,238.76443481445312,239.3653381248785,237.49191782290248,238.00444665400536,64682000,0.010698335890490851,236.23709106445312,234.3106231689453,239.02957153320312,0.012798313228549534,233.18218917846679,236.51953582763673,0.0007404938218900092
2018-04-18,238.9412384033203,239.74537353512525,238.48170179301928,239.20633493379327,57303900,0.0007404938218900092,238.76443481445312,233.08236694335935,239.4361267089844,0.012790084648636072,233.1574447631836,236.65231689453125,-0.005547901933763977
2018-04-19,237.61561584472656,238.4904610468768,236.58168581373903,238.28720246831307,77655900,-0.005547901933763977,238.9412384033203,234.99993896484372,238.9765625,0.012828829874071256,233.08939743041992,236.66704681396484,-0.008479245011856484
2018-04-20,235.60081481933597,237.765868283229,234.71712393090704,237.54494556112175,99953100,-0.008479245011856484,237.61561584472656,234.3106231689453,233.00282287597656,0.012876433263194166,233.21929702758788,236.66718475341796,-0.00015006151097141096
2018-04-23,235.56546020507807,236.7319385194425,234.48735636327515,236.17520900721848,65558000,-0.00015006151097141096,235.60081481933597,236.23709106445312,228.0364532470703,0.0124155916601892,233.5957473754883,236.8433511352539,-0.013467208031497147
2018-04-24,232.3930511474609,236.8115058101528,230.8907657749029,236.59058307701824,112885500,-0.013467208031497147,235.56546020507807,238.76443481445312,234.2753753662109,0.012612877305040151,233.5016311645508,236.88794525146486,0.002471682576706158
2018-04-25,232.9674530029297,233.4092984846428,230.5107932033293,232.33119443053852,103840900,0.002471682576706158,232.3930511474609,238.9412384033203,230.28985595703125,0.012602063797600257,233.6355110168457,236.87643035888672,0.010165607189793313
2018-04-26,235.3357086181641,236.16638017642003,233.5506628057973,233.9925082317588,67731900,0.010165607189793313,232.9674530029297,237.61561584472656,229.60943603515625,0.012754592965968698,233.92182464599608,236.90066284179687,0.0009388599244979368
2018-04-27,235.55665588378903,236.2459337414099,234.61994564056343,235.94548205661184,57053600,0.0009388599244979368,235.3357086181641,235.60081481933597,232.5432586669922,0.012758897104149207,234.07249450683594,236.86611846923827,-0.007690523319247022
2018-04-30,233.7451019287109,236.73198165607025,233.6743915505361,236.17525204240047,82182300,-0.007690523319247022,235.55665588378903,235.56546020507807,227.52389526367188,0.012814041207295146,234.3835548400879,236.7347869873047,0.001776649862172075
2018-05-01,234.16038513183597,234.26642370716084,231.62417002084163,233.17947437387755,74203400,0.001776649862172075,233.7451019287109,232.3930511474609,230.44009399414065,0.012605853146198586,234.56956939697267,236.61035369873048,-0.006717283762768589
2018-05-02,232.58746337890625,234.7789996239809,232.19863721256587,233.96601907116516,86368900,-0.006717283762768589,234.16038513183597,232.9674530029297,232.90560913085935,0.012646296355010156,234.553662109375,236.48456298828125,-0.0022037214558010554
2018-05-03,232.0749053955078,232.728828047359,228.920122334684,231.7567896085878,136311500,-0.0022037214558010554,232.58746337890625,235.3357086181641,234.74365234375,0.012647201494766403,234.42022476196288,236.37228607177735,0.012946782884454278
2018-05-04,235.07952880859372,235.75998830808783,230.7759568789304,231.1029183156721,91222100,0.012946782884454278,232.0749053955078,235.55665588378903,229.51222229003903,0.012036699474409185,234.69859008789064,236.31393981933593,0.00338299481532478
2018-05-07,235.8748016357422,236.84684011200807,235.1589871513474,235.8482919858096,55304900,0.00338299481532478,235.07952880859372,233.7451019287109,230.64334106445312,0.011326358573580752,234.96016311645508,236.1956295776367,0.0
2018-05-08,235.8748016357422,236.2370911954513,234.31065138539756,235.5036395685785,67499200,0.0,235.8748016357422,234.16038513183597,234.3106231689453,0.010191092175814764,235.03837203979492,236.02116455078124,0.00966568684727176
2018-05-09,238.1546936035156,238.4816549162005,236.0249953336343,236.54636971982185,59666100,0.00966568684727176,235.8748016357422,232.58746337890625,233.08236694335935,0.009786324201164383,235.29198837280273,235.95338104248046,0.009350509293294174
2018-05-10,240.38156127929688,240.70854952792095,238.79092862937145,238.89696721028608,72063900,0.009350509293294174,238.1546936035156,232.0749053955078,234.99993896484372,0.009865195100280767,235.5610694885254,235.97907135009766,0.0030514206044747194
2018-05-11,241.1150665283203,241.38016301005507,239.99276183006265,240.50531765222445,59871500,0.0030514206044747194,240.38156127929688,235.07952880859372,234.3106231689453,0.00964169058752063,235.90129165649415,236.08896484375,0.0004767836305383799
2018-05-14,241.2300262451172,242.20206496145371,240.6821150643434,241.54814212287508,54790600,0.0004767836305383799,241.1150665283203,235.8748016357422,236.23709106445312,0.008627841337538605,236.15093841552735,236.17686431884766,-0.0068872333040950195
2018-05-15,239.5686187744141,240.01928281464853,238.6230629980571,240.00161870440056,87036100,-0.0068872333040950195,241.2300262451172,235.8748016357422,238.76443481445312,0.008524408172484822,236.1911476135254,236.17679168701173,0.004204933017816215
2018-05-16,240.57598876953125,241.0355252718733,239.5774137924936,239.6039504074176,53942600,0.004204933017816215,239.5686187744141,238.1546936035156,238.9412384033203,0.00835916139239177,236.27288513183595,236.1847186279297,-0.0008446449497498953
2018-05-17,240.37278747558597,241.45089152917097,239.5951351132481,240.31092263583,56536400,-0.0008446449497498953,240.57598876953125,240.38156127929688,237.61561584472656,0.008266581320046647,236.4107437133789,236.19034301757813,-0.002500083951884835
2018-05-18,239.77183532714844,240.3904297322552,239.4183643677041,240.02811323419044,64368000,-0.002500083951884835,240.37278747558597,241.1150665283203,235.60081481933597,0.007060632451822867,236.61929473876953,236.16071044921875,0.007518541001866774
2018-05-21,241.57456970214844,242.1136351582383,240.86762779080024,241.2564539324733,58025900,0.007518541001866774,239.77183532714844,241.2300262451172,235.56546020507807,0.007119806911381207,236.91975021362305,236.08316375732423,-0.0027802216938773716
2018-05-22,240.90293884277344,242.3522047163044,240.5759775578704,242.0959268302574,52966400,-0.0027802216938773716,241.57456970214844,239.5686187744141,232.3930511474609,0.006622750666026315,237.34524459838866,235.99834686279297,0.002751299023962428
2018-05-23,241.56573486328125,241.59227148003484,239.47139171583964,239.6304765758288,64694200,0.002751299023962428,240.90293884277344,240.57598876953125,232.9674530029297,0.006525266810204817,237.77515869140626,235.95847137451173,-0.002048479804376724
2018-05-24,241.0708923339844,241.44205441736767,239.2858462349344,241.16811236672407,76043800,-0.002048479804376724,241.56573486328125,240.37278747558597,235.3357086181641,0.006413117208834567,238.06191787719726,235.93369659423828,-0.0023827092931361094
2018-05-25,240.4964904785156,241.1239035119364,239.9927801566488,240.4964904785156,56374800,-0.0023827092931361094,241.0708923339844,239.77183532714844,235.55665588378903,0.006402636493843901,238.30890960693358,235.90271362304688,-0.011501043894054042
2018-05-29,237.73052978515625,239.63048690313877,236.6170975258855,238.87049866232425,115908600,-0.011501043894054042,240.4964904785156,241.57456970214844,233.7451019287109,0.006632172951039331,238.50818099975587,235.81116149902343,0.013344558902401715
2018-05-30,240.90293884277344,241.344784247908,238.96768077893915,239.0383641777952,69678400,0.013344558902401715,237.73052978515625,240.90293884277344,234.16038513183597,0.006791858490093735,238.84530868530274,235.84862884521485,-0.006125800181975838
2018-05-31,239.42721557617188,240.79692568949417,238.82631223407603,240.49647401844624,93519900,-0.006125800181975838,240.90293884277344,241.56573486328125,232.58746337890625,0.006892136188794503,239.18729629516602,235.8484506225586,0.009817793549490528
2018-06-01,241.77786254882807,242.0783142521023,240.65555772130296,240.726268103314,71258400,0.009817793549490528,239.42721557617188,241.0708923339844,232.0749053955078,0.00702826297593377,239.67244415283204,235.90447662353515,0.0047512318277249665
2018-06-04,242.92660522460935,243.18288311790948,242.36105711344487,242.5996439304528,45385200,0.0047512318277249665,241.77786254882807,240.4964904785156,235.07952880859372,0.006851597855952618,240.0647979736328,236.1029522705078,0.000727555359971932
2018-06-05,243.1033477783203,243.4833283551409,242.2903403653031,243.05914705685765,51135000,0.000727555359971932,242.92660522460935,237.73052978515625,235.8748016357422,0.0068481970900412265,240.4262252807617,236.40429016113282,0.008360584008770822
2018-06-06,245.1358337402344,245.24187232618863,243.0945100563013,243.7131044318404,62732200,0.008360584008770822,243.1033477783203,240.90293884277344,235.8748016357422,0.006394609935147908,240.88927688598633,236.62149932861328,-0.00010793501639760894
2018-06-07,245.109375,245.91353706797383,244.1991743240489,245.62193089603647,72969400,-0.00010793501639760894,245.1358337402344,239.42721557617188,238.1546936035156,0.006402615391127105,241.23701095581055,236.91788970947266,0.0029567675463759713
2018-06-08,245.8341064453125,245.8871257705088,244.48205971656608,244.64996323572785,72139700,0.0029567675463759713,245.109375,241.77786254882807,240.38156127929688,0.006206793328811262,241.50963821411133,237.2423831176758,0.0013295898003498063
2018-06-11,246.1609649658203,246.87675252466192,245.94004221387883,246.0549263597859,58892500,0.0013295898003498063,245.8341064453125,242.92660522460935,241.1150665283203,0.006206040617060293,241.76193313598634,237.51473724365235,0.001292367752979251
2018-06-12,246.4790954589844,246.8413850221631,245.8339913469702,246.57628852029868,72329000,0.001292367752979251,246.1609649658203,243.1033477783203,241.2300262451172,0.005959767648426593,242.02438659667968,237.89384124755858,-0.003190812204154181
2018-06-13,245.692626953125,246.97398979103377,245.48936829863752,246.71771182982977,79070600,-0.003190812204154181,246.4790954589844,245.1358337402344,239.5686187744141,0.006028670116184532,242.33058700561523,238.19889190673828,0.002517558381369689
2018-06-14,246.3111724853516,246.84136544703483,245.71908772066405,246.55860485683905,77097600,0.002517558381369689,245.692626953125,245.109375,240.57598876953125,0.005820384301338723,242.61734619140626,238.46700317382812,-0.001275844524514791
2018-06-15,245.99691772460935,246.334232444218,244.4168859505481,245.5264595865237,120041600,-0.001275844524514791,246.3111724853516,245.8341064453125,240.37278747558597,0.005800095147934513,242.89855270385743,238.69206848144532,-0.002056860915139236
2018-06-18,245.49093627929688,245.61522152460049,244.0618184934996,244.54113478173028,52917600,-0.002056860915139236,245.99691772460935,246.1609649658203,239.77183532714844,0.0054567777759891335,243.18450775146485,239.01164276123046,-0.0038325526304699986
2018-06-19,244.55007934570312,244.77199411824915,242.80138985447235,243.2185907104271,97531500,-0.0038325526304699986,245.49093627929688,246.4790954589844,241.57456970214844,0.005527652434954966,243.3332832336426,239.28977752685546,0.0017057642201820933
2018-06-20,244.96722412109372,245.6329682863224,244.6299094097727,245.23351095150545,53785500,0.0017057642201820933,244.55007934570312,245.692626953125,240.90293884277344,0.005523447882846932,243.5364974975586,239.50290954589843,-0.006268775493373346
2018-06-21,243.43157958984372,244.97612456960783,242.93449274945104,244.9583540536788,71061400,-0.006268775493373346,244.96722412109372,246.3111724853516,241.56573486328125,0.005454603582077659,243.62978973388672,239.70989379882812,0.0018234833515236026
2018-06-22,243.8754730224609,244.8075314095505,243.65355822875503,244.69213138255017,54898500,0.0018234833515236026,243.43157958984372,245.99691772460935,241.0708923339844,0.005212882726951155,243.77001876831054,239.88740447998046,-0.013612909470491652
2018-06-25,240.5556182861328,242.88128081499516,238.86907139864687,242.72150867695257,137854200,-0.013612909470491652,243.8754730224609,245.49093627929688,240.4964904785156,0.005787221689570298,243.7729751586914,240.01230438232423,0.0022138840890670863
2018-06-26,241.0881805419922,241.9403255642292,240.36917894679195,241.1236944856026,68547400,0.0022138840890670863,240.5556182861328,244.55007934570312,237.73052978515625,0.005801463061170188,243.94085769653321,240.109326171875,-0.008284137518113077
2018-06-27,239.09097290039065,243.1031820939652,238.94005894114787,241.6740640121467,105110700,-0.008284137518113077,241.0881805419922,244.96722412109372,240.90293884277344,0.005863889584448867,243.85025939941406,240.11585693359376,0.005717507348555362
2018-06-28,240.45797729492188,241.22135108855676,238.3275738660141,239.03771737205167,76650500,0.005717507348555362,239.09097290039065,243.43157958984372,239.42721557617188,0.005908071455564073,243.90179748535155,240.1461917114258,0.0014396534120235671
2018-06-29,240.8041534423828,242.91678638094555,240.68875342804373,241.54978381672169,97592500,0.0014396534120235671,240.45797729492188,243.8754730224609,241.77786254882807,0.005911522346820773,243.8531120300293,240.2099624633789,0.002137777771863636
2018-07-02,241.3189392089844,241.4787384011984,238.99327719000505,239.232962433726,63554800,0.002137777771863636,240.8041534423828,240.5556182861328,242.92660522460935,0.005902449371168209,243.77272872924806,240.3243249511719,-0.0035308077519440317
2018-07-03,240.4668884277344,242.3132348608848,240.04082931947724,242.2155782557686,42187100,-0.0035308077519440317,241.3189392089844,241.0881805419922,243.1033477783203,0.0057754159728911824,243.64090576171876,240.422353515625,0.008157627925918565
2018-07-05,242.42852783203125,242.49067046122133,240.52006646800743,241.59415332388664,56925900,0.008157627925918565,240.4668884277344,239.09097290039065,245.1358337402344,0.005945542840932471,243.5055404663086,240.6230630493164,0.008458378997313387
2018-07-06,244.4790802001953,244.8518818506525,242.07350454521065,242.4552185443817,66493700,0.008458378997313387,242.42852783203125,240.45797729492188,245.109375,0.0061178836713619575,243.47402572631836,240.85329559326172,0.009004267271727873
2018-07-09,246.6804351806641,246.73369255449904,245.43771797584225,245.48209009097027,50550400,0.009004267271727873,244.4790802001953,240.8041534423828,245.8341064453125,0.006294496023202999,243.51634216308594,241.08019012451172,0.003598563914685382
2018-07-10,247.5681304931641,247.665787085648,246.84024349176497,247.1331861800095,51966800,0.003598563914685382,246.6804351806641,241.3189392089844,246.1609649658203,0.00628538135418494,243.58670043945312,241.3204196166992,-0.007314375524858141
2018-07-11,245.75732421875,246.80478270989968,245.45552332781205,246.01475298336567,77054700,-0.007314375524858141,247.5681304931641,240.4668884277344,246.4790954589844,0.0060402778727837525,243.5506118774414,241.5606640625,0.009065841000892139
2018-07-12,247.98532104492188,248.0385784243464,246.4141741734861,247.0177758664348,60124700,0.009065841000892139,245.75732421875,242.42852783203125,245.692626953125,0.0057870068668044025,243.66524658203124,241.83716278076173,0.0007874739585351787
2018-07-13,248.18060302734372,248.48240386882597,247.35508657071247,247.80780137753868,48216000,0.0007874739585351787,247.98532104492188,244.4790802001953,246.3111724853516,0.005629695953935431,243.75871810913085,242.14902557373046,-0.0008942029530829565
2018-07-16,247.95867919921875,248.36699478287807,247.51484966809195,248.2249931714177,48201000,-0.0008942029530829565,248.18060302734372,246.6804351806641,245.99691772460935,0.00540013665049047,243.85680618286133,242.4667010498047,0.004045483691913043
2018-07-17,248.9617919921875,249.35236423098905,247.13321609653065,247.1864734846208,52315500,0.004045483691913043,247.95867919921875,247.5681304931641,245.49093627929688,0.005384095400157843,244.03034896850585,242.74434631347657,0.0021033393070344353
2018-07-18,249.4854431152344,249.5919578638405,248.5977840912453,249.04161360323985,44593500,0.0021033393070344353,248.9617919921875,245.75732421875,244.55007934570312,0.005389028816962586,244.27711715698243,243.01655914306642,-0.0037713120229516672
2018-07-19,248.5445556640625,249.20141474977132,248.0652121503039,248.8197278264112,61412100,-0.0037713120229516672,249.4854431152344,247.98532104492188,244.96722412109372,0.005261878768146175,244.45598373413085,243.26995422363282,-0.0011427613002847892
2018-07-20,248.26052856445312,248.97067220661148,248.1007564034213,248.34041464496903,82337700,-0.0011427613002847892,248.5445556640625,248.18060302734372,243.43157958984372,0.0052692108016358175,244.69743118286132,243.47207092285157,0.0018588811482627143
2018-07-23,248.72201538085935,248.92615957498407,247.71007131030171,248.05627125734443,47047600,0.0018588811482627143,248.26052856445312,247.95867919921875,243.8754730224609,0.005254916753615884,244.93975830078125,243.63888000488282,0.005032500736491974
2018-07-24,249.9737091064453,250.81699623204756,249.10382037604572,250.13350835970348,68026900,0.005032500736491974,248.72201538085935,248.9617919921875,240.5556182861328,0.005320516444056627,245.41066284179686,243.8160528564453,0.008522075411128816
2018-07-25,252.10400390625,252.42354809608824,249.6806854431813,249.72505755092584,78882900,0.008522075411128816,249.9737091064453,249.4854431152344,241.0881805419922,0.005516539908230491,245.96145401000976,244.03353240966797,-0.0023587497990544826
2018-07-26,251.5093536376953,252.19284146729845,251.2874388384361,251.3850954364988,57919500,-0.0023587497990544826,252.10400390625,248.5445556640625,239.09097290039065,0.005498014876031794,246.582373046875,244.27234710693358,-0.006776409782321968
2018-07-27,249.80502319335935,251.93539950765495,248.8818501911229,251.83774292521235,76768700,-0.006776409782321968,251.5093536376953,248.26052856445312,240.45797729492188,0.005657142683596597,247.0497253417969,244.45692779541017,-0.005223556311190203
2018-07-30,248.50015258789065,250.04467060857164,247.9764099294817,249.88489848695707,63742500,-0.005223556311190203,249.80502319335935,248.72201538085935,240.8041534423828,0.005744751534595505,247.43452529907228,244.61947509765625,0.004929107770949237
2018-07-31,249.72503662109372,250.33752335614912,248.8817770202296,249.2634638002796,68570500,0.004929107770949237,248.50015258789065,249.9737091064453,241.3189392089844,0.0057851249428568455,247.85483016967774,244.81853912353515,-0.0016703552124589516
2018-08-01,249.3079071044922,250.4352514320276,248.6599333368392,249.92927927348987,53853300,-0.0016703552124589516,249.72503662109372,252.10400390625,240.4668884277344,0.005741478086952345,248.29688110351563,244.97320587158202,0.0054476984410516405
2018-08-02,250.6660614013672,250.8346917050347,247.7989128117331,248.0030841528965,63426400,0.0054476984410516405,249.3079071044922,251.5093536376953,242.42852783203125,0.005805306449540428,248.70875778198243,245.1684683227539,0.004284787885985741
2018-08-03,251.7401123046875,251.79336968061608,250.61276797272257,250.79031061862077,53935400,0.004284787885985741,250.6660614013672,249.80502319335935,244.4790802001953,0.005681684560121351,249.07180938720703,245.37195587158203,0.003667162887227793
2018-08-06,252.6632843017578,252.97394329704213,251.38505310612769,251.77562525419268,39400900,0.003667162887227793,251.7401123046875,248.50015258789065,246.6804351806641,0.005699332480970033,249.3709518432617,245.6038037109375,0.003302404481167809
2018-08-07,253.4976806640625,253.8793946751064,253.1958798126652,253.32905035260495,43196600,0.003302404481167809,252.6632843017578,249.72503662109372,247.5681304931641,0.004974316287219751,249.66742935180665,245.86382751464845,-0.00042032780633083355
2018-08-08,253.39112854003903,253.7905859225437,252.92955561582252,253.3290129983272,42114600,-0.00042032780633083355,253.4976806640625,249.3079071044922,245.75732421875,0.004989259948862455,250.0491195678711,246.1770394897461,-0.0013662333336003085
2018-08-09,253.04493713378903,253.8438247512355,252.9117937124148,253.45325265573712,35717000,-0.0013662333336003085,253.39112854003903,250.6660614013672,247.98532104492188,0.004662371114345952,250.30210037231444,246.41987945556642,-0.006700192654734316
2018-08-10,251.3494873046875,252.1483748648411,250.63934395961863,251.6069159603499,77076000,-0.006700192654734316,253.04493713378903,251.7401123046875,248.18060302734372,0.004859115511207504,250.46054458618164,246.65832489013673,-0.003743404134420869
2018-08-13,250.40858459472656,252.2371597870531,250.1156419836955,251.6246729703884,65732900,-0.003743404134420869,251.3494873046875,252.6632843017578,247.95867919921875,0.004952187062150829,250.58303985595703,246.83093933105468,0.0063806241471686675
2018-08-14,252.00634765625,252.2460328881242,250.74588723139613,251.13645930114777,43842000,0.0063806241471686675,250.40858459472656,253.4976806640625,248.9617919921875,0.005036325162334564,250.73526763916016,247.0125341796875,-0.0074674753782632
2018-08-15,250.1244964599609,250.79912581887612,248.68649353317588,250.65709715967316,102925400,-0.0074674753782632,252.00634765625,253.39112854003903,249.4854431152344,0.005218766516672531,250.7672203063965,247.1529571533203,0.008091673586133385
2018-08-16,252.1484222412109,253.01833784391988,251.52705008367545,251.5625640299013,69967900,0.008091673586133385,250.1244964599609,253.04493713378903,248.5445556640625,0.005215802655234896,250.9474136352539,247.29320892333985,0.003520284876082469
2018-08-17,253.0360565185547,253.479885990746,251.53591073541207,251.9442262648517,65618500,0.003520284876082469,252.1484222412109,251.3494873046875,248.26052856445312,0.005058445964606845,251.186190032959,247.45174255371094,0.0021399663546417536
2018-08-20,253.5775451660156,253.84383201638548,253.03605911799497,253.4887738528252,39807500,0.0021399663546417536,253.0360565185547,250.40858459472656,248.72201538085935,0.004841994058922811,251.4289665222168,247.606611328125,0.002345404128349493
2018-08-21,254.1722869873047,255.03331734212685,253.61305745623815,254.0924009241815,67272000,0.002345404128349493,253.5775451660156,252.00634765625,249.9737091064453,0.0048235573442782734,251.63889541625977,247.7668377685547,-0.0005935487666619554
2018-08-22,254.02142333984372,254.54513897210413,253.49768061837668,253.76399460900163,44993300,-0.0005935487666619554,254.1722869873047,250.1244964599609,252.10400390625,0.004579297453563883,251.73476638793946,247.91768432617187,-0.001328123517048807
2018-08-23,253.68405151367188,254.70485385858763,253.3644802145988,253.84382361860813,49204900,-0.001328123517048807,254.02142333984372,252.1484222412109,251.5093536376953,0.00434401501288462,251.84350128173827,248.07751281738283,0.006018488054269522
2018-08-24,255.2108459472656,255.352874636962,254.20778695011208,254.26104432259783,57487400,0.006018488054269522,253.68405151367188,253.0360565185547,249.80502319335935,0.0044486023833469465,252.1137924194336,248.25550628662108,0.007895370290319725
2018-08-27,257.225830078125,257.33234482639574,256.24939973697053,256.40917185937667,57072400,0.007895370290319725,255.2108459472656,253.5775451660156,248.50015258789065,0.004610071491207851,252.55007629394532,248.4800845336914,0.00048346284205447176
2018-08-28,257.3501892089844,257.79401884697023,256.88858904838384,257.6874769789161,46943500,0.00048346284205447176,257.225830078125,254.1722869873047,249.72503662109372,0.004580944841269588,252.93133392333985,248.71726959228516,0.0053803867754806944
2018-08-29,258.7348327636719,258.9656056631164,257.3234583260667,257.56311648329,61485500,0.0053803867754806944,257.3501892089844,254.02142333984372,249.3079071044922,0.004643954170024007,253.40268020629884,249.00096466064454,-0.004048136030392446
2018-08-30,257.6874389648437,258.62835549143284,257.0927225076336,258.2555538204787,61229500,-0.004048136030392446,258.7348327636719,253.68405151367188,250.6660614013672,0.004654486343173597,253.75374908447264,249.25536895751952,3.458116875365569e-05
2018-08-31,257.69635009765625,258.140179714729,256.7909474309434,257.27914917403945,66140800,3.458116875365569e-05,257.6874389648437,255.2108459472656,251.7401123046875,0.00463885513656994,254.0515609741211,249.5406643676758,-0.001722366871249048
2018-09-04,257.25250244140625,257.6075606923249,256.24944324288515,257.27913113299496,57594400,-0.001722366871249048,257.69635009765625,257.225830078125,252.6632843017578,0.004668751883392016,254.28102188110353,249.80820495605468,-0.0026915708244114045
2018-09-05,256.5600891113281,257.10157520760544,255.54817190054015,256.897403877992,72452400,-0.0026915708244114045,257.25250244140625,257.3501892089844,253.4976806640625,0.0046593885916656735,254.43414230346679,250.1282943725586,-0.003009946162471633
2018-09-06,255.7878570556641,256.9684317742553,254.75816921857063,256.66663092205306,65909900,-0.003009946162471633,256.5600891113281,258.7348327636719,253.39112854003903,0.004479197584080473,254.55397872924806,250.42228790283204,-0.0019434702436208484
2018-09-07,255.29074096679688,256.26717131198063,254.50071143185613,254.74039670565796,73524800,-0.0019434702436208484,255.7878570556641,257.6874389648437,253.04493713378903,0.004470713034027315,254.66626892089843,250.74628326416016,0.0017387760752158865
2018-09-10,255.7346343994141,256.56903625847275,255.53934828156608,256.3027222309289,50210900,0.0017387760752158865,255.29074096679688,257.69635009765625,251.3494873046875,0.004257568008419445,254.88552627563476,251.05181640625,0.00329711079918793
2018-09-11,256.57781982421875,257.0216493185275,254.7403863055744,255.08655922474992,50530500,0.00329711079918793,255.7346343994141,257.25250244140625,250.40858459472656,0.0041246294854341585,255.19398803710936,251.3672897338867,0.0002425203466125403
2018-09-12,256.6400451660156,257.2436469713986,255.8500424979255,256.58678777667075,59810800,0.0002425203466125403,256.57781982421875,256.5600891113281,252.00634765625,0.0040618998901707955,255.42567291259766,251.67371185302736,0.005914325576981794
2018-09-13,258.15789794921875,258.3443258744238,257.42115277604205,257.70521020465293,51034200,0.005914325576981794,256.6400451660156,255.7878570556641,250.1244964599609,0.004130646929393755,255.82734298706055,252.02753204345703,0.000171763255619517
2018-09-14,258.2022399902344,258.548412894725,257.4210957791152,258.3620120999993,55079900,0.000171763255619517,258.15789794921875,255.29074096679688,252.1484222412109,0.004053915386705253,256.1300338745117,252.3430062866211,-0.005293961980533446
2018-09-17,256.8353271484375,258.1845594721034,256.5601549448557,258.14907260591986,68244000,-0.005293961980533446,258.2022399902344,255.7346343994141,253.0360565185547,0.004161722573482638,256.3199974060059,252.59013122558594,0.005425749585906914
2018-09-18,258.2288513183594,258.82356760557764,257.0216211398096,257.0482498229806,61930400,0.005425749585906914,256.8353271484375,256.57781982421875,253.5775451660156,0.004217313509528397,256.55256271362305,252.82109954833984,0.0010658686498590253
2018-09-19,258.50408935546875,258.9212902243807,258.1578892967261,258.2821745760306,49080600,0.0010658686498590253,258.2288513183594,256.6400451660156,254.1722869873047,0.004190045890015553,256.76915283203124,253.03981872558595,0.008103734985529965
2018-09-20,260.59893798828125,260.91850934003577,258.52181901409443,259.76456338411145,100360600,0.008103734985529965,258.50408935546875,258.15789794921875,254.02142333984372,0.00439807224820381,257.0980285644531,253.33665100097656,-0.000913540280673808
2018-09-21,260.3608703613281,261.45764333870767,260.2003749632241,261.34172092502115,105479700,-0.000913540280673808,260.59893798828125,258.2022399902344,253.68405151367188,0.004390640274494673,257.43186950683594,253.5841619873047,-0.0033221571106153425
2018-09-24,259.49591064453125,259.9239255325764,258.9163258584371,259.78125390322805,53409600,-0.0033221571106153425,260.3608703613281,256.8353271484375,255.2108459472656,0.0042277129919776535,257.64612274169923,253.81046813964844,-0.000927890118993413
2018-09-25,259.255126953125,260.05763093211067,259.0143839229773,259.9506340298228,44370000,-0.000927890118993413,259.49591064453125,258.2288513183594,257.225830078125,0.004147612681375111,257.7475875854492,254.03639709472657,-0.002992017206747688
2018-09-26,258.4794311523437,260.58377660882445,258.0603417149148,259.3978577222201,79739700,-0.002992017206747688,259.255126953125,258.50408935546875,257.3501892089844,0.004093946604188837,257.8040496826172,254.22674987792968,0.0027939088442374693
2018-09-27,259.2015991210937,260.28944619075577,258.67551293659324,258.95193064011346,59249500,0.0027939088442374693,258.4794311523437,260.59893798828125,258.7348327636719,0.0037922845119275376,257.82738800048827,254.42107299804687,0.00010396163285952831
2018-09-28,259.2285461425781,259.7278834855477,258.54196409895604,258.57761161499366,70091400,0.00010396163285952831,259.2015991210937,260.3608703613281,257.6874389648437,0.003565035648772975,257.904443359375,254.6347528076172,0.0034734644620615374
2018-10-01,260.12896728515625,261.1989634661565,259.4602094675966,260.46778172145326,62078900,0.0034734644620615374,259.2285461425781,259.49591064453125,257.69635009765625,0.0035638724785372763,258.02607421875,254.87212158203124,-0.0005824794407633949
2018-10-02,259.9774475097656,260.6907785092049,259.60295825920167,259.9774475097656,47258200,-0.0005824794407633949,260.12896728515625,259.255126953125,257.25250244140625,0.0035666096947567514,258.16232147216795,255.09723022460938,0.0005484249744187597
2018-10-03,260.1200256347656,261.4486157086013,259.7633602632728,261.0295264138458,64694600,0.0005484249744187597,259.9774475097656,258.4794311523437,256.5600891113281,0.00355548119726303,258.34031829833987,255.3001565551758,-0.00781558242965752
2018-10-04,258.0870361328125,259.69204411596644,256.4998518963773,259.6385456639831,111545900,-0.00781558242965752,260.1200256347656,259.2015991210937,255.7878570556641,0.0038810927009770373,258.4552772521973,255.41981719970704,-0.005597022867221635
2018-10-05,256.6425170898437,258.8271097227561,255.2158282450241,258.30994896257005,105951700,-0.005597022867221635,258.0870361328125,259.2285461425781,255.29074096679688,0.004027324677103824,258.5228660583496,255.52248046875,0.0
2018-10-08,256.6425170898437,256.99918249809207,254.57381962544665,255.9559082868437,87742200,0.0,256.6425170898437,260.12896728515625,255.7346343994141,0.0038848896415913884,258.5682601928711,255.6592303466797,-0.0014591549577138707
2018-10-09,256.2680358886719,257.5698770527391,255.70627486797824,256.2591376202274,74339000,-0.0014591549577138707,256.6425170898437,259.9774475097656,256.57781982421875,0.0036111865116172826,258.5527709960937,255.8145880126953,-0.03166292959325123
2018-10-10,248.15383911132807,255.83119659050328,247.77934979732228,255.7598471513721,214731000,-0.03166292959325123,256.2680358886719,260.1200256347656,256.6400451660156,0.006793635849630915,258.12846069335933,255.78316406249996,-0.022026918756121838
2018-10-11,242.68777465820312,248.68874428334436,241.0738140299076,247.06588538785635,274840500,-0.022026918756121838,248.15383911132807,258.0870361328125,258.15789794921875,0.007666411834013605,257.35495452880855,255.65076141357417,0.01388871249195045
2018-10-12,246.0583953857422,247.07489349625516,242.8661749776503,246.78955019049047,183186500,0.01388871249195045,242.68777465820312,256.6425170898437,258.2022399902344,0.0081909856454998,256.74776229858395,255.55860809326168,-0.005617250444523769
2018-10-15,244.6762237548828,247.03026467764224,244.58705059050632,245.7016471156396,102263700,-0.005617250444523769,246.0583953857422,256.6425170898437,256.8353271484375,0.008219295203112514,256.1398071289062,255.4173303222656,0.021866092393181713
2018-10-16,250.02633666992188,250.40085314985933,246.16538551421965,246.63797344614397,118255800,0.021866092393181713,244.6762237548828,256.2680358886719,258.2288513183594,0.009276707464793874,255.72968139648432,255.36459136962887,0.0001781428543354835
2018-10-17,250.0708770751953,250.6950347767429,247.49391695240016,250.0619515955725,110626000,0.0001781428543354835,250.02633666992188,248.15383911132807,258.50408935546875,0.009272469948887961,255.30802078247066,255.29605529785152,-0.014441035241168465
2018-10-18,246.4595947265625,249.73206231706183,245.1845027471213,249.13462656631208,134557500,-0.014441035241168465,250.0708770751953,242.68777465820312,260.59893798828125,0.009595172133575733,254.60105361938471,255.15742462158198,-0.0005424723266057585
2018-10-19,246.32589721679688,249.04550257282693,245.63038988959937,247.1105777319605,139901600,-0.0005424723266057585,246.4595947265625,246.0583953857422,260.3608703613281,0.009594801765428079,253.89930496215817,255.02304382324215,-0.0044890069598284565
2018-10-22,245.2201385498047,247.3155580556742,244.6851268243761,246.9945673475131,82415800,-0.0044890069598284565,246.32589721679688,244.6762237548828,259.49591064453125,0.009597604866296556,253.18551635742182,254.9004568481445,-0.005090678112224634
2018-10-23,243.9718017578125,245.09532381186685,239.51341546309573,241.59996419543396,146352700,-0.005090678112224634,245.2201385498047,250.02633666992188,259.255126953125,0.009579606777991485,252.42135009765622,254.77172119140621,-0.030298326292631406
2018-10-24,236.57986450195312,244.1056242594676,236.02702884400423,243.72218227993628,177806700,-0.030298326292631406,243.9718017578125,250.0708770751953,258.4794311523437,0.010904560738916875,251.32637176513668,254.46319152832027,0.017940600205178958
2018-10-25,240.82424926757807,242.36686115191208,237.39131263295704,238.4167363242791,138061500,0.017940600205178958,236.57986450195312,246.4595947265625,259.2015991210937,0.011438303302007216,250.4075042724609,254.27718658447262,-0.017587848637409254
2018-10-26,236.5886688232422,241.64448986483492,233.87799007926512,237.1147822494278,201574600,-0.017587848637409254,240.82424926757807,246.32589721679688,259.2285461425781,0.011763569840049684,249.2755104064941,253.96599151611323,-0.0055401215408503734
2018-10-29,235.27793884277344,240.97576935563563,231.7023316849632,239.682826498413,160749100,-0.0055401215408503734,236.5886688232422,245.2201385498047,260.12896728515625,0.011765424531802451,248.03295898437494,253.6108291625976,0.014818626807205915
2018-10-30,238.76443481445312,239.0765273301056,234.6181405688793,235.10857943971416,157116000,0.014818626807205915,235.27793884277344,243.9718017578125,259.9774475097656,0.01211310748709455,246.97230834960934,253.31456695556636,0.010680826137265509
2018-10-31,241.31463623046875,243.63300269297,240.85987209180985,241.3324599805179,128296300,0.010680826137265509,238.76443481445312,236.57986450195312,260.1200256347656,0.012336869396779707,246.0320388793945,253.05741394042965,0.01064205949921826
2018-11-01,243.8827209472656,244.07889108510727,241.09176602736096,242.17961366233064,99495000,0.01064205949921826,241.31463623046875,240.82424926757807,258.0870361328125,0.012418527744648807,245.32182312011713,252.8546398925781,-0.005923194614711025
2018-11-02,242.4381561279297,245.41635506870088,240.38728199417207,244.98834016496485,122634100,-0.005923194614711025,243.8827209472656,236.5886688232422,256.6425170898437,0.012435243559052506,244.61160507202143,252.62972198486324,0.005517034505681417
2018-11-05,243.77569580078125,244.32853143115284,241.95666629775653,242.92859139177023,65622500,0.005517034505681417,242.4381561279297,235.27793884277344,256.6425170898437,0.012514638319566094,243.96826400756837,252.40101898193356,0.006327770935605992
2018-11-06,245.31825256347656,245.47874794542096,243.6508203790028,243.71324432036943,60085900,0.006327770935605992,243.77569580078125,238.76443481445312,256.2680358886719,0.012605944475512923,243.4207748413086,252.1628674316406,0.02140885803521342
2018-11-07,250.5702362060547,250.65048389424825,247.06592388395396,247.49393876615,102752100,0.02140885803521342,245.31825256347656,241.31463623046875,248.15383911132807,0.013292410562028399,243.5415946960449,252.02726837158198,-0.0018147693027579237
2018-11-08,250.11550903320312,250.7575178453981,248.97416305728257,249.76774178784,65584900,-0.0018147693027579237,250.5702362060547,243.8827209472656,242.68777465820312,0.013274274571455521,243.91298141479493,251.8548818969726,-0.009768435848427126
2018-11-09,247.6722717285156,248.9919365899852,246.26340649142955,248.80469199431192,98812600,-0.009768435848427126,250.11550903320312,242.4381561279297,246.0583953857422,0.013365377345052097,243.9936752319336,251.65457855224605,-0.018685021978935845
2018-11-12,243.0445098876953,247.4047981237727,242.52732176890171,247.1640550275417,99673600,-0.018685021978935845,247.6722717285156,243.77569580078125,244.6762237548828,0.013693180826942777,243.9120895385742,251.36154174804685,-0.0018711508827288226
2018-11-13,242.58973693847656,245.50551206799565,241.86748046408343,243.50816351775623,98176600,-0.0018711508827288226,243.0445098876953,245.31825256347656,250.02633666992188,0.013690047241382161,243.54025955200194,251.06828643798823,-0.00683667957973777
2018-11-14,240.9312286376953,244.86350176859756,239.3707932895544,244.46226329188963,125335900,-0.00683667957973777,242.58973693847656,250.5702362060547,250.0708770751953,0.013705055270978478,243.08327713012696,250.7557092285156,0.010436127571768594
2018-11-15,243.44561767578125,243.90930707979143,238.08665800566664,239.66491632392888,135101400,0.010436127571768594,240.9312286376953,250.11550903320312,246.4595947265625,0.013863310511288375,242.93257827758788,250.50886444091793,0.0026008414453846385
2018-11-16,244.0787811279297,244.9882819690097,241.8317374318813,242.3489253858521,126668000,0.0026008414453846385,243.44561767578125,247.6722717285156,246.32589721679688,0.013867731575564948,242.82022247314453,250.28462524414059,-0.016914097052209587
2018-11-19,239.95040893554688,243.7667873600828,239.03198224402044,243.47251856087183,103061700,-0.016914097052209587,244.0787811279297,243.0445098876953,245.2201385498047,0.014142458047894413,242.55673599243164,249.96894073486325,-0.018506504449174233
2018-11-20,235.509765625,238.07780018311476,234.6448376969104,236.6154365884777,136021300,-0.018506504449174233,239.95040893554688,242.58973693847656,243.9718017578125,0.014453139813928083,242.133634185791,249.54757965087887,0.0034076549166119907
2018-11-21,236.3123016357422,238.21157858547755,236.3034033670368,237.0613072813589,75563700,0.0034076549166119907,235.509765625,240.9312286376953,236.57986450195312,0.013411375470038064,242.12025604248046,249.1410247802734,-0.0066785850783009915
2018-11-23,234.73406982421875,236.13400983891088,234.573574426974,234.6716458769011,42807900,-0.0066785850783009915,236.3123016357422,243.44561767578125,240.82424926757807,0.012885389618693921,241.8157470703125,248.6725482177734,0.01614414687082255
2018-11-26,238.52365112304688,238.74657042316187,236.59762510463383,236.98996524978256,79981400,0.01614414687082255,234.73406982421875,244.0787811279297,236.5886688232422,0.012981654491739995,241.91249618530273,248.27897644042966,0.0033645332367444603
2018-11-27,239.326171875,239.326171875,236.8829848828991,237.48931889071775,75502400,0.0033645332367444603,238.52365112304688,239.95040893554688,235.27793884277344,0.012973981666330469,242.11490783691406,247.92879333496091,0.02302530909536049
2018-11-28,244.83673095703125,244.83673095703125,239.2637480620135,240.39619560185264,127629600,0.02302530909536049,239.326171875,235.509765625,238.76443481445312,0.013044902304677442,242.41852264404298,247.66095092773435,-0.0021847706726196847
2018-11-29,244.30181884765625,245.70173188521755,242.91970235254936,244.06104849958857,82346400,-0.0021847706726196847,244.83673095703125,236.3123016357422,241.31463623046875,0.013047072137268797,242.56788177490233,247.37690551757808,0.006095100709756274
2018-11-30,245.79086303710935,246.3526241373916,243.82918913872507,244.15017993212408,98204200,0.006095100709756274,244.30181884765625,234.73406982421875,243.8827209472656,0.012838066034269157,242.66328887939454,247.08074401855464,0.013241371603815555
2018-12-03,249.04547119140625,250.02632171176697,247.4493883388265,249.91932478442453,103176300,0.013241371603815555,245.79086303710935,238.52365112304688,242.4381561279297,0.01306306295417979,242.99365463256837,246.85443603515623,-0.032402280092374225
2018-12-04,240.975830078125,248.64426156553156,240.6637375292736,248.2162465946637,177986000,-0.032402280092374225,249.04547119140625,239.326171875,243.77569580078125,0.014356904257089426,242.85366134643556,246.4840344238281,-0.001517356998775088
2018-12-06,240.6101837158203,240.7261061111731,234.0117775673874,237.1148241658057,204185400,-0.001517356998775088,240.975830078125,244.83673095703125,245.31825256347656,0.014332149445961414,242.61825790405274,246.111135559082,-0.02323594524292516
2018-12-07,235.01937866210935,241.8407041633417,234.1811998724855,240.2713434999047,161018900,-0.02323594524292516,240.6101837158203,244.30181884765625,250.5702362060547,0.013874169122986071,241.84071502685546,245.64193450927732,0.0018973226604199755
2018-12-10,235.4652862548828,236.437211473952,230.6056329476989,234.8411011140533,151445900,0.0018973226604199755,235.01937866210935,245.79086303710935,250.11550903320312,0.013456646009011768,241.10820388793945,245.1672082519531,0.00022700389911434193
2018-12-11,235.51873779296875,238.8536023031513,234.0474756391725,238.6663576829528,121504400,0.00022700389911434193,235.4652862548828,249.04547119140625,247.6722717285156,0.0130715331216473,240.50052719116212,244.6930120849609,0.0050353885038609825
2018-12-12,236.7046661376953,239.86121163503108,236.6244184401148,238.4969463524948,97976700,0.0050353885038609825,235.51873779296875,240.975830078125,243.0445098876953,0.013061472469257445,240.18353500366212,244.22452606201168,-0.00033920644386520316
2018-12-13,236.62437438964844,238.51472570119017,235.50977788880272,237.6497977280608,96662700,-0.00033920644386520316,236.7046661376953,240.6101837158203,242.58973693847656,0.012769772332692724,239.8852668762207,243.75746459960934,-0.018464586135084393
2018-12-14,232.2552032470703,235.4295724744489,231.70236763728903,234.47547116758972,116961100,-0.018464586135084393,236.62437438964844,235.01937866210935,240.9312286376953,0.013018045092216799,239.45146560668945,243.20016815185542,-0.019618519767030995
2018-12-17,227.69869995117188,232.4156665517509,226.06692897355805,231.3010700046853,165492300,-0.019618519767030995,232.2552032470703,235.4652862548828,243.44561767578125,0.013239907484773203,238.66411972045898,242.59240142822262,-0.0010963338355294283
2018-12-18,227.44906616210935,230.0081894771695,225.84404416794132,229.3394314467592,134515100,-0.0010963338355294283,227.69869995117188,235.51873779296875,244.0787811279297,0.013222432793808395,237.83263397216797,242.00853240966794,-0.014975746174284765
2018-12-19,224.0428466796875,231.3010997844337,222.3397532769953,227.52930839320612,214992800,-0.014975746174284765,227.44906616210935,236.7046661376953,239.95040893554688,0.013347307018612893,237.037255859375,241.35653900146485,-0.016278150487180065
2018-12-20,220.39584350585935,224.363804173707,218.1488132376965,222.79445725954528,252053400,-0.016278150487180065,224.0428466796875,236.62437438964844,235.509765625,0.013456373990753156,236.28155975341798,240.6390951538086,-0.02048946465979795
2018-12-21,215.8800506591797,223.96098705013893,215.23429286121228,221.29723955486543,255345600,-0.02048946465979795,220.39584350585935,232.2552032470703,236.3123016357422,0.012949189587685121,235.25994720458985,239.99361938476562,-0.026422833329151296
2018-12-24,210.17588806152344,216.0056366906481,210.11311326960217,214.39124202550883,147311600,-0.026422833329151296,215.8800506591797,227.69869995117188,234.73406982421875,0.013515763627989867,234.03203811645508,239.34338165283202,0.05052494586392564
2018-12-26,220.7950134277344,220.7950134277344,209.6557098934448,211.6378306042303,218485400,0.05052494586392564,210.17588806152344,227.44906616210935,238.52365112304688,0.016938383133132017,233.14560623168944,238.83811401367188,0.007677320739387872
2018-12-27,222.49012756347656,222.68742954792995,214.31950984244187,217.5572631886237,186267300,0.007677320739387872,220.7950134277344,224.0428466796875,239.326171875,0.016816693914673306,232.30380401611328,238.39439208984376,-0.0012899563977043504
2018-12-28,222.203125,225.47674780536727,221.03717246474216,223.844425204303,153100200,-0.0012899563977043504,222.49012756347656,220.39584350585935,244.83673095703125,0.016818141739012266,231.17212371826173,237.8379278564453,0.00875857281924608
2018-12-31,224.14930725097656,224.39146982728232,221.95194360365343,223.82642837769131,144299400,0.00875857281924608,222.203125,215.8800506591797,244.30181884765625,0.01692926730953356,230.16449813842775,237.31949645996093,0.0010405144395970733
2019-01-02,224.38253784179688,225.30634138582332,220.5887205734624,220.6156260112586,126925200,0.0010405144395970733,224.14930725097656,210.17588806152344,245.79086303710935,0.016772360146621458,229.0940818786621,236.87795532226562,-0.02386275432784224
2019-01-03,219.0281524658203,222.93856912435652,218.54382721026852,222.633618017562,144140700,-0.02386275432784224,224.38253784179688,220.7950134277344,249.04547119140625,0.01718145116043168,227.5932159423828,236.3320004272461,0.033495564268899436
2019-01-04,226.3646240234375,227.01038180312375,221.6828869633961,222.05957672065173,142628800,0.033495564268899436,219.0281524658203,222.49012756347656,240.975830078125,0.018252056644640455,226.86265563964844,235.95489013671875,0.007884782452777905
2019-01-07,228.1494598388672,229.5575612415073,225.73683859430517,226.6337230013322,103139100,0.007884782452777905,226.3646240234375,222.203125,240.6101837158203,0.01805303936217916,226.23961944580077,235.63844329833984,0.009395262962426987
2019-01-08,230.29298400878903,230.77730922015044,227.80862422016872,230.3378446485981,102512600,0.009395262962426987,228.1494598388672,224.14930725097656,235.01937866210935,0.018135230457735654,226.00329971313477,235.51270568847656,0.004673717992422999
2019-01-09,231.3693084716797,232.21238213838788,229.7728550674173,231.00158252166915,95006600,0.004673717992422999,230.29298400878903,224.38253784179688,235.4652862548828,0.018124650595412642,225.79850082397462,235.3236068725586,0.003527463759031013
2019-01-10,232.1854553222656,232.43658187833225,229.153981442842,229.83562239676925,96823900,0.003527463759031013,231.3693084716797,219.0281524658203,235.51873779296875,0.017874016020295362,225.63183670043946,235.23554260253906,0.00038622532662913045
2019-01-11,232.27513122558597,232.3020366626938,230.5261957013551,231.10916508585217,73858100,0.00038622532662913045,232.1854553222656,226.3646240234375,236.7046661376953,0.01785867503272007,225.41035995483398,235.1754864501953,-0.006100950160037533
2019-01-14,230.8580322265625,231.6652226884312,229.97012545558084,230.37370700114573,70908200,-0.006100950160037533,232.27513122558597,228.1494598388672,236.62437438964844,0.017299296260775414,225.12204284667968,235.0173583984375,0.011460911627552806
2019-01-15,233.50387573242188,233.81779076904533,231.2257815295091,231.23475913278855,85208300,0.011460911627552806,230.8580322265625,230.29298400878903,232.2552032470703,0.017467784455021337,225.18447647094726,234.86114318847658,0.002419409118919136
2019-01-16,234.06881713867188,234.9567236195676,233.7279968088287,233.934262630038,77636700,0.002419409118919136,233.50387573242188,231.3693084716797,227.69869995117188,0.017426538501035798,225.50298233032225,234.66486511230468,0.0075869296438955125
2019-01-17,235.8446807861328,236.70570939522244,233.15402796688343,233.1988886029791,96118400,0.0075869296438955125,234.06881713867188,232.1854553222656,227.44906616210935,0.017291865283286825,225.92276306152343,234.53299560546876,0.01331035071291553
2019-01-18,238.98385620117188,239.4502536974692,235.8806432353444,237.65648454739053,127900300,0.01331035071291553,235.8446807861328,232.27513122558597,224.0428466796875,0.016485668766892458,226.66981353759766,234.43715881347657,-0.013510878463771525
2019-01-22,235.7549743652344,237.72813060952987,234.14059370770852,237.5128871540556,115531200,-0.013510878463771525,238.98385620117188,230.8580322265625,220.39584350585935,0.016664516726862415,227.4377700805664,234.2458932495117,0.0020925620361054165
2019-01-23,236.2483062744141,237.4860110376435,233.78187434995297,236.78644235026223,86030300,0.0020925620361054165,235.7549743652344,233.50387573242188,215.8800506591797,0.016107641697209605,228.45618286132813,233.9594546508789,0.0005314940757688014
2019-01-24,236.37387084960935,236.95686760170716,235.05544969694287,236.06893344044877,59204100,0.0005314940757688014,236.2483062744141,234.06881713867188,210.17588806152344,0.016104895868613658,229.7660820007324,233.68462188720704,0.00846143030939639
2019-01-25,238.3739318847656,239.1990775660173,236.4725413588362,238.22144949546475,96883400,0.00846143030939639,236.37387084960935,235.8446807861328,220.7950134277344,0.01617446469140514,230.645027923584,233.49865509033202,-0.007600079221235068
2019-01-28,236.5622711181641,236.62503223316105,234.7954075087443,236.2304282231692,85613700,-0.007600079221235068,238.3739318847656,238.98385620117188,222.49012756347656,0.01621747766064261,231.34863510131837,233.36901031494142,-0.0013271974531947617
2019-01-29,236.2483062744141,237.27074018486155,235.4142104107552,236.7057260444957,66136300,-0.0013271974531947617,236.5622711181641,235.7549743652344,222.203125,0.016219415829159128,232.05089416503907,233.24218170166014,0.01583095375252319
2019-01-30,239.98834228515625,240.8314159041773,237.0017289455445,237.76408624411584,92473700,0.01583095375252319,236.2483062744141,236.2483062744141,224.14930725097656,0.016075767691425047,232.84284591674805,233.22332397460937,0.00878230474350139
2019-01-31,242.0959930419922,242.5803182688337,239.7102773173702,239.92554817971035,104012100,0.00878230474350139,239.98834228515625,236.37387084960935,224.38253784179688,0.015636775016412457,233.7285186767578,233.19633148193358,0.000481595774310728
2019-02-01,242.21258544921875,243.23504674650184,241.4233228416469,242.2933017562561,85782500,0.000481595774310728,242.0959930419922,238.3739318847656,219.0281524658203,0.015628085354811673,234.88774032592772,233.15900756835939,0.007035435593742756
2019-02-04,243.91665649414065,243.97944496667355,241.5847517450605,242.25741499744487,60744800,0.007035435593742756,242.21258544921875,236.5622711181641,226.3646240234375,0.015306544267713091,235.76534194946288,233.23833251953124,0.004192220838591609
2019-02-05,244.939208984375,245.24414648785108,243.8450085915499,244.3472618173633,79552800,0.004192220838591609,243.91665649414065,236.2483062744141,228.1494598388672,0.014869901970764376,236.60482940673828,233.42692138671876,-0.0013183750950640505
2019-02-06,244.6162872314453,245.15442344400464,243.88086269071712,244.66114788209305,58347800,-0.0013183750950640505,244.939208984375,239.98834228515625,230.29298400878903,0.014194138866000919,237.32099456787108,233.5930010986328,-0.009533051636333778
2019-02-07,242.2843475341797,243.54893036100768,240.625106039328,243.0018440542972,95482000,-0.009533051636333778,244.6162872314453,242.0959930419922,231.3693084716797,0.013237460012165766,237.8667465209961,233.74400665283204,0.001221348796571764
2019-02-08,242.58026123046875,242.6789053506785,240.21247389664293,241.0376193716608,75788900,0.001221348796571764,242.2843475341797,242.21258544921875,232.1854553222656,0.010044722423189236,238.38648681640626,233.82513885498048,0.0005549845449730473
2019-02-11,242.7148895263672,243.4951746958544,242.1857309329304,243.2350978865213,68021400,0.0005549845449730473,242.58026123046875,243.91665649414065,232.27513122558597,0.010019145174051782,238.90847473144532,233.89291320800783,0.012858968967714546
2019-02-12,245.83595275878903,246.21262877689057,244.2574278847918,244.3291939449184,72270200,0.012858968967714546,242.7148895263672,244.939208984375,230.8580322265625,0.010144772711841365,239.65737075805663,233.91289764404297,0.003246952955740845
2019-02-13,246.63417053222656,247.47724384641123,246.24851690594056,246.6700535630329,65277200,0.003246952955740845,245.83595275878903,244.6162872314453,233.50387573242188,0.010094622396965807,240.3138854980469,233.95954467773439,-0.0022181572126734883
2019-02-14,246.08709716796875,247.217180046123,244.7327932343543,245.54896116071745,83234400,-0.0022181572126734883,246.63417053222656,242.2843475341797,234.06881713867188,0.010136557854993691,240.91479949951173,233.96546936035156,0.010897492020493615
2019-02-15,248.76882934570312,248.8047123866205,247.6567014139301,247.86296731503865,97088700,0.010897492020493615,246.08709716796875,242.58026123046875,235.8446807861328,0.008849422265864387,241.56100692749024,233.9599365234375,0.001730445724102525
2019-02-19,249.1993103027344,249.8540183299107,247.9616055791176,247.970583180828,59120800,0.001730445724102525,248.76882934570312,242.7148895263672,238.98385620117188,0.006925838332880799,242.07177963256837,234.1244061279297,0.002015427094810285
2019-02-20,249.70155334472656,250.1589730818855,248.66116430516524,249.1634173076106,76610800,0.002015427094810285,249.1993103027344,245.83595275878903,235.7549743652344,0.006872561849823694,242.76910858154298,234.30623352050782,-0.0035557584887867533
2019-02-21,248.8136749267578,249.42354973172925,247.8540020781846,249.06480145649545,64214700,-0.0035557584887867533,249.70155334472656,246.63417053222656,236.2483062744141,0.00686609778066076,243.39737701416016,234.58211944580077,0.006200136843209636
2019-02-22,250.3563537597656,250.5536420748705,248.795756109608,249.43253644408577,78114600,0.006200136843209636,248.8136749267578,246.08709716796875,236.37387084960935,0.006887582587307625,244.09650115966798,234.87994079589845,0.0013609141364294697
2019-02-25,250.6970672607422,252.30249767796232,250.6163509654497,251.78231687361028,69030700,0.0013609141364294697,250.3563537597656,248.76882934570312,238.3739318847656,0.006889481122986241,244.7126579284668,235.1835073852539,-0.0007152907332417247
2019-02-26,250.5177459716797,251.39667512709303,250.1410424974036,250.3473357536427,56844100,-0.0007152907332417247,250.6970672607422,249.1993103027344,236.5622711181641,0.006904512041899874,245.4104316711426,235.4597689819336,-0.0004298349164704174
2019-02-27,250.4100646972656,250.75983528168447,248.8674228701719,249.80016267577685,56921600,-0.0004298349164704174,250.5177459716797,249.70155334472656,236.2483062744141,0.006735150631267565,246.11851959228517,235.73548278808593,-0.0018621189828157414
2019-02-28,249.9437713623047,250.63438995969776,249.62090607319368,250.1948979329721,69268300,-0.0018621189828157414,250.4100646972656,248.8136749267578,239.98834228515625,0.006577371566414402,246.61629104614258,236.08925415039062,0.00624340862797812
2019-03-01,251.5042724609375,251.9168315177378,250.06925230642395,251.52220029097825,78880500,0.00624340862797812,249.9437713623047,250.3563537597656,242.0959930419922,0.00661687391387315,247.08670501708986,236.56536560058595,-0.003637172423935353
2019-03-04,250.58950805664065,252.80481372706456,248.2934860707852,252.56266478077004,106494600,-0.003637172423935353,251.5042724609375,250.6970672607422,242.21258544921875,0.006631882087432325,247.50555114746095,237.02817443847655,-0.0013602568260366876
2019-03-05,250.24864196777344,250.91235494711543,249.70155569489256,250.7150393106737,59114600,-0.0013602568260366876,250.58950805664065,250.5177459716797,243.91665649414065,0.006305383810846001,247.82215042114257,237.5522903442383,-0.006056842270215412
2019-03-06,248.73292541503903,250.3742391075912,248.41006018612023,250.36526150543068,75039800,-0.006056842270215412,250.24864196777344,250.4100646972656,244.939208984375,0.005819336239275382,248.01183624267577,238.1190319824219,-0.008365519063569193
2019-03-07,246.6521453857422,248.4279586765212,245.80907200438315,248.2844539125946,94885100,-0.008365519063569193,248.73292541503903,249.9437713623047,244.6162872314453,0.006107565789692782,248.11362915039064,238.73447387695313,-0.0020000501095138734
2019-03-08,246.1588287353516,246.329238922226,244.32920468269987,244.79557461108948,85795800,-0.0020000501095138734,246.6521453857422,251.5042724609375,242.2843475341797,0.006138184605698923,248.3073532104492,239.45413269042967,0.014501497464862956
2019-03-11,249.7285003662109,249.88993299300893,246.84950903868537,246.87641447648505,65098900,0.014501497464862956,246.1588287353516,250.58950805664065,242.58026123046875,0.006468917568243938,248.66476516723634,240.03280242919922,0.0037713075485359404
2019-03-12,250.67030334472656,251.1905118134962,250.0963113527994,250.2846494814748,79667500,0.0037713075485359404,249.7285003662109,250.24864196777344,242.7148895263672,0.0062420947850805614,249.0625358581543,240.59640594482423,0.006618484898492261
2019-03-13,252.3293609619141,253.26212805849104,251.3965938653371,251.5580537996869,80639200,0.006618484898492261,250.67030334472656,248.73292541503903,245.83595275878903,0.006266700976300033,249.38720626831054,241.1989306640625,-0.0006393069651261518
2019-03-14,252.1680450439453,252.7779199246628,251.72858040500805,252.3563831219552,67518400,-0.0006393069651261518,252.3293609619141,246.6521453857422,246.63417053222656,0.005731434085734883,249.66389999389648,241.75930541992187,0.0049403715399019
2019-03-15,253.41384887695312,254.2245947418468,252.53102082909683,252.7202159409004,81309000,0.0049403715399019,252.1680450439453,246.1588287353516,246.08709716796875,0.005608580295101164,250.0302375793457,242.339931640625,0.003626022340199375
2019-03-18,254.33273315429688,254.63002409907617,253.4048742050417,253.6300829547765,62199800,0.003626022340199375,253.41384887695312,249.7285003662109,248.76882934570312,0.005617506662314808,250.30843276977538,243.04602325439453,0.0002480209023905111
2019-03-19,254.39581298828125,256.1614419912601,253.5039950847136,255.3957541907001,90268100,0.0002480209023905111,254.33273315429688,250.67030334472656,249.1993103027344,0.005528865525826538,250.56825790405273,243.60664703369142,-0.0030101215900784073
2019-03-20,253.6300506591797,255.38668967995287,252.52204134600487,254.17957423403703,84609200,-0.0030101215900784073,254.39581298828125,252.3293609619141,249.70155334472656,0.0055605237608423695,250.7646827697754,244.11625885009767,0.011294798506476411
2019-03-21,256.4947509765625,256.9001102183948,252.76528100389675,252.81033924719029,79550400,0.011294798506476411,253.6300506591797,252.1680450439453,248.8136749267578,0.005835335489223774,251.14873657226562,244.64029418945313,-0.019246575179480363
2019-03-22,251.55810546875,255.65689260968165,251.49504043795537,255.13442054767103,122659300,-0.019246575179480363,256.4947509765625,253.41384887695312,250.3563537597656,0.006682294118612683,251.20882415771484,245.04407012939453,-0.0007518449468255639
2019-03-25,251.3689727783203,252.40492739274285,250.10780944374943,251.21581875244797,85575200,-0.0007518449468255639,251.55810546875,254.33273315429688,250.6970672607422,0.006692537956244982,251.24241943359374,245.42774047851563,0.0074541768563827215
2019-03-26,253.2427215576172,254.19760442345824,251.8374212082172,253.1256086132836,68125900,0.0074541768563827215,251.3689727783203,254.39581298828125,250.5177459716797,0.0067871688183621425,251.37866821289063,245.84709228515624,-0.00522935086070786
2019-03-27,251.91842651367188,253.8192020876901,250.36898967985053,253.23363752069528,72224700,-0.00522935086070786,253.2427215576172,253.6300506591797,250.4100646972656,0.006536466817839583,251.45408630371094,246.26830017089844,0.003790916941928568
2019-03-28,252.87342834472656,253.32384592166056,251.39607298786277,252.5491408851615,56238500,0.003790916941928568,251.91842651367188,256.4947509765625,249.9437713623047,0.00654413622543611,251.60056915283204,246.65569122314454,0.006305034185632108
2019-03-29,254.46780395507807,254.79209126145517,253.2606887180733,254.38673212848389,82186800,0.006305034185632108,252.87342834472656,251.55810546875,251.5042724609375,0.0065910145088847,251.74874572753907,247.06367095947266,0.011858988312027918
2019-04-01,257.48553466796875,257.7828254730624,256.19734782266823,256.46761469014336,77617900,0.011858988312027918,254.46780395507807,251.3689727783203,250.58950805664065,0.006642246938212436,252.09354705810546,247.49648803710937,0.0004902050256443413
2019-04-02,257.6117553710937,257.84598124041696,256.81901626689137,257.67482041149606,40070400,0.0004902050256443413,257.48553466796875,253.2427215576172,250.24864196777344,0.006642498045532287,252.4617027282715,247.86904602050782,0.0015740239026080793
2019-04-03,258.0172424316406,259.2243583584691,257.41367072257145,258.8279886521899,68243200,0.0015740239026080793,257.6117553710937,251.91842651367188,248.73292541503903,0.006640954758269057,252.92591857910156,248.31429138183594,0.002652722879048719
2019-04-04,258.7016906738281,258.95392327859906,257.6477295183286,258.34136230862566,48997500,0.002652722879048719,258.0172424316406,252.87342834472656,246.6521453857422,0.006586933312876441,253.52839584350585,248.76335906982422,0.004840195457499474
2019-04-05,259.953857421875,260.00790530071373,259.0800467255943,259.36832040692826,58621700,0.004840195457499474,258.7016906738281,254.46780395507807,246.1588287353516,0.006556807046962303,254.21814727783203,249.23495880126953,0.000762840084863381
2019-04-08,260.15216064453125,260.26025645144784,258.87296278297543,259.5305822634568,53566300,0.000762840084863381,259.953857421875,257.48553466796875,249.7285003662109,0.006557447764563879,254.73933029174805,249.67052337646484,-0.005124892869703079
2019-04-09,258.81890869140625,259.51254176340643,258.2694125222834,259.18825435041,66142300,-0.005124892869703079,260.15216064453125,257.6117553710937,250.67030334472656,0.006651890721851085,255.14676055908203,250.1156561279297,0.003410927371819694
2019-04-10,259.70172119140625,259.791810186664,258.818893023963,259.2332694125867,52601500,0.003410927371819694,258.81890869140625,258.0172424316406,252.3293609619141,0.006658217065665304,255.51537857055663,250.58472442626953,-0.0002780289229986632
2019-04-11,259.6295166015625,260.1970467637038,259.0619864394212,260.1880296210385,55093100,-0.0002780289229986632,259.70172119140625,258.7016906738281,252.1680450439453,0.006639048481277636,255.8884521484375,250.97754791259766,0.0067664683327965935
2019-04-12,261.38629150390625,261.66554815952185,259.67471047201315,261.24215460241066,69727800,0.0067664683327965935,259.6295166015625,259.953857421875,253.41384887695312,0.006653178821809772,256.28707427978514,251.36335388183593,-0.0006550998901823091
2019-04-15,261.2150573730469,261.5573789816548,260.4133012380131,261.4582728622337,49596700,-0.0006550998901823091,261.38629150390625,260.15216064453125,254.33273315429688,0.006598819180612814,256.63119049072264,251.7434033203125,0.0006555293273726726
2019-04-16,261.38629150390625,262.15200676565667,260.7917370944754,262.0979588640087,52153200,0.0006555293273726726,261.2150573730469,258.81890869140625,254.39581298828125,0.006579912956796992,256.98071441650393,252.09279602050782,-0.0024472551769937345
2019-04-17,260.7466125488281,262.53024764423844,260.33220879685194,262.50322370313506,58268300,-0.0024472551769937345,261.38629150390625,259.70172119140625,253.6300506591797,0.006469542348550426,257.3365425109863,252.40894409179688,0.001969301785023525
2019-04-18,261.2601013183594,261.53036825574327,260.0349791743683,261.3321834981804,68708500,0.001969301785023525,260.7466125488281,259.6295166015625,256.4947509765625,0.0061900551890152885,257.5748100280762,252.74182037353515,0.0008621685554126568
2019-04-22,261.4853515625,261.63850560047865,260.404366115119,260.4944551085593,40160100,0.0008621685554126568,261.2601013183594,261.38629150390625,251.55810546875,0.006149182833901166,258.0711723327637,253.12584045410156,0.008991577376839865
2019-04-23,263.8365173339844,264.07074319403506,261.62047128318324,261.8546696519358,52246600,0.008991577376839865,261.4853515625,261.2150573730469,251.3689727783203,0.005838384694392931,258.6945495605469,253.55096557617188,-0.0022193317945565783
2019-04-24,263.2509765625,264.08874637015623,263.1068396883929,263.7554418762262,50392900,-0.0022193317945565783,263.8365173339844,261.38629150390625,253.2427215576172,0.005872753453204286,259.194962310791,253.96168731689454,-0.0006157978105790773
2019-04-25,263.0888671875,263.7464866754476,261.8997858066131,263.151932239352,57770900,-0.0006157978105790773,263.2509765625,260.7466125488281,251.91842651367188,0.0058099099409165,259.75348434448244,254.30674560546876,0.004656592539800997
2019-04-26,264.31396484375,264.386019537816,262.35914106238647,263.1338733529149,50916400,0.004656592539800997,263.0888671875,261.2601013183594,252.87342834472656,0.005825954422965229,260.3255111694336,254.66034149169923,0.001568056492061043
2019-04-29,264.7284240722656,265.25092386020106,264.3140475962291,264.40413661049115,57197700,0.001568056492061043,264.31396484375,261.4853515625,254.46780395507807,0.0057914275700494105,260.83854217529296,255.03316802978514,0.0005098781837269417
2019-04-30,264.8634033203125,265.1516770164797,262.97167248103574,264.38596203847624,81111700,0.0005098781837269417,264.7284240722656,263.8365173339844,257.48553466796875,0.005779419248841482,261.20743560791016,255.35505950927734,-0.007516265616351325
2019-05-01,262.87261962890625,265.7012542994581,262.8636024830452,265.4940523837412,71671900,-0.007516265616351325,264.8634033203125,263.2509765625,257.6117553710937,0.0060009714990327985,261.4704788208008,255.6285256958008,-0.002159207133660912
2019-05-02,262.3050231933594,263.67430943701567,260.80963439590346,262.755440512185,65030200,-0.002159207133660912,262.87261962890625,263.0888671875,258.0172424316406,0.005982806289657067,261.6848678588867,255.88059509277343,0.009788008694609163
2019-05-03,264.8724670410156,265.15172364225464,262.4131780296907,263.78246458162147,56543700,0.009788008694609163,262.3050231933594,264.31396484375,258.7016906738281,0.005900364293243391,261.99340667724607,256.2017709350586,-0.004114713317520335
2019-05-06,263.7825927734375,264.22399326255777,260.25130638654264,260.5666042321904,107198100,-0.004114713317520335,264.8724670410156,264.7284240722656,259.953857421875,0.004607083485149405,262.1848434448242,256.47029571533204,-0.016700047711447064
2019-05-07,259.3774108886719,261.97182004663614,257.46764511719874,261.3772656569941,144729900,-0.016700047711447064,263.7825927734375,264.8634033203125,260.15216064453125,0.005681781670000933,262.14610595703124,256.64390258789064,-0.0013895296295133308
2019-05-08,259.0169982910156,260.7285787101996,258.42244409442253,259.0169982910156,91568300,-0.0013895296295133308,259.3774108886719,262.87261962890625,258.81890869140625,0.005566935582270486,262.15601043701173,256.81388763427736,-0.003025519150644529
2019-05-09,258.2333374023437,258.83688139411777,255.20651782330077,256.94515008492795,103471100,-0.003025519150644529,259.0169982910156,262.3050231933594,259.70172119140625,0.005499211095949958,262.0825912475586,256.9703530883789,0.005023405213318011
2019-05-10,259.5305480957031,260.2872461358025,254.30568902173115,257.2964675787668,112429300,0.005023405213318011,258.2333374023437,264.8724670410156,259.6295166015625,0.005526550508917728,262.0776428222656,257.1620886230469,-0.02513006072106827
2019-05-13,253.00852966308597,255.3777303435396,252.17075962901603,254.41385769260685,127290500,-0.02513006072106827,259.5305480957031,263.7825927734375,261.38629150390625,0.0071918962947976695,261.6587547302246,257.19217376708986,0.009043392422258156
2019-05-14,255.2965850830078,256.82801528908266,253.90030209434332,254.02640467494984,77003200,0.009043392422258156,253.00852966308597,259.3774108886719,261.2150573730469,0.007046455014796514,261.36283111572266,257.2863153076172,0.00585728974341615
2019-05-15,256.7919311523437,257.43151607626385,253.45883184669492,253.66603371953337,73956400,0.00585728974341615,255.2965850830078,259.0169982910156,261.38629150390625,0.007133759711098182,261.1331130981445,257.4171810913086,0.0092616867101043
2019-05-16,259.1702575683594,260.5304998138744,257.4226353539373,257.49469006251053,76749600,0.0092616867101043,256.7919311523437,258.2333374023437,260.7466125488281,0.007330636796359269,261.0542953491211,257.625927734375,-0.006465240881621148
2019-05-17,257.4946594238281,259.98097268898067,256.8460571586275,256.8640914521032,100353000,-0.006465240881621148,259.1702575683594,259.5305480957031,261.2601013183594,0.007412914675313891,260.8660232543945,257.84277801513673,-0.006612140796211197
2019-05-20,255.7920684814453,257.60272784879845,255.0443601554767,255.89114711983012,62877600,-0.006612140796211197,257.4946594238281,253.00852966308597,261.4853515625,0.007443004945551726,260.5813591003418,258.0354428100586,0.009015909421305812
2019-05-21,258.0982666015625,258.4766019386151,257.23344513426133,257.4856778560646,46847100,0.009015909421305812,255.7920684814453,255.2965850830078,263.8365173339844,0.007641578768057006,260.2944465637207,258.2028381347656,-0.003071760893819886
2019-05-22,257.3054504394531,258.2603331360052,256.8280090911771,257.1433067720303,49482500,-0.003071760893819886,258.0982666015625,256.7919311523437,263.2509765625,0.007605390203323893,259.99717025756837,258.33554107666015,-0.012218514514519385
2019-05-23,254.16156005859372,255.1254324633682,252.74724273347388,255.08040171698275,98733800,-0.012218514514519385,257.3054504394531,259.1702575683594,263.0888671875,0.007882108537128835,259.55080490112306,258.37218505859374,0.002268452178974867
2019-05-24,254.7381134033203,256.0173111653613,254.1165350706013,255.60290728268083,55268100,0.002268452178974867,254.16156005859372,257.4946594238281,264.31396484375,0.00790036962455211,259.07201232910154,258.42358642578125,-0.009300658413777252
2019-05-28,252.36888122558597,255.97222067550695,252.3508744252037,255.01733792058172,70029400,-0.009300658413777252,254.7381134033203,255.7920684814453,264.7284240722656,0.007928083654404398,258.45403518676756,258.4026870727539,-0.006710825468656645
2019-05-29,250.6752777099609,251.6571842952598,249.26997768959785,251.2518251497484,104972900,-0.006710825468656645,252.36888122558597,258.0982666015625,264.8634033203125,0.007992171883328751,257.74462890625,258.3295379638672,0.0027315134808902908
2019-05-30,251.3600006103516,252.2698527997743,250.2609807597185,251.43205531752093,62523800,0.0027315134808902908,250.6752777099609,257.3054504394531,262.87261962890625,0.008018995776245208,257.16899795532225,258.2688217163086,-0.013475278436780425
2019-05-31,247.9728546142578,249.63940495701888,247.94583066237757,248.8106521051544,86862800,-0.013475278436780425,251.3600006103516,254.16156005859372,262.3050231933594,0.008321797290031857,256.4523895263672,258.15567779541016,-0.002542835586579306
2019-06-03,247.34230041503903,249.125936321561,246.0090545679584,248.0089095929266,96428000,-0.002542835586579306,247.9728546142578,254.7381134033203,264.8724670410156,0.008295061099696374,255.57588119506835,257.9726287841797,0.021706588442503394
2019-06-04,252.7112579345703,252.8463776951236,249.1889895558583,249.6394070852388,77231900,0.021706588442503394,247.34230041503903,252.36888122558597,263.7825927734375,0.009332907330460046,255.022314453125,257.9956918334961,0.00866198095181736
2019-06-05,254.90023803710935,254.92726198471507,252.5220481739072,254.3327076460896,71169700,0.00866198095181736,252.7112579345703,250.6752777099609,259.3774108886719,0.009320810480706458,254.79845581054687,258.0663171386719,0.006502907907038447
2019-06-06,256.5578308105469,257.2334571495753,254.54898609027157,255.1975884753911,69430400,0.006502907907038447,254.90023803710935,251.3600006103516,259.0169982910156,0.009420383010663362,254.67549743652344,258.13261932373047,0.010006557718689413
2019-06-07,259.1250915527344,260.2061041708792,257.40449400602193,257.5756547954164,74272200,0.010006557718689413,256.5578308105469,247.9728546142578,258.2333374023437,0.009625526557736049,254.72008514404297,258.27675262451174,0.004588852846851843
2019-06-10,260.3141784667969,261.98072799429406,260.2240895074988,260.6745068126985,60799100,0.004588852846851843,259.1250915527344,247.34230041503903,259.5305480957031,0.009624292521432348,254.75926666259767,258.4255676269531,-0.00024161852760407054
2019-06-11,260.25128173828125,262.5033697205982,259.6026792997217,262.1340239925412,58641300,-0.00024161852760407054,260.3141784667969,252.7112579345703,253.00852966308597,0.009616790032568741,255.12140426635742,258.5412371826172,-0.0017656134900047027
2019-06-12,259.7917785644531,260.57550049432666,259.2782960961573,260.016987279534,47096300,-0.0017656134900047027,260.25128173828125,254.90023803710935,255.2965850830078,0.009617331377196494,255.34616394042968,258.58736206054687,0.004126464241088534
2019-06-13,260.8638000488281,261.22415605961413,259.99900610381013,260.7016563387567,48945200,0.004126464241088534,259.7917785644531,256.5578308105469,256.7919311523437,0.009563349837015135,255.5497573852539,258.65240295410155,-0.0011050557529055371
2019-06-14,260.5755310058594,261.1790750378197,259.8098157866652,260.5755310058594,52324700,-0.0011050557529055371,260.8638000488281,259.1250915527344,259.1702575683594,0.009557881146452526,255.6200210571289,258.7035687255859,0.00038004159728033393
2019-06-17,260.674560546875,261.44027562181344,260.5033997363136,260.8096802680297,39205700,0.00038004159728033393,260.5755310058594,260.3141784667969,257.4946594238281,0.009372213216998772,255.77901611328124,258.7430261230469,0.010470997627661793
2019-06-18,263.4040832519531,264.4580720370348,262.1339029176426,262.4942588214182,85434800,0.010470997627661793,260.674560546875,260.25128173828125,255.7920684814453,0.009554239090035544,256.1596168518066,258.8120306396484,0.0022573852494867097
2019-06-19,263.9986877441406,264.53017706467074,262.5663634753288,263.5392531233006,78674400,0.0022573852494867097,263.4040832519531,259.7917785644531,258.0982666015625,0.00902407335808724,256.4546379089355,258.88896118164064,0.009554130187479526
2019-06-20,266.5209655761719,266.926352224848,264.06170421417744,266.68313673041985,116570000,0.009554130187479526,263.9986877441406,260.8638000488281,257.3054504394531,0.00915986362939635,256.9154136657715,259.0430023193359,-0.001453392675143661
2019-06-21,266.13360595703125,267.50952485915224,265.9163628738044,266.251288502116,83309500,-0.001453392675143661,266.5209655761719,260.5755310058594,254.16156005859372,0.009140556931337722,257.51401596069337,259.17164001464846,-0.0012243330956603904
2019-06-24,265.8077697753906,266.6586478174156,265.653870824963,266.3418441621465,47582700,-0.0012243330956603904,266.13360595703125,260.674560546875,254.7381134033203,0.009117945052328508,258.0674987792969,259.295205078125,-0.0098082787475392
2019-06-25,263.2006530761719,265.8891461105345,263.09203155963263,265.8619907313997,82028700,-0.0098082787475392,265.8077697753906,263.4040832519531,252.36888122558597,0.007970143106980195,258.60908737182615,259.3314923095703,-0.000997036486155456
2019-06-26,262.938232421875,264.60382743242513,262.829610864124,264.0969084129105,51584900,-0.000997036486155456,263.2006530761719,263.9986877441406,250.6752777099609,0.00784569090954018,259.22223510742185,259.3659558105469,0.0035456292740450035
2019-06-27,263.8705139160156,264.3774327619087,263.31834531156267,263.6985206334799,40355200,0.0035456292740450035,262.938232421875,266.5209655761719,251.3600006103516,0.007807735579482281,259.8477607727051,259.41564025878904,0.005145891827557314
2019-06-28,265.2283630371094,265.72622092796087,264.33220778357355,264.8481600545442,59350900,0.005145891827557314,263.8705139160156,266.13360595703125,247.9728546142578,0.007691698547792521,260.71053619384764,259.50527526855467,0.009078583910280491
2019-07-01,267.6362609863281,268.7768423916626,266.43230780847284,268.55957168945,78705600,0.009078583910280491,265.2283630371094,265.8077697753906,247.34230041503903,0.007709001580916565,261.7252342224121,259.63279846191404,0.002604247138366933
2019-07-02,268.333251953125,268.38756271925695,266.74912348259073,267.59096798264414,61504500,0.002604247138366933,267.6362609863281,263.2006530761719,252.7112579345703,0.007564399380861982,262.50633392333987,259.7697564697266,0.007995228793195919
2019-07-03,270.4786376953125,270.4967597025448,268.8673536772652,269.01219161006856,40898900,0.007995228793195919,268.333251953125,262.938232421875,254.90023803710935,0.007532234752903889,263.28525390625,259.9025988769531,-0.0011380965726899284
2019-07-05,270.1708068847656,270.3337667882715,267.9530438718223,269.247496348255,51677300,-0.0011380965726899284,270.4786376953125,263.8705139160156,256.5578308105469,0.007499164988762611,263.9659027099609,260.04099548339843,-0.005494661275323054
2019-07-08,268.6863098144531,269.9898235013948,268.1431745073926,268.8583031221058,45841800,-0.005494661275323054,270.1708068847656,265.2283630371094,259.1250915527344,0.007163185966008116,264.4439636230469,260.1529443359375,0.0012463209792745733
2019-07-09,269.02117919921875,269.3198883619145,267.4732673788795,267.5275781357333,41101300,0.0012463209792745733,268.6863098144531,267.6362609863281,260.3141784667969,0.007163700149099041,264.87931365966796,260.24708862304686,0.00477806392214597
2019-07-10,270.3065795898437,271.25707311636285,269.5552623450755,270.0893365552128,58448500,0.00477806392214597,269.02117919921875,268.333251953125,260.25128173828125,0.006863229454462669,265.38207855224607,260.35865173339846,0.0023442529336468176
2019-07-11,270.94024658203125,271.1846450001776,269.9354699046471,270.9493075836309,50826100,0.0023442529336468176,270.3065795898437,270.4786376953125,259.7917785644531,0.006648389221908407,265.939501953125,260.4801885986328,0.004476936125350051
2019-07-12,272.1532287597656,272.22566152144543,271.12129671836635,271.42906689299434,40326000,0.004476936125350051,270.94024658203125,270.1708068847656,260.8638000488281,0.0066570666455504236,266.50397338867185,260.66580078125,0.0003327010107854189
2019-07-15,272.2437744140625,272.5877609929242,271.7368555478473,272.5877609929242,33900000,0.0003327010107854189,272.1532287597656,268.6863098144531,260.5755310058594,0.0059408063494221924,267.087385559082,260.86457580566406,-0.003225016713590323
2019-07-16,271.36578369140625,272.36152730192515,271.05801341633924,272.15331757540326,36650100,-0.003225016713590323,272.2437744140625,269.02117919921875,260.674560546875,0.005964544452484832,267.62194671630857,260.9944421386719,-0.006805468305961848
2019-07-17,269.5190124511719,271.5014377706892,269.5190124511719,271.3385055149757,36036300,-0.006805468305961848,271.36578369140625,270.3065795898437,263.4040832519531,0.005109759816487948,267.92769317626954,261.1091705322266,0.003660945203694199
2019-07-18,270.5057067871094,270.885909692556,268.5776197577081,269.02116679322734,51392600,0.003660945203694199,269.5190124511719,270.94024658203125,263.9986877441406,0.00497003430179845,268.25304412841797,261.3317364501953,-0.005554646127096441
2019-07-19,269.0031433105469,271.6282650875979,268.8311500014461,271.6011097032668,58678600,-0.005554646127096441,270.5057067871094,272.1532287597656,266.5209655761719,0.00507921987951584,268.37715301513674,261.5314593505859,0.0024564661624706385
2019-07-22,269.6639404296875,270.2070757552025,268.88546764229045,269.40141995777003,43638100,0.0024564661624706385,269.0031433105469,272.2437744140625,266.13360595703125,0.004828822327040918,268.55366973876954,261.7600714111328,0.007150125821210329
2019-07-23,271.5920715332031,271.5920715332031,269.953632082453,270.7864433136411,44564500,0.007150125821210329,269.6639404296875,271.36578369140625,265.8077697753906,0.004910182819873178,268.84288482666017,262.0013018798828,0.004699686916015411
2019-07-24,272.86846923828125,272.86846923828125,270.741204897207,270.8317320739579,47213200,0.004699686916015411,271.5920715332031,269.5190124511719,263.2006530761719,0.004935115091268537,269.32627563476564,262.3985006713867,-0.004777352512829958
2019-07-25,271.5648803710937,272.4700966389974,270.7592246326556,272.41578587292383,55394100,-0.004777352512829958,272.86846923828125,270.5057067871094,262.938232421875,0.005035366908037811,269.7576080322266,262.72386657714844,0.0067000140920443485
2019-07-26,273.3843688964844,273.58351757677167,272.12610504716736,272.2528485823537,45084100,0.0067000140920443485,271.5648803710937,269.0031433105469,263.8705139160156,0.005103283751280155,270.23330078125,263.05571533203124,-0.0018211127854196318
2019-07-29,272.8865051269531,273.38439067984694,272.33433642966406,273.2667081377991,38126500,-0.0018211127854196318,273.3843688964844,269.6639404296875,265.2283630371094,0.00511791159438347,270.6162078857422,263.3300402832031,-0.0024548350498688754
2019-07-30,272.21661376953125,272.62397210504514,271.10318791079754,271.4833908656109,45849000,-0.0024548350498688754,272.8865051269531,271.5920715332031,267.6362609863281,0.005166251091054191,270.84522552490233,263.6244793701172,-0.010940366103385224
2019-07-31,269.23846435546875,272.6511473201297,267.21984978486825,272.46103201638994,104245200,-0.010940366103385224,272.21661376953125,272.86846923828125,268.333251953125,0.005353770781380454,270.8904861450195,263.89340728759765,-0.00870782868074782
2019-08-01,266.8939819335937,272.35243534985585,266.0973871356964,269.3923878679063,142646600,-0.00870782868074782,269.23846435546875,271.5648803710937,270.4786376953125,0.005614852944813163,270.7112533569336,264.06932159423826,-0.00752963038937815
2019-08-02,264.8843688964844,266.24219324196565,263.32739587533223,265.9977948047816,116749700,-0.00752963038937815,266.8939819335937,273.3843688964844,270.1708068847656,0.005517689151202111,270.44693145751955,264.2208999633789,-0.03007293659215937
2019-08-05,256.91851806640625,260.8924035858546,255.01755815476295,260.7837820409055,178745400,-0.03007293659215937,264.8843688964844,272.8865051269531,268.6863098144531,0.007761444675717349,269.85854187011716,264.27603912353516,0.014022701351015243
2019-08-06,260.5212097167969,260.73848038847234,257.334858657285,258.8103654742626,120711700,0.014022701351015243,256.91851806640625,272.21661376953125,269.02117919921875,0.00824046107921389,269.4335433959961,264.3917010498047,0.0005906222724572086
2019-08-07,260.6750793457031,261.4445185495751,255.30715454545975,257.44345126444256,140572300,0.0005906222724572086,260.5212097167969,269.23846435546875,270.3065795898437,0.008058036605837236,268.95196838378905,264.55782501220705,0.019619984122786205
2019-08-08,265.7895202636719,265.7895202636719,261.6164877202808,262.1686562260222,87713900,0.019619984122786205,260.6750793457031,266.8939819335937,270.94024658203125,0.008837132769684586,268.6944320678711,264.86010986328125,-0.006811153615677634
2019-08-09,263.97918701171875,265.4456330756324,262.1959097009694,264.8481869708878,93730000,-0.006811153615677634,265.7895202636719,264.8843688964844,272.1532287597656,0.008911890722127747,268.2857299804688,265.1124935913086,-0.012173080680271897
2019-08-12,260.7657470703125,263.9701938764454,259.81525308542814,262.476592043076,65527600,-0.012173080680271897,263.97918701171875,256.91851806640625,272.2437744140625,0.009128866474698424,267.7118286132812,265.3683514404297,0.0155514974536477
2019-08-13,264.821044921875,266.26939667676976,260.1229696286607,260.46695627826205,94299800,0.0155514974536477,260.7657470703125,260.5212097167969,271.36578369140625,0.009435037262761329,267.3845916748047,265.7179263305664,-0.029567662050673627
2019-08-14,256.99090576171875,261.3721494020812,256.8641898428909,260.7656699423151,135622100,-0.029567662050673627,264.821044921875,260.6750793457031,269.5190124511719,0.010819276294894093,266.75818634033203,265.8035192871094,0.002641823291507306
2019-08-15,257.6698303222656,258.5660133001021,255.62406014182483,257.8780400292399,99556600,0.002641823291507306,256.99090576171875,265.7895202636719,270.5057067871094,0.010702808297367618,266.1163925170898,265.8589111328125,0.01475496916203034
2019-08-16,261.47174072265625,261.90622687818694,257.72413188114456,259.3263824546937,83018300,0.01475496916203034,257.6698303222656,263.97918701171875,269.0031433105469,0.011110007030610974,265.7398223876953,265.9571893310547,0.012047867938793866
2019-08-19,264.6219177246094,265.3008300750685,263.81628943373863,264.4952017841978,53571800,0.012047867938793866,261.47174072265625,260.7657470703125,269.6639404296875,0.011326479432082802,265.4877212524414,266.0671258544922,-0.007662898876743984
2019-08-20,262.5941467285156,264.64897742124305,262.46743083392226,264.114903213662,51596400,-0.007662898876743984,264.6219177246094,264.821044921875,271.5920715332031,0.01139716703359118,265.037825012207,266.11272521972654,0.008135684223187667
2019-08-21,264.73052978515625,265.1016441746903,264.06971191169754,264.7576851703663,49524700,0.008135684223187667,262.5941467285156,256.99090576171875,272.86846923828125,0.011469505132166755,264.6309280395508,266.2023101806641,-0.00030813781241745275
2019-08-22,264.6489562988281,266.07015215515014,262.8747405410961,265.4365174827469,51666400,-0.00030813781241745275,264.73052978515625,257.6698303222656,271.5648803710937,0.01145599777940773,264.2851318359375,266.29945373535156,-0.025686988390359433
2019-08-23,257.8509216308594,265.01118735203045,256.60171845984394,263.34559233234813,149161500,-0.025686988390359433,264.6489562988281,261.47174072265625,273.3843688964844,0.012278422919665672,263.5084594726562,266.2391961669922,0.011058247829780044
2019-08-26,260.7023010253906,260.7023010253906,258.5116653687146,260.0414831645936,72423800,0.011058247829780044,257.8509216308594,264.6219177246094,272.8865051269531,0.01249463568115823,262.8992492675781,266.2417315673828,-0.003923587093671799
2019-08-27,259.6794128417969,262.46749470133955,258.9190344141973,262.0963526786402,66668900,-0.003923587093671799,260.7023010253906,262.5941467285156,272.21661376953125,0.012498868112832146,262.2723892211914,266.2218286132813,0.007041458190717664
2019-08-28,261.5079345703125,261.6708668645928,258.21293417482644,259.0185898937804,59696700,0.007041458190717664,259.6794128417969,264.73052978515625,269.23846435546875,0.012547574117467628,261.88586273193357,266.18390563964846,0.012772998586081163
2019-08-29,264.8481750488281,265.3732159770952,263.0648978183525,264.0697022845135,57899400,0.012772998586081163,261.5079345703125,264.6489562988281,266.8939819335937,0.012770805051633135,261.7835723876953,266.2008953857422,-0.0004441988835686139
2019-08-30,264.73052978515625,266.35084714437403,263.7981580595969,266.33275276257075,62901200,-0.0004441988835686139,264.8481750488281,257.8509216308594,264.8843688964844,0.012736819357436866,261.77588043212893,266.1650866699219,-0.005847125372779871
2019-09-03,263.1826171875,263.94299567707674,261.8519479244874,263.0287458637237,69101400,-0.005847125372779871,264.73052978515625,260.7023010253906,256.91851806640625,0.012761576711556024,262.0890853881836,266.10606689453124,0.011350459556435988
2019-09-04,266.1698608398437,266.1879552243926,264.60382638840616,265.3551715349108,46887300,0.011350459556435988,263.1826171875,259.6794128417969,260.5212097167969,0.012873578839818614,262.37151794433595,266.1133087158203,0.012855294298666609
2019-09-05,269.591552734375,270.50580250609715,266.13361948386745,268.6591809547892,83258100,0.012855294298666609,266.1698608398437,261.5079345703125,260.6750793457031,0.013073719597029526,262.81734161376954,266.2411267089844,0.0007720193036522272
2019-09-06,269.7996826171875,270.4424060217157,269.22941960508075,269.9083317683097,49584300,0.0007720193036522272,269.591552734375,264.8481750488281,265.7895202636719,0.013047703890420845,263.0178497314453,266.37835571289065,0.0005032352290450515
2019-09-09,269.9354553222656,270.87686018760576,268.9940228319221,270.78636067651786,51260300,0.0005032352290450515,269.7996826171875,264.73052978515625,263.97918701171875,0.012984673294690234,263.31566314697267,266.4996545410156,-0.00023458931889397405
2019-09-10,269.87213134765625,269.93550311664103,267.9168608869009,269.1750971388404,57947100,-0.00023458931889397405,269.9354553222656,263.1826171875,260.7657470703125,0.012981668039338196,263.77098236083987,266.59252990722655,0.00711091158487287
2019-09-11,271.7911682128906,271.87263435713766,269.5281276782288,270.17988445721164,68821100,0.00711091158487287,269.87213134765625,266.1698608398437,264.821044921875,0.013043944261242705,264.11948852539064,266.6756280517578,0.0034642731185183795
2019-09-12,272.73272705078125,273.791815041222,271.9361319938573,272.6965106504612,72908700,0.0034642731185183795,271.7911682128906,269.591552734375,256.99090576171875,0.012890386697190465,264.9065795898438,266.76361755371096,-0.0006644357678149415
2019-09-13,272.551513671875,273.5291625350344,272.18037175391663,273.1761149941704,62104800,-0.0006644357678149415,272.73272705078125,269.7996826171875,257.6698303222656,0.012775166385393728,265.6506637573242,266.80507507324216,-0.0030886909459310052
2019-09-16,271.7096862792969,272.59680806233507,271.0669905398025,271.420010477692,58191200,-0.0030886909459310052,272.551513671875,269.9354553222656,261.47174072265625,0.012701086580045455,266.1625610351563,266.83585266113283,0.0025317342857202885
2019-09-17,272.3975830078125,272.4880824985541,271.33846824116347,271.510461473568,41475500,0.0025317342857202885,271.7096862792969,269.87213134765625,264.6219177246094,0.011271503819951683,266.5513442993164,266.910078125,0.0005985934901528989
2019-09-18,272.5606384277344,272.6692599657147,269.97170539749584,272.0084421096551,73375800,0.0005985934901528989,272.3975830078125,271.7911682128906,262.5941467285156,0.011042455178723242,267.04966888427737,266.9808673095703,-6.639595479562832e-05
2019-09-19,272.54254150390625,273.94564349864027,272.2076158559735,272.9498999338318,76560500,-6.639595479562832e-05,272.5606384277344,272.73272705078125,264.73052978515625,0.01104510820147196,267.44026947021484,267.02558654785156,-0.004724727383397909
2019-09-20,271.2548522949219,273.4283237750673,270.4636815896256,273.1463852597346,89565000,-0.004724727383397909,272.54254150390625,272.551513671875,264.6489562988281,0.010554714474121053,267.7705642700195,267.03187866210936,-0.0002345733167620212
2019-09-23,271.19122314453125,271.9096544168928,270.3363878970603,270.5910179014609,43476800,-0.0002345733167620212,271.2548522949219,271.7096862792969,257.8509216308594,0.0104604992693659,268.4375793457031,267.0126385498047,-0.007846939939867625
2019-09-24,269.0632019042969,272.673507976676,268.09924360560893,272.2824740494429,94869400,-0.007846939939867625,271.19122314453125,272.3975830078125,260.7023010253906,0.010301938064654978,268.8556243896484,266.9490270996094,0.005914822875729753
2019-09-25,270.6546630859375,271.10025862379086,267.66273993263906,269.1450611127477,71854000,0.005914822875729753,269.0632019042969,272.5606384277344,259.6794128417969,0.009980910294183711,269.40438690185545,266.9348046875,-0.0020835936087042484
2019-09-26,270.0907287597656,270.87279633662166,268.6811754514435,270.6636529278499,56179700,-0.0020835936087042484,270.6546630859375,272.54254150390625,261.5079345703125,0.00820270669260161,269.8335266113281,266.94623901367186,-0.005387028940041061
2019-09-27,268.6357421875,270.9547201008358,267.08068181796534,270.8455691998778,84746600,-0.005387028940041061,270.0907287597656,271.2548522949219,264.8481750488281,0.008301012018080856,270.02290496826174,266.90883972167967,0.004637804771650655
2019-09-30,269.8816223144531,270.5909505610847,269.1086573970001,269.1541161265272,51662400,0.004637804771650655,268.6357421875,271.19122314453125,264.73052978515625,0.007938321431027405,270.28045959472655,266.9264093017578,-0.011894524339454149
2019-10-01,266.6715087890625,271.41856119584054,266.4532624378596,270.763794389644,88242400,-0.011894524339454149,269.8816223144531,269.0632019042969,263.1826171875,0.008001580313787345,270.4549041748047,266.86656066894534,-0.017665008218997524
2019-10-02,261.96075439453125,265.0981834304404,260.66942690190984,265.0890805845865,122539500,-0.017665008218997524,266.6715087890625,270.6546630859375,266.1698608398437,0.008534914859996454,270.24444885253905,266.6739343261719,0.008192983866364134
2019-10-03,264.10699462890625,264.1342754190595,259.0143676971502,261.73345487523494,85278800,0.008192983866364134,261.96075439453125,270.0907287597656,269.591552734375,0.008536814927784044,269.9702209472656,266.4987048339844,0.013532067105001877
2019-10-04,267.680908203125,267.9355381538089,264.7071634101348,264.7617527412515,65091200,0.013532067105001877,264.10699462890625,268.6357421875,269.7996826171875,0.008888720938207575,269.8642822265625,266.421025390625,-0.0043148343565108105
2019-10-07,266.5259094238281,268.50841485168297,266.2439987338841,266.88058737396443,59610500,-0.0043148343565108105,267.680908203125,269.8816223144531,269.9354553222656,0.007467097254168559,269.6938049316406,266.2838562011719,-0.015524780898792168
2019-10-08,262.3881530761719,265.4073559101464,262.35176944794006,264.6707470157687,95708100,-0.015524780898792168,266.5259094238281,266.6715087890625,269.87213134765625,0.007817430973226167,269.3196060180664,266.0738891601562,0.009496349995667508
2019-10-09,264.8798828125,265.8165600063333,263.77952092519905,264.4070066694013,62359400,0.009496349995667508,262.3881530761719,261.96075439453125,271.7911682128906,0.007953477742472449,268.9740417480469,265.9271545410156,0.006763918639418609
2019-10-10,266.6715087890625,267.55362479529134,264.6344688376012,264.7981536010034,55296300,0.006763918639418609,264.8798828125,264.10699462890625,272.73272705078125,0.007945995147559575,268.6709808349609,265.8758154296875,0.010366671198444699
2019-10-11,269.4360046386719,271.6731123470301,269.3087035549438,269.4269017924842,98720400,0.010366671198444699,266.6715087890625,267.680908203125,272.551513671875,0.007831053333902011,268.5152053833008,265.92665588378907,-0.0011139579554777512
2019-10-14,269.1358642578125,269.7906307481246,268.790289200068,269.1176585689368,40394800,-0.0011139579554777512,269.4360046386719,266.5259094238281,271.7096862792969,0.007835093364798582,268.3865142822266,266.0116857910156,0.009900506222670025
2019-10-15,271.8004455566406,272.54615738895194,270.06349481421915,270.1817208062417,46754500,0.009900506222670025,269.1358642578125,262.3881530761719,272.3975830078125,0.007916742746434894,268.35665740966795,266.3093243408203,-0.001606268421533108
2019-10-16,271.3638610839844,272.0550111800969,270.92736860439646,271.3365803040101,48928200,-0.001606268421533108,271.8004455566406,264.8798828125,272.5606384277344,0.007688668764257367,268.2968185424805,266.52617736816404,0.0029494882564213842
2019-10-17,272.16424560546875,273.0372586742496,271.4730952267004,272.5279987380787,45736600,0.0029494882564213842,271.3638610839844,266.6715087890625,272.54254150390625,0.00735282497296903,268.2779037475586,266.7559606933594,-0.004377302434393715
2019-10-18,270.972900390625,272.27333084102725,270.11806538415243,271.6276670391448,64304000,-0.004377302434393715,272.16424560546875,269.4360046386719,271.2548522949219,0.0074023963000267,268.26380615234376,266.85962829589846,0.006779296426270731
2019-10-21,272.8099060058594,273.0099743891221,271.85505057590547,272.2915709810018,39048600,0.006779296426270731,270.972900390625,269.1358642578125,271.19122314453125,0.007500143691728294,268.34474029541013,267.03624267578124,-0.0032667612662321543
2019-10-22,271.918701171875,273.6374464088708,271.82775595636684,273.34643282027804,48594700,-0.0032667612662321543,272.8099060058594,271.8004455566406,269.0632019042969,0.007529092001314321,268.4875152587891,267.2593017578125,0.00290957631630695
2019-10-23,272.7098693847656,272.76443096306724,271.45489757866204,271.664068797207,34352200,0.00290957631630695,271.918701171875,271.3638610839844,270.6546630859375,0.007436139141916334,268.5902755737305,267.4170782470703,0.0016338119395171713
2019-10-24,273.1554260253906,273.79201468518664,272.3278718686874,273.64650791287386,35453100,0.0016338119395171713,272.7098693847656,272.16424560546875,270.0907287597656,0.00741539669985213,268.7435104370117,267.74036865234376,0.004094960906658507
2019-10-25,274.27398681640625,274.8196302606869,272.52793334522363,272.58249491439386,45205400,0.004094960906658507,273.1554260253906,270.972900390625,268.6357421875,0.007449791399598569,269.02542266845705,268.07245178222655,0.005636440309277013
2019-10-28,275.8199157714844,276.32010044076753,275.4652656084277,275.4925463902013,42147000,0.005636440309277013,274.27398681640625,272.8099060058594,269.8816223144531,0.007485710831436285,269.3223373413086,268.35941528320313,-0.0002967448681228113
2019-10-29,275.7380676269531,276.6656696928972,275.4197733445718,275.5471021585543,44284900,-0.0002967448681228113,275.8199157714844,271.918701171875,266.6715087890625,0.007477407957353618,269.7756652832031,268.58173828125,0.003067163159068409
2019-10-30,276.58380126953125,276.9566293265824,274.6285770417982,275.93810992106086,49643900,0.003067163159068409,275.7380676269531,272.7098693847656,261.96075439453125,0.007492854642579425,270.50681762695314,268.8615313720703,-0.002663107030289158
2019-10-31,275.84722900390625,276.57476285774817,274.39221680138,276.57476285774817,69053800,-0.002663107030289158,276.58380126953125,273.1554260253906,264.10699462890625,0.00751477787959127,271.0938293457031,269.0838653564453,0.009263895566769653
2019-11-01,278.40264892578125,278.4481076482956,277.1294716644442,277.2931841211673,71141500,0.009263895566769653,275.84722900390625,274.27398681640625,267.680908203125,0.007617247084841786,271.6299163818359,269.3589392089844,0.004017999938176198
2019-11-04,279.5212707519531,280.0941951369652,279.1484147592851,279.95779117686374,60606900,0.004017999938176198,278.40264892578125,275.8199157714844,266.5259094238281,0.007635040496938136,272.27968444824216,269.79234619140624,-0.0011063008489792248
2019-11-05,279.2120361328125,280.02141242557303,278.9210225610841,279.7212960070464,42933200,-0.0011063008489792248,279.5212707519531,275.7380676269531,262.3881530761719,0.007461795024013697,273.1208786010742,270.1625408935547,0.00022799757793556807
2019-11-06,279.27569580078125,279.5485036742687,278.329915585056,279.2120313794404,46487100,0.00022799757793556807,279.2120361328125,276.58380126953125,264.8798828125,0.007411581417925404,273.8406692504883,270.55446655273437,0.0035168750777212487
2019-11-07,280.25787353515625,281.5946878190145,279.7849972333301,280.61255157596486,54272300,0.0035168750777212487,279.27569580078125,275.84722900390625,266.6715087890625,0.007399871310691547,274.51998748779295,270.92946533203127,0.002465947041919714
2019-11-08,280.948974609375,281.0035361826021,279.2120238547651,279.9122492128996,49032100,0.002465947041919714,280.25787353515625,278.40264892578125,269.4360046386719,0.007294815174951408,275.09563598632815,271.25148132324216,-0.001909921817361826
2019-11-11,280.4123840332031,280.5851715685112,279.4302203848651,279.5666520462166,35797300,-0.001909921817361826,280.948974609375,279.5212707519531,269.1358642578125,0.007296292489719097,275.65946197509766,271.56511840820315,0.0021080577105012654
2019-11-12,281.0035095214844,281.9038031468933,280.230516970667,280.7761604037485,46484600,0.0021080577105012654,280.4123840332031,279.2120361328125,271.8004455566406,0.006857643672879501,276.11961517333987,271.9215362548828,0.0003238515352486093
2019-11-13,281.0945129394531,281.4946496897508,279.78497952985765,280.0123286946821,53917700,0.0003238515352486093,281.0035095214844,279.27569580078125,271.3638610839844,0.005805471117839465,276.6061477661133,272.220029296875,0.0014555572986585386
2019-11-14,281.503662109375,281.5855322127574,280.1759510531311,280.8125396739401,51219900,0.0014555572986585386,281.0945129394531,280.25787353515625,272.16424560546875,0.005701793098633133,277.07311859130857,272.458271484375,0.007236528859821734
2019-11-15,283.540771484375,283.5862302129895,282.1493958072757,282.8405183461568,62023600,0.007236528859821734,281.503662109375,280.948974609375,270.972900390625,0.005374691425270944,277.7015121459961,272.73309326171875,0.000737482811441259
2019-11-18,283.7498779296875,283.9863298938384,282.8495843009252,283.3042825380905,49228000,0.000737482811441259,283.540771484375,280.4123840332031,272.8099060058594,0.005249826812100245,278.2485107421875,273.0093817138672,-0.00028834418379342086
2019-11-19,283.6680603027344,284.35921056429345,283.0223965204034,284.35010771793173,67804700,-0.00028834418379342086,283.7498779296875,281.0035095214844,271.918701171875,0.004095852170242038,278.83597869873046,273.28530029296877,-0.0037186795169783515
2019-11-20,282.6131896972656,283.5953536303308,281.05812918125986,283.0769908741344,79406200,-0.0037186795169783515,283.6680603027344,281.0945129394531,272.7098693847656,0.004040032994060347,279.33114471435545,273.5017407226562,-0.0016091710004968451
2019-11-21,282.1584167480469,282.8313889694195,281.35817121201325,282.72226583962293,54664700,-0.0016091710004968451,282.6131896972656,281.503662109375,273.1554260253906,0.00400077597594742,279.78129425048826,273.69025451660156,0.002224152955617509
2019-11-22,282.7859802246094,283.0406101816487,281.77656324396247,282.90420623191045,44850200,0.002224152955617509,282.1584167480469,283.540771484375,274.27398681640625,0.003668350303298905,280.20689392089844,273.89494384765624,0.007750316711112593
2019-11-25,284.9776611328125,284.9776611328125,283.7136140549297,283.7136140549297,48647200,0.007750316711112593,282.7859802246094,283.7498779296875,275.8199157714844,0.003795361148199918,280.66478118896487,274.1603033447266,0.0022652243249945414
2019-11-26,285.6231994628906,285.80508983778327,284.69562515711766,285.0139194368924,37569000,0.0022652243249945414,284.9776611328125,283.6680603027344,275.7380676269531,0.0034847106250536822,281.1590377807617,274.4248156738281,0.004457811539558376
2019-11-27,286.8964538574219,286.8964538574219,285.88700918425144,286.1052554908473,44444600,0.004457811539558376,285.6231994628906,282.6131896972656,276.58380126953125,0.0034644878399565427,281.67467041015624,274.7115319824219,-0.0037086389428045985
2019-11-29,285.8324584960937,286.57817040881315,285.6051093338683,286.3326155519564,36592700,-0.0037086389428045985,286.8964538574219,282.1584167480469,275.84722900390625,0.00360297238084755,282.17393188476564,274.97733032226563,-0.008494945312688351
2019-12-02,283.4043273925781,286.15069472322455,282.9769099443492,286.08703031011913,75767800,-0.008494945312688351,285.8324584960937,282.7859802246094,278.40264892578125,0.0039058426211340293,282.4240158081055,275.22031982421873,-0.00670654996940212
2019-12-03,281.503662109375,281.5855322127574,279.30293822530007,280.6852108487473,73941700,-0.00670654996940212,283.4043273925781,284.9776611328125,279.5212707519531,0.004051079080811415,282.52313537597655,275.42656860351565,0.00617021627195613
2019-12-04,283.2406005859375,283.8408055521402,282.2039031007338,282.54947817999374,49080000,0.00617021627195613,281.503662109375,285.6231994628906,279.2120361328125,0.004070335606628895,282.7245635986328,275.7101165771484,0.0017980379320494677
2019-12-05,283.7498779296875,283.9590491097116,282.4403447864453,283.94087117115305,40709000,0.0017980379320494677,283.2406005859375,286.8964538574219,279.27569580078125,0.004060873900749738,282.9482727050781,275.9720208740234,0.009134089832603332
2019-12-06,286.3416748046875,286.7418114894914,285.6505245759209,285.6596274218507,48927000,0.009134089832603332,283.7498779296875,285.8324584960937,280.25787353515625,0.004303733831398,283.25246276855466,276.2970397949219,-0.0031438229176569132
2019-12-09,285.44146728515625,286.6236720044926,285.3687000009152,285.9507272644938,34838500,-0.0031438229176569132,286.3416748046875,283.4043273925781,280.948974609375,0.004360515066612489,283.4770874023437,276.633154296875,-0.0011151089674219516
2019-12-10,285.1231689453125,286.05074366224494,284.4684021590699,285.38690178003736,52649800,-0.0011151089674219516,285.44146728515625,281.503662109375,280.4123840332031,0.004305019169306713,283.7126266479492,276.9379852294922,0.0028387282942496928
2019-12-11,285.9325561523437,286.1871861480972,285.04133729091274,285.577878076515,53429100,0.0028387282942496928,285.1231689453125,283.2406005859375,281.0035095214844,0.004307615379022156,283.9590789794922,277.3232061767578,0.00861844648526433
2019-12-12,288.3968505859375,289.1789180759951,285.70504533174443,285.94146949596734,96389600,0.00861844648526433,285.9325561523437,283.7498779296875,281.0945129394531,0.004504443990608156,284.3241958618164,277.85192810058595,0.0005995647917267366
2019-12-13,288.5697631835937,289.7974542607273,287.3875308397455,288.1605235736877,81503900,0.0005995647917267366,288.3968505859375,286.3416748046875,281.503662109375,0.004441790508415675,284.67750091552733,278.3411834716797,0.0068699241760714624
2019-12-16,290.5522155761719,291.14331781947243,288.5060732129594,290.29758563663097,82749700,0.0068699241760714624,288.5697631835937,285.44146728515625,283.540771484375,0.0043175179759322325,285.0280731201172,278.7986096191406,0.00021909889016846762
2019-12-17,290.6158752441406,291.2342582653961,290.53403288126106,290.9341696015044,61097700,0.00021909889016846762,290.5522155761719,285.1231689453125,283.7498779296875,0.00429476254189392,285.37137298583986,279.28040893554686,6.269098040601051e-05
2019-12-18,290.63409423828125,291.2342994034276,290.57953265532115,291.0069502235654,48133000,6.269098040601051e-05,290.6158752441406,285.9325561523437,283.6680603027344,0.004277377560884255,285.7196746826172,279.84532775878904,0.004098809072044851
2019-12-19,291.8253479003906,291.8981151659742,290.5703762185872,290.825006142969,85310500,0.004098809072044851,290.63409423828125,288.3968505859375,282.6131896972656,0.004300801833330463,286.18028259277344,280.38423706054687,0.004384194020559118
2019-12-20,293.1047668457031,294.23795375085035,291.88018760229625,292.8580047434994,147142100,0.004384194020559118,291.8253479003906,288.5697631835937,282.1584167480469,0.004317880693961651,286.72760009765625,280.9129022216797,0.0015280405753286264
2019-12-23,293.5526428222656,293.9455993190284,293.4064206141374,293.8907694771096,52990000,0.0015280405753286264,293.1047668457031,290.5522155761719,282.7859802246094,0.004314070213436449,287.26593322753905,281.3952349853516,3.0875963561438624e-05
2019-12-24,293.56170654296875,293.82670807350945,293.2601146095581,293.7810258479753,20270000,3.0875963561438624e-05,293.5526428222656,290.6158752441406,284.9776611328125,0.004275977086873802,287.69513549804685,281.88375183105467,0.005323184429846695
2019-12-26,295.1243896484375,295.13353724845075,293.9363729857451,293.9454926967339,30911200,0.005323184429846695,293.56170654296875,290.63409423828125,285.6231994628906,0.004330709964827624,288.1701950073242,282.3502307128906,-0.0002477603334465339
2019-12-27,295.05126953125,295.91030727604016,294.52123861313635,295.8554774530982,42528800,-0.0002477603334465339,295.1243896484375,291.8253479003906,286.8964538574219,0.004337973112022048,288.57793579101565,282.82397888183596,-0.005513102695009597
2019-12-30,293.42462158203125,295.2706521393171,292.94027282858093,295.1335775655158,49729100,-0.005513102695009597,295.05126953125,293.1047668457031,285.8324584960937,0.004529735624815686,288.9575439453125,283.2491864013672,0.0024296568527015783
2019-12-31,294.1375427246094,294.3843049349624,292.5748362448729,292.9221105490451,57077300,0.0024296568527015783,293.42462158203125,293.5526428222656,283.4043273925781,0.004399051178924438,289.49420471191405,283.71247924804686,0.009351546367258434
2020-01-02,296.88818359375,296.906478796011,294.7497366062965,295.67275187158805,59151200,0.009351546367258434,294.1375427246094,293.56170654296875,281.503662109375,0.00464010702065011,290.2634307861328,284.1940447998047,-0.0075722377460213375
2020-01-03,294.6400756835937,295.7641429457349,293.4429112798059,293.4977411082979,77709700,-0.0075722377460213375,296.88818359375,295.1243896484375,283.2406005859375,0.004920125796697308,290.83340454101557,284.6484722900391,0.003814799861540097
2020-01-06,295.7640686035156,295.84631332558087,292.76655665791674,292.88536388612897,55653900,0.003814799861540097,294.6400756835937,295.05126953125,283.7498779296875,0.004848056866167047,291.434114074707,285.10955627441405,-0.0028115077422224966
2020-01-07,294.9325256347656,295.67275622250656,294.4847115081981,295.19752718117184,40496400,-0.0028115077422224966,295.7640686035156,293.42462158203125,286.3416748046875,0.004879756752692747,291.8636566162109,285.54509826660154,0.00532938121336457
2020-01-08,296.5043334960937,297.71976504897265,294.8776503960096,295.12438459091834,68296000,0.00532938121336457,294.9325256347656,294.1375427246094,285.44146728515625,0.004928587855281229,292.4167999267578,285.9897052001953,0.00678077295109647
2020-01-09,298.5148620605469,298.5879870903448,297.48218715461246,298.0670758368869,48473300,0.00678077295109647,296.5043334960937,296.88818359375,285.1231689453125,0.004889840268398848,293.0863845825195,286.44360412597655,-0.0028778125761943496
2020-01-10,297.6557922363281,299.2550604506268,297.18973874984056,299.09971858480566,53029300,-0.0028778125761943496,298.5148620605469,294.6400756835937,285.9325561523437,0.004953987598796466,293.6725463867187,286.88195861816405,0.006877368680336504
2020-01-13,299.702880859375,299.7120005705417,297.8477308070792,298.2772496807154,47086800,0.006877368680336504,297.6557922363281,295.7640686035156,288.3968505859375,0.005024871699210261,294.2378479003906,287.34434020996093,-0.001524540499501903
2020-01-14,299.2459716796875,300.31518120708546,298.6884979136288,299.264238992548,62832800,-0.001524540499501903,299.702880859375,294.9325256347656,288.5697631835937,0.004962706999988133,294.7716583251953,287.81231506347655,0.0022599118960702214
2020-01-15,299.9222412109375,300.68073912701385,299.07235094750735,299.15459569341715,72056600,0.0022599118960702214,299.2459716796875,296.5043334960937,290.5522155761719,0.004586902761915906,295.2401596069336,288.2427069091797,0.008318399585178993
2020-01-16,302.4171142578125,302.4171142578125,301.0737276112458,301.30219453828755,54050300,0.008318399585178993,299.9222412109375,298.5148620605469,290.6158752441406,0.004432411597284598,295.83022155761716,288.70062377929685,0.003112536081159245
2020-01-17,303.3583984375,303.56857016247767,302.3531383755547,303.1299315092865,95846000,0.003112536081159245,302.4171142578125,297.6557922363281,290.63409423828125,0.0043775679204348245,296.4664367675781,289.1835510253906,-0.0019581612418273497
2020-01-21,302.7643737792969,303.5685818598415,302.3257351092037,302.39883225787577,77742400,-0.0019581612418273497,303.3583984375,299.702880859375,291.8253479003906,0.004445583344441065,297.0133880615234,289.65332458496096,0.00012055257024434773
2020-01-22,302.8008728027344,304.2722140708887,302.64553093599403,303.6233480257216,48914900,0.00012055257024434773,302.7643737792969,299.2459716796875,293.1047668457031,0.004259664760303563,297.498193359375,290.1041845703125,0.0011470262731603231
2020-01-23,303.148193359375,303.5594449783584,301.03716121185505,302.15208091700214,51963000,0.0011470262731603231,302.8008728027344,299.9222412109375,293.5526428222656,0.0041561680688986385,297.9779708862305,290.5481689453125,-0.00889308566113256
2020-01-24,300.4522705078125,303.8884219479204,299.16371371777205,303.80617720247466,87578400,-0.00889308566113256,303.148193359375,302.4171142578125,293.56170654296875,0.004579316024353424,298.32249908447267,290.9489666748047,-0.016029606245467343
2020-01-27,295.6361389160156,297.1165998171226,294.86849355577584,295.20662007158137,84062500,-0.016029606245467343,300.4522705078125,303.3583984375,295.1243896484375,0.0056062440480353125,298.34808654785155,291.24161926269534,0.010479689865345643
2020-01-28,298.7343139648437,299.6116194067164,295.727680535974,297.0619199626398,63834000,0.010479689865345643,295.6361389160156,302.7643737792969,295.05126953125,0.005701481735321087,298.53223876953126,291.59441528320315,-0.0008263419296455909
2020-01-29,298.4874572753906,300.3243402372707,298.28640527016483,300.0958733171972,53888900,-0.0008263419296455909,298.7343139648437,302.8008728027344,293.42462158203125,0.005712509392869335,298.7853805541992,291.93409118652346,0.0032452232871276188
2020-01-30,299.45611572265625,299.6663153017545,295.67271852206113,296.42206872649126,75491800,0.0032452232871276188,298.4874572753906,303.148193359375,294.1375427246094,0.005624860153101,299.0513092041016,292.25239807128906,-0.01815761362610313
2020-01-31,294.0187072753906,298.9901505066073,293.104839444491,298.8347807041798,113845600,-0.01815761362610313,299.45611572265625,300.4522705078125,296.88818359375,0.006626717492558217,298.90783538818357,292.4577746582031,0.0074283777773511694
2020-02-03,296.2027893066406,298.0670871911225,295.3803139687608,295.49912122993766,69083000,0.0074283777773511694,294.0187072753906,295.6361389160156,294.6400756835937,0.006748754973498296,298.98597106933596,292.7084692382812,0.015241130384352042
2020-02-04,300.7172546386719,301.5854399692841,299.492675464825,299.8125346860519,62573200,0.015241130384352042,296.2027893066406,298.7343139648437,295.7640686035156,0.007233979148441876,299.23363037109374,293.0705505371094,0.011548013005608038
2020-02-05,304.18994140625,304.4001409842499,302.1885971158361,303.6507628947107,65951100,0.011548013005608038,300.7172546386719,298.4874572753906,294.9325256347656,0.007463249232831834,299.69650115966795,293.51118103027346,0.0033649701997331416
2020-02-06,305.2135314941406,305.40543589404376,304.1351464583818,305.1495540644969,50359700,0.0033649701997331416,304.18994140625,299.45611572265625,296.5043334960937,0.007473009397082061,300.1319610595703,293.95973205566406,-0.005329840698705568
2020-02-07,303.5867919921875,305.22259472273987,303.0384659191935,304.153385374973,64139400,-0.005329840698705568,305.2135314941406,294.0187072753906,298.5148620605469,0.007568535903867521,300.3855575561523,294.33191467285155,0.0074655717389302545
2020-02-10,305.8532409667969,305.91721840038207,302.6638515575527,302.700414075177,42070000,0.0074655717389302545,303.5867919921875,296.2027893066406,297.6557922363281,0.0076192297217828955,300.7954299926758,294.7365155029297,0.0017330527960979225
2020-02-11,306.38330078125,307.9916890041701,305.85324188570775,307.20577615157714,54864500,0.0017330527960979225,305.8532409667969,300.7172546386719,299.702880859375,0.007614661049330501,301.1294509887695,295.1262524414062,0.006442707494983768
2020-02-12,308.35723876953125,308.5674104828042,307.4524908196525,307.8180323066308,43992700,0.006442707494983768,306.38330078125,304.18994140625,299.2459716796875,0.007559256861594527,301.5850143432617,295.576748046875,-0.0010668777989462086
2020-02-13,308.0282592773437,308.9969568539677,306.6574576626084,306.93160682994335,54501900,-0.0010668777989462086,308.35723876953125,305.2135314941406,299.9222412109375,0.007574298691245228,301.99031524658204,296.0692266845703,0.0016019267902913636
2020-02-14,308.5216979980469,308.6405052446944,307.2422889745831,308.4394532632197,64582200,0.0016019267902913636,308.0282592773437,303.5867919921875,302.4171142578125,0.0074304405355742715,302.29554443359376,296.6095874023438,-0.0025768476995073897
2020-02-18,307.7266845703125,308.58572245034776,306.33758779968736,307.52563255819723,57226200,-0.0025768476995073897,308.5216979980469,305.8532409667969,303.3583984375,0.007278986406976153,302.5139587402344,297.09930908203125,0.0047814329581890025
2020-02-19,309.19805908203125,309.8743123972908,308.41214608203063,308.6954428972899,48814700,0.0047814329581890025,307.7266845703125,306.38330078125,302.7643737792969,0.007291827613574668,302.8356430053711,297.60827270507815,-0.004108449809816617
2020-02-20,307.927734375,309.4721730276708,304.9393691304808,308.6496697818951,74163400,-0.004108449809816617,309.19805908203125,308.35723876953125,302.8008728027344,0.007322098846975474,303.09198608398435,298.03999389648436,-0.010298333745615507
2020-02-21,304.756591796875,306.8858911350751,303.93408860649663,306.5751794829659,113788200,-0.010298333745615507,307.927734375,308.0282592773437,303.148193359375,0.007588695147333447,303.1724060058594,298.4262963867188,-0.03316525579536056
2020-02-24,294.6492614746094,304.8297340268577,293.5708763000979,295.3072473908234,161088400,-0.03316525579536056,304.756591796875,308.5216979980469,300.4522705078125,0.009731205122768597,302.8822555541992,298.6168182373047,-0.030302016547373523
2020-02-25,285.7207946777344,296.65064700332005,284.8434892986095,296.03837112534984,218913200,-0.030302016547373523,294.6492614746094,307.7266845703125,295.6361389160156,0.011156820985222133,302.38648834228513,298.6125830078125,-0.0036785050657949236
2020-02-26,284.6697692871094,290.7104209886197,283.93868633219154,287.11892786401404,194773800,-0.0036785050657949236,285.7207946777344,309.19805908203125,298.7343139648437,0.011055954986534838,301.6832611083984,298.5380413818359,-0.044911808555241794
2020-02-27,271.8847351074219,284.72456262234533,271.8847351074219,279.14996516623097,284353500,-0.044911808555241794,284.6697692871094,307.927734375,298.4874572753906,0.013586565995735921,300.353125,298.2043408203125,-0.0042015377727023795
2020-02-28,270.7424011230469,272.2320096468705,260.9457401669116,263.83356488451,384975800,-0.0042015377727023795,271.8847351074219,304.756591796875,299.45611572265625,0.013549826667264725,298.91743927001954,297.80814453125,0.043306532342721304
2020-03-02,282.4673156738281,282.53129309523894,269.0974290501747,272.52443233830087,238703600,0.043306532342721304,270.7424011230469,294.6492614746094,294.0187072753906,0.01588950763918896,298.3398696899414,297.6451733398437,-0.028632257798251515
2020-03-03,274.379638671875,286.8082453931347,271.9396274475978,282.8420627866868,300139100,-0.028632257798251515,282.4673156738281,285.7207946777344,296.2027893066406,0.016569469608202415,297.24871215820315,297.3200842285156,0.0420329640995889
2020-03-04,285.9126281738281,286.1319753809504,277.20347032348707,279.753168952443,176613400,0.0420329640995889,274.379638671875,284.6697692871094,300.7172546386719,0.018516087552841724,296.50848083496095,297.2018298339844,-0.03324177041099785
2020-03-05,276.40838623046875,281.9007394258582,274.1694273459628,278.71135042930734,186366800,-0.03324177041099785,285.9126281738281,271.8847351074219,304.18994140625,0.019382030998815268,295.11940307617186,296.8679022216797,-0.016530994164959956
2020-03-06,271.8390808105469,273.0453928793516,265.231835125878,267.9003132173233,228667200,-0.016530994164959956,276.40838623046875,270.7424011230469,305.2135314941406,0.01952442086105103,293.4506805419922,296.43363098144533,-0.07809462748928642
2020-03-09,250.6099090576172,259.71202207505866,249.89709348195652,251.58772614350625,309417300,-0.07809462748928642,271.8390808105469,282.4673156738281,303.5867919921875,0.02380848088771268,290.80183639526365,295.5745950317383,0.05174503778653783
2020-03-10,263.5777282714844,263.6690927281698,249.9428102284353,260.1233095601224,276444100,0.05174503778653783,250.6099090576172,274.379638671875,305.8532409667969,0.025921153208411988,288.68806076049805,294.9436618041992,-0.0487485983131708
2020-03-11,250.7286834716797,257.65581500361225,247.54844229941548,256.5226281848996,255316300,-0.0487485983131708,263.5777282714844,285.9126281738281,306.38330078125,0.027051361968716096,285.9053298950195,294.0572100830078,-0.09567712030759967
2020-03-12,226.73968505859372,243.69193139870373,226.34671474938688,233.95009968243195,392220700,-0.09567712030759967,250.7286834716797,276.40838623046875,308.35723876953125,0.03164372049680961,281.82445220947267,292.72351135253905,0.08548628322193097
2020-03-13,246.1228179931641,248.09677526977265,227.11436995312613,240.42941305337604,329566100,0.08548628322193097,226.73968505859372,271.8390808105469,308.0282592773437,0.03597374494839553,278.7291801452637,291.76321685791015,-0.1094235210932738
2020-03-16,219.19119262695312,234.7726271214884,216.91565683455983,220.4066245032689,297240000,-0.1094235210932738,246.1228179931641,250.6099090576172,308.5216979980469,0.04060796279288946,274.262654876709,290.2092770385742,0.053991830372252636
2020-03-17,231.02572631835935,234.1054695359692,216.65059323263955,223.9341049943912,262070500,0.053991830372252636,219.19119262695312,263.5777282714844,307.7266845703125,0.042116506201735474,270.4276069641113,288.9369900512695,-0.05063279936160625
2020-03-18,219.3282470703125,226.97731522464505,208.38011597518343,215.90124320983887,327597100,-0.05063279936160625,231.02572631835935,250.7286834716797,309.19805908203125,0.04261103885895228,265.9341163635254,287.4082736206055,0.0021247544854923195
2020-03-19,219.7942657470703,226.0725449069811,212.2183103648007,218.64279772578,289322000,0.0021247544854923195,219.3282470703125,226.73968505859372,307.927734375,0.04248453760799623,261.5274429321289,285.90550842285154,-0.043093943900757825
2020-03-20,210.3224639892578,224.72697702090403,210.0466887261092,222.94364621592396,347158800,-0.043093943900757825,219.7942657470703,246.1228179931641,304.756591796875,0.042830252348769124,256.80573654174805,284.18187103271487,-0.025568401733846224
2020-03-23,204.94485473632807,211.13134505091108,200.6336105908969,209.76168442600684,326025200,-0.025568401733846224,210.3224639892578,219.19119262695312,294.6492614746094,0.042890146417561344,252.32051620483398,282.31047088623046,0.09060344721041225
2020-03-24,223.51356506347656,224.3868557094873,214.91866545634184,215.4885906977281,235494500,0.09060344721041225,204.94485473632807,231.02572631835935,285.7207946777344,0.04671391421278778,249.21015472412108,280.82762634277344,0.01496997750915896
2020-03-25,226.85955810546875,235.64751686488069,220.3881054153029,225.09461646269625,299430300,0.01496997750915896,223.51356506347656,219.3282470703125,284.6697692871094,0.04688428184421777,246.31964416503905,279.3707598876953,0.058390103815928907
2020-03-26,240.1059112548828,241.57667533640435,228.9371176727837,229.369162336313,257632800,0.058390103815928907,226.85955810546875,219.7942657470703,271.8847351074219,0.04840493262961886,244.7307029724121,278.1879586791992,-0.029785871903935446
2020-03-27,232.9541473388672,239.74734053233652,230.77554977075565,232.8162667433577,224341200,-0.029785871903935446,240.1059112548828,210.3224639892578,270.7424011230469,0.04856391816500551,242.84129028320314,276.8485968017578,0.03247591535220362
2020-03-30,240.51954650878903,241.23655379734308,233.05530959383543,235.050062078814,171369500,0.03247591535220362,232.9541473388672,204.94485473632807,282.4673156738281,0.04910122840651257,240.74390182495117,275.61064544677737,-0.014905451728445485
2020-03-31,236.9344940185547,242.0638491887975,235.52805566114748,239.5175603608972,194881100,-0.014905451728445485,240.51954650878903,223.51356506347656,274.379638671875,0.04911372504392283,238.87164459228515,274.28216735839845,-0.04500487804438236
2020-04-01,226.2712860107422,236.85176448420265,224.2029926686824,227.9534996121323,189554600,-0.04500487804438236,236.9344940185547,226.85955810546875,285.9126281738281,0.04952374308177244,235.88957748413085,272.75230560302737,0.023075525080560322
2020-04-02,231.49261474609372,232.2739616933411,224.8373004856705,225.38885105850343,177660400,0.023075525080560322,226.2712860107422,240.1059112548828,276.40838623046875,0.04986691083091164,233.6437889099121,271.32614044189455,-0.014454324340357538
2020-04-03,228.14654541015625,232.8622586960982,225.4163970895069,230.50898872250409,135561200,-0.014454324340357538,231.49261474609372,232.9541473388672,271.8390808105469,0.04987855015070826,231.45916213989258,269.8261074829102,0.06716603980841906
2020-04-06,243.47024536132807,245.4374352742941,228.12811933562625,237.01718131949536,188061200,0.06716603980841906,228.14654541015625,240.51954650878903,250.6099090576172,0.05149777079445436,231.10217895507813,268.6864669799805,0.0010195495556362122
2020-04-07,243.71847534179688,252.8189595341113,243.4978663841474,252.06517485811412,201427200,0.0010195495556362122,243.47024536132807,236.9344940185547,263.5777282714844,0.05128524256637308,230.10921630859374,267.6481137084961,0.0335682311677179
2020-04-08,251.8996734619141,253.7105798094865,243.8287365741532,246.31987245584384,153774500,0.0335682311677179,243.71847534179688,226.2712860107422,250.7286834716797,0.051742273946247516,230.16776580810546,266.7114208984375,0.015217496783625828
2020-04-09,255.7329559326172,258.4906799949257,253.2234169368293,255.1630027285368,189999200,0.015217496783625828,251.8996734619141,231.49261474609372,226.73968505859372,0.05121527597290693,231.61742935180663,265.85633087158203,-0.009129988188939953
2020-04-13,253.3981170654297,255.09871946317557,249.49134066253836,254.7586045942313,114839100,-0.009129988188939953,255.7329559326172,228.14654541015625,246.1228179931641,0.05123459425284124,231.98119430541993,264.9351708984375,0.029492977502633133
2020-04-14,260.87158203125,261.89192674380104,253.260262690421,258.2885153744186,134143400,0.029492977502633133,253.3981170654297,243.47024536132807,219.19119262695312,0.05088424640454096,234.06521377563476,264.2722283935547,-0.02124829204608203
2020-04-15,255.32850646972656,261.0094117275876,253.214234366336,255.15384835522408,121775000,-0.02124829204608203,260.87158203125,243.71847534179688,231.02572631835935,0.05076562657679292,235.2803527832031,263.4547427368164,0.004824239032692468
2020-04-16,256.5602722167969,257.415159958969,253.4900094044969,256.6062230641316,131798300,0.004824239032692468,255.32850646972656,251.8996734619141,219.3282470703125,0.050124975736465745,237.14195404052734,262.5716030883789,0.027015450399650698
2020-04-17,263.4913635253906,264.0980381515972,259.5937609848719,262.33311040568213,146684800,0.027015450399650698,256.5602722167969,255.7329559326172,219.7942657470703,0.05005288638865217,239.32680892944336,261.7576315307617,-0.01761784833019364
2020-04-20,258.8492126464844,263.6292797051415,258.6286036617239,259.786828884741,100109300,-0.01761784833019364,263.4913635253906,253.3981170654297,210.3224639892578,0.050065378115132564,241.75314636230468,260.8303451538086,-0.030363402562918473
2020-04-21,250.9896697998047,255.5858766183104,250.05202565489665,254.3816726761035,126385700,-0.030363402562918473,258.8492126464844,260.87158203125,204.94485473632807,0.04823642377418771,244.0553871154785,259.7784027099609,0.02219454857020775
2020-04-22,256.5602722167969,258.3068252108212,254.5471313703784,255.8708411886541,92951600,0.02219454857020775,250.9896697998047,255.32850646972656,223.51356506347656,0.047463861655480555,245.70772247314454,258.79254333496095,-7.184517317604389e-05
2020-04-23,256.5418395996094,261.00936672997125,256.2385023258337,257.8379731481398,104709700,-7.184517317604389e-05,256.5602722167969,256.5602722167969,226.85955810546875,0.046556224084339994,247.19183654785155,257.79571411132815,0.013938965043503337
2020-04-24,260.1177673339844,260.78882372538203,256.00875672334155,258.0586753592096,85063200,0.013938965043503337,256.5418395996094,263.4913635253906,240.1059112548828,0.042789522295554216,248.19242935180665,256.8309246826172,0.014418424084174486
2020-04-27,263.8682556152344,264.98973134296574,261.6345055515394,262.09412629154366,77896600,0.014418424084174486,260.1177673339844,258.8492126464844,232.9541473388672,0.04008921112837539,249.738134765625,255.947724609375,-0.004598542636358172
2020-04-28,262.65484619140625,267.86692903854635,262.3514808302591,267.51761283020494,105270000,-0.004598542636358172,263.8682556152344,250.9896697998047,240.51954650878903,0.03405742783759182,250.84489974975585,255.0303875732422,0.02617840527014259
2020-04-29,269.5307312011719,271.0658765011641,266.9568668064149,267.9864125643177,118745600,0.02617840527014259,262.65484619140625,256.5602722167969,236.9344940185547,0.033087609683186504,252.4747116088867,254.26646850585936,-0.00931047987750877
2020-04-30,267.0212707519531,269.6319131452093,265.2838909183048,268.1519197995434,122901700,-0.00931047987750877,269.5307312011719,256.5418395996094,226.2712860107422,0.03148405619415097,254.51221084594727,253.42293273925782,-0.026473547310421175
2020-05-01,259.9522705078125,267.1866954796315,258.78481603360234,262.2687486221893,125180000,-0.026473547310421175,267.0212707519531,260.1177673339844,231.49261474609372,0.032065921185413224,255.9351936340332,252.46342346191406,0.002758356425293984
2020-05-04,260.6693115234375,260.9726488665371,256.58787713450204,258.0678424422392,80873200,0.002758356425293984,259.9522705078125,263.8682556152344,228.14654541015625,0.030704236516955443,257.56133193969725,251.5816778564453,0.009239356692858358
2020-05-05,263.0777282714844,265.8906050294555,260.7979992424974,263.4913981694902,79569900,0.009239356692858358,260.6693115234375,262.65484619140625,243.47024536132807,0.030057482165879956,258.5417060852051,250.95024719238282,-0.0067787007552087
2020-05-06,261.2944030761719,265.1644020355753,260.86235843797067,264.7783363053678,73632600,-0.0067787007552087,263.0777282714844,269.5307312011719,243.71847534179688,0.02588581496712665,259.42050247192384,250.46171936035157,0.012066556140757578
2020-05-07,264.44732666015625,266.3777389730855,263.9417551736114,264.511680282958,75250400,0.012066556140757578,261.2944030761719,267.0212707519531,251.8996734619141,0.025854751859809785,260.0478851318359,250.0572705078125,0.01654647616212035
2020-05-08,268.822998046875,269.2918202089729,266.4513391653479,267.5820163579853,76452400,0.01654647616212035,264.44732666015625,259.9522705078125,255.7329559326172,0.023959107017639498,260.7023872375488,249.99603576660155,0.00020536300550633158
2020-05-11,268.8782043457031,270.25706693209133,266.46979551663003,266.89263885494034,79514200,0.00020536300550633158,268.822998046875,260.6693115234375,253.3981170654297,0.02310929898631253,261.4763916015625,249.95875183105468,-0.019931897948845978
2020-05-12,263.5189514160156,270.47758767684087,263.3810427599695,270.0639458677684,95870800,-0.019931897948845978,268.8782043457031,263.0777282714844,260.87158203125,0.022944700691861487,261.60876007080077,249.57978454589843,-0.01768583607923535
2020-05-13,258.8583984375,263.9969547866996,256.4315875392969,262.95820745768185,144721100,-0.01768583607923535,263.5189514160156,261.2944030761719,255.32850646972656,0.023026248424125224,261.78525466918944,249.26935974121093,0.01196695885253396
2020-05-14,261.9561462402344,262.084825411016,250.9436273910532,256.422324730339,121977900,0.01196695885253396,258.8583984375,264.44732666015625,256.5602722167969,0.021188820994454027,262.0550483703613,248.79023010253906,0.004597275861832006
2020-05-15,263.1604309082031,263.2063817576998,258.6193760782768,259.56619361268525,111146300,0.004597275861832006,261.9561462402344,268.822998046875,263.4913635253906,0.02091530602612654,262.03850173950195,248.52527099609375,0.030459777246165443
2020-05-18,271.1762390136719,272.78491161799025,269.0619948120629,269.3837068905075,119703800,0.030459777246165443,263.1604309082031,268.8782043457031,258.8492126464844,0.02111887577371229,262.6548530578613,248.51201416015624,-0.010271325266548614
2020-05-19,268.3908996582031,272.288474028132,268.3725249301823,270.57869857253786,95189300,-0.010271325266548614,271.1762390136719,263.5189514160156,250.9896697998047,0.01786544825723056,263.52491455078126,248.86763397216797,0.01698831548741153
2020-05-20,272.9504089355469,273.8144983071531,271.7002537911972,271.930064197411,85861700,0.01698831548741153,268.3908996582031,258.8583984375,256.5602722167969,0.018028987561670727,264.34442138671875,249.05508758544923,-0.006904598694169373
2020-05-21,271.0657958984375,273.63048619370943,269.9718968426875,272.8215496093219,78293900,-0.006904598694169373,272.9504089355469,261.9561462402344,256.5418395996094,0.017232133902870154,265.0706192016602,249.46182983398438,0.0018997365992801107
2020-05-22,271.58074951171875,271.7554076657255,269.5400319702441,270.781013781808,63958200,0.0018997365992801107,271.0657958984375,263.1604309082031,260.1177673339844,0.017066379050300666,265.6437683105469,250.35865112304688,0.012320266703883531
2020-05-26,274.9266967773437,277.7855520274972,271.59904750423533,277.54654029417327,88951400,0.012320266703883531,271.58074951171875,271.1762390136719,263.8682556152344,0.017026928597367277,266.19669036865236,250.93472869873048,0.014879010496184009
2020-05-27,279.017333984375,279.0541114942936,272.8951830483843,277.72120027669484,104817400,0.014879010496184009,274.9266967773437,268.3908996582031,262.65484619140625,0.01643760252689831,267.01481475830076,252.1312515258789,-0.0018450503344693558
2020-05-28,278.5025329589844,282.0599922398802,277.83147672252164,280.0468515835098,90405200,-0.0018450503344693558,279.017333984375,272.9504089355469,269.5307312011719,0.015847178936992272,267.4634048461914,253.0807876586914,0.004455964192741746
2020-05-29,279.7435302734375,280.3318301412633,275.2852041805372,278.03372679987336,119090800,0.004455964192741746,278.5025329589844,271.0657958984375,267.0212707519531,0.015845876883099012,268.0995178222656,254.2890933227539,0.004041722612308396
2020-06-01,280.8741760253906,281.4808786671015,278.5852740999053,279.10004699838373,55758300,0.004041722612308396,279.7435302734375,271.58074951171875,259.9522705078125,0.015187149498294914,269.1456130981445,255.5106915283203,0.008280487652500002
2020-06-02,283.199951171875,283.2459300855402,280.46062904766694,281.7935125894445,74267200,0.008280487652500002,280.8741760253906,274.9266967773437,260.6693115234375,0.014748997476319164,270.2721450805664,256.96824127197266,0.013307907761035187
2020-06-03,286.96875,287.92476883249293,284.909658409725,285.18541958591584,92567600,0.013307907761035187,283.199951171875,279.017333984375,263.0777282714844,0.013427583193069527,271.46669616699216,258.6087191772461,-0.0026263926889360523
2020-06-04,286.2150573730469,287.72262709548625,284.1191876013095,285.98524696801854,75794400,-0.0026263926889360523,286.96875,278.5025329589844,261.2944030761719,0.013063439257927823,272.7127288818359,259.8627490234375,0.025629365279497884
2020-06-05,293.5505676269531,295.324696931107,291.5466279553278,291.6109815909454,150524700,0.025629365279497884,286.2150573730469,279.7435302734375,264.44732666015625,0.013635401141720913,274.16789093017576,261.1965692138672,0.012087557366542434
2020-06-08,297.098876953125,297.2919098216804,293.81717792255563,294.3595270647997,73641200,0.012087557366542434,293.5505676269531,280.8741760253906,268.822998046875,0.013595769098925986,275.5816848754883,262.336428527832,-0.00745654798149753
2020-06-09,294.883544921875,297.1724477167715,293.56900800568155,294.43309742484524,77479200,-0.00745654798149753,297.098876953125,283.199951171875,268.8782043457031,0.01363369360272156,276.8819519042969,263.5750164794922,-0.005580195439307878
2020-06-10,293.238037109375,296.3542792450485,292.52102986489626,295.46261387215606,95000800,-0.005580195439307878,294.883544921875,286.96875,263.5189514160156,0.01365570811635259,278.36790618896487,264.6293862915039,-0.0576489901365661
2020-06-11,276.3331604003906,286.94121464894255,275.7816379696527,286.306935800571,209243600,-0.0576489901365661,293.238037109375,286.2150573730469,258.8583984375,0.017063252031278658,279.24164428710935,265.4173596191406,0.011975303938150494
2020-06-12,279.642333984375,284.11903376188354,274.48540475326934,283.3468745854459,194678900,0.011975303938150494,276.3331604003906,293.5505676269531,261.9561462402344,0.01706341345082168,280.1259536743164,266.48478057861325,0.009336026680286214
2020-06-15,282.2530822753906,283.38375938311225,272.7757049594633,273.9523329194972,135782700,0.009336026680286214,279.642333984375,297.098876953125,263.1604309082031,0.016259369174608518,281.0805862426758,267.4999899291992,0.019247758834080253
2020-06-16,287.6858215332031,290.149410155266,282.82305403498947,290.0023281440216,137627500,0.019247758834080253,282.2530822753906,294.883544921875,271.1762390136719,0.016531649209107744,281.9060653686523,268.69077545166016,-0.004153862424814858
2020-06-17,286.4908142089844,289.000353646456,285.75540416445665,288.7061896286449,83398900,-0.004153862424814858,287.6858215332031,293.238037109375,268.3908996582031,0.016550098026129268,282.8110610961914,269.55118682861325,0.00038486403157489413
2020-06-18,286.60107421875,287.07906963373426,284.51440640064004,284.9740270872474,80828700,0.00038486403157489413,286.4908142089844,276.3331604003906,272.9504089355469,0.016455849502963776,283.49359436035155,270.40883880615235,-0.005714943462831301
2020-06-19,284.9631652832031,290.26282089573067,283.01501607269654,290.0689386157883,135549600,-0.005714943462831301,286.60107421875,279.642333984375,271.0657958984375,0.016446416208135514,284.18846282958987,271.07010864257813,0.0064154099206514825
2020-06-22,286.79132080078125,287.18832733403883,283.2182056485128,284.3630721821765,74649400,0.0064154099206514825,284.9631652832031,282.2530822753906,271.58074951171875,0.01625361429808333,284.948991394043,271.6912759399414,0.004603739389021255
2020-06-23,288.11163330078125,290.37369722062647,287.7053848565929,289.44116854058365,68471200,0.004603739389021255,286.79132080078125,287.6858215332031,274.9266967773437,0.016254011782466816,285.60823822021484,272.38554626464844,-0.02550895354460969
2020-06-24,280.76220703125,286.68971915216207,278.9248757908203,286.07110475847367,132813500,-0.02550895354460969,288.11163330078125,286.4908142089844,279.017333984375,0.016547889339107637,285.6954818725586,272.7833587646484,0.01072052483386976
2020-06-25,283.7721252441406,284.0398862316049,278.16776915357684,280.18976894126644,89468000,0.01072052483386976,280.76220703125,286.60107421875,278.5025329589844,0.016176396073633564,285.9589614868164,273.3522311401367,-0.023751202460143395
2020-06-26,277.0321960449219,282.885859215094,276.4505490229153,282.6734931052813,127961000,-0.023751202460143395,283.7721252441406,284.9631652832031,279.7435302734375,0.016810619194829034,285.8233947753906,273.76166961669924,0.014697628530993878
2020-06-29,281.1039123535156,281.24239974862263,275.9981370930579,278.2878986725835,79773300,0.014697628530993878,277.0321960449219,286.79132080078125,280.8741760253906,0.01696475068264989,285.8348815917969,274.1139205932617,0.01280949642571505
2020-06-30,284.7047119140625,286.4035844678509,280.5130100144226,280.6699529958901,113394800,0.01280949642571505,281.1039123535156,288.11163330078125,283.199951171875,0.016246873254197096,285.9101196289063,274.63103057861326,0.007004563304650713
2020-07-01,286.6989440917969,287.9638703985175,285.3601954313995,285.8218387301167,72396500,0.007004563304650713,284.7047119140625,280.76220703125,286.96875,0.016111549051566136,285.8966293334961,275.3452160644531,0.005507234991858567
2020-07-02,288.2778625488281,291.4816690368275,287.6130948915451,290.1336499523645,69344200,0.005507234991858567,286.6989440917969,283.7721252441406,286.2150573730469,0.015886134973649015,285.99976959228513,275.97956787109376,0.015437173264548631
2020-07-06,292.7280578613281,293.3097330320879,291.3523695965938,292.10022962286325,61713800,0.015437173264548631,288.2778625488281,277.0321960449219,293.5505676269531,0.015980266950295325,285.9586441040039,276.70329223632814,-0.010314098676694083
2020-07-07,289.7088317871094,293.16191422037843,289.33028094753945,291.18609579662257,82910000,-0.010314098676694083,292.7280578613281,281.1039123535156,297.098876953125,0.016155765248496108,285.5891418457031,277.2951135253906,0.007648860302750027
2020-07-08,291.9247741699219,292.0355640626978,288.71175457352604,290.4752073276655,54638600,0.007648860302750027,289.7088317871094,284.7047119140625,294.883544921875,0.01607802980199763,285.44120330810546,277.8562438964844,-0.005693099504264776
2020-07-09,290.2628173828125,292.77415781586666,286.84664602686377,292.534094306912,83354200,-0.005693099504264776,291.9247741699219,286.6989440917969,293.238037109375,0.015953709049327726,285.29244232177734,278.4084033203125,0.010210662397233117
2020-07-10,293.2265930175781,293.49435402565143,288.767131059591,290.1982140439162,57550400,0.010210662397233117,290.2628173828125,288.2778625488281,276.3331604003906,0.01601972217995952,286.1371139526367,278.88232055664065,-0.008658941729305147
2020-07-13,290.68756103515625,297.95382235069326,290.03203541314804,295.57175522796825,102997500,-0.008658941729305147,293.2265930175781,292.7280578613281,279.642333984375,0.016124621598635543,286.68937530517576,279.3556463623047,0.012958924962599427
2020-07-14,294.4545593261719,295.23011664805574,288.0654039937912,289.2656652398442,93657000,0.012958924962599427,290.68756103515625,289.7088317871094,282.2530822753906,0.016256496432112792,287.29944915771483,280.0456921386719,0.009187364042382073
2020-07-15,297.1598205566406,298.2585339487308,294.777725167758,297.6768588380392,87196500,0.009187364042382073,294.4545593261719,291.9247741699219,287.6858215332031,0.016269982464254044,287.77314910888674,280.77550231933594,-0.0032936123269073914
2020-07-16,296.1810913085937,296.63349268794474,294.61149295046425,295.2578047865102,54622500,-0.0032936123269073914,297.1598205566406,290.2628173828125,286.4908142089844,0.016144647693664197,288.2576629638672,281.4375695800781,0.0028992519727959465
2020-07-17,297.039794921875,297.82459424337384,295.21167713283364,297.1875241733961,62774900,0.0028992519727959465,296.1810913085937,293.2265930175781,286.60107421875,0.01613121472916411,288.77959899902345,282.1524774169922,0.008081554235929822
2020-07-20,299.4403381347656,300.1881980797464,296.02416620162734,296.7720261466081,56308800,0.008081554235929822,297.039794921875,290.68756103515625,284.9631652832031,0.015527948830768183,289.5034576416016,282.8523376464844,0.002127687546989332
2020-07-21,300.07745361328125,301.850148500667,299.0895299692351,301.4069888670592,57292200,0.002127687546989332,299.4403381347656,294.4545593261719,286.79132080078125,0.015383683274950443,290.1677642822266,283.4774267578125,0.005691889850215626
2020-07-22,301.78546142578125,302.09940368262994,299.6065184526506,299.7173083426101,57792900,0.005691889850215626,300.07745361328125,297.1598205566406,288.11163330078125,0.015337909665208083,290.85145568847656,284.13557189941406,-0.011931451264679871
2020-07-23,298.1847229003906,302.1271759112681,296.81827635082294,301.42546886593584,75738000,-0.011931451264679871,301.78546142578125,296.1810913085937,280.76220703125,0.015473496589965321,291.7225814819336,284.8288873291016,-0.006440746554289611
2020-07-24,296.2641906738281,297.28902521271,294.7592290992445,296.3288274942448,73766600,-0.006440746554289611,298.1847229003906,297.039794921875,283.7721252441406,0.010993554515769376,292.347184753418,285.57700317382813,0.007292450493073588
2020-07-27,298.4246826171875,298.6001093174505,296.1626192778823,296.95666037009426,48293000,0.007292450493073588,296.2641906738281,299.4403381347656,277.0321960449219,0.010885369595982582,293.41680908203125,286.3063739013672,-0.006342406721492888
2020-07-28,296.5319519042969,298.8124707963444,296.2364934476947,297.6952737904054,57495000,-0.006342406721492888,298.4246826171875,300.07745361328125,281.1039123535156,0.010908619433830643,294.18821105957034,286.97380432128904,0.012298853969723966
2020-07-29,300.178955078125,300.74217459378013,297.37215573588736,297.4090950917843,48454200,0.012298853969723966,296.5319519042969,301.78546142578125,284.7047119140625,0.010592451712060713,294.96192321777346,287.5538586425781,-0.0035679196898334986
2020-07-30,299.1079406738281,299.5234309444589,295.1193636875488,297.2059723944225,61861700,-0.0035679196898334986,300.178955078125,298.1847229003906,286.6989440917969,0.010582254834866025,295.582373046875,288.16819946289064,0.007902118614626419
2020-07-31,301.4715270996094,301.5731032762325,296.6796674453573,300.8990939222795,84986800,0.007902118614626419,299.1079406738281,296.2641906738281,288.2778625488281,0.010643954504882851,296.24205627441404,288.7386218261719,0.006952287561652115
2020-08-03,303.56744384765625,304.33375941571626,302.5887621937607,303.1334979689309,53077900,0.006952287561652115,301.4715270996094,298.4246826171875,292.7280578613281,0.010589025730551002,296.78402557373045,289.38865478515623,0.003862858034412886
2020-08-04,304.7400817871094,304.7400817871094,302.708839271014,302.708839271014,41917900,0.003862858034412886,303.56744384765625,296.5319519042969,289.7088317871094,0.010563919165325036,297.5355880737305,290.05184143066407,0.006210666969231893
2020-08-05,306.6327209472656,306.8912682630136,305.7740711107244,306.0418321331255,42697700,0.006210666969231893,304.7400817871094,300.178955078125,291.9247741699219,0.01058121809348385,298.27098541259767,290.6859619140625,0.006684388062948576
2020-08-06,308.682373046875,308.8024048039593,305.7278730580041,306.05102897866146,43679400,0.006684388062948576,306.6327209472656,299.1079406738281,290.2628173828125,0.009226971266225268,299.1919631958008,291.2792626953125,0.0007179504620113963
2020-08-07,308.90399169921875,309.19020827921787,306.8081131712944,307.71294414525704,57308300,0.0007179504620113963,308.682373046875,301.4715270996094,293.2265930175781,0.009126257804840669,299.9758331298828,291.88729187011717,0.0029891823548438
2020-08-10,309.8273620605469,310.0120025169385,307.41756883105035,309.35647677026515,44282100,0.0029891823548438,308.90399169921875,303.56744384765625,290.68756103515625,0.0076173544516799805,300.93282318115234,292.48896850585936,-0.008254778194328627
2020-08-11,307.2698059082031,311.6462040748988,306.5404296941491,311.0091339906926,69601100,-0.008254778194328627,309.8273620605469,304.7400817871094,294.4545593261719,0.007634001578897424,301.5735855102539,293.01688110351563,0.013942431219699847
2020-08-12,311.55389404296875,312.3294515588477,309.6796230021421,309.7073204785493,53774400,0.013942431219699847,307.2698059082031,306.6327209472656,297.1598205566406,0.007686824494151632,302.2932891845703,293.5839599609375,-0.0018080128921564853
2020-08-13,310.9906005859375,312.30167990291056,310.06731402303166,310.7874764150394,41816100,-0.0018080128921564853,311.55389404296875,308.682373046875,296.1810913085937,0.007698355157388374,303.0337646484375,294.06439697265625,2.9929719131738253e-05
2020-08-14,310.9999084472656,311.5354305461862,309.87349747449144,310.6029019033432,47260400,2.9929719131738253e-05,310.9906005859375,308.90399169921875,297.039794921875,0.007695494435097493,303.73177032470704,294.56009399414063,0.003176576623430183
2020-08-17,311.9878234863281,312.3848300193641,311.00914180297326,312.01552096127307,35481000,0.003176576623430183,310.9999084472656,309.8273620605469,299.4403381347656,0.007303668763397171,304.35914459228513,294.9288391113281,0.0021601810858558057
2020-08-18,312.6617736816406,313.0864776091208,310.7874749185557,312.3847708082208,38733900,0.0021601810858558057,311.9878234863281,307.2698059082031,300.07745361328125,0.006914184795387641,304.9883605957031,295.24009704589844,-0.004163567278306468
2020-08-19,311.3599853515625,313.5573840389721,310.7967658103232,313.0403457388199,68054200,-0.004163567278306468,312.6617736816406,311.55389404296875,301.78546142578125,0.006951101313030427,305.4670867919922,295.5696258544922,0.0031134086419166707
2020-08-20,312.3293762207031,312.8094750881142,309.50412160274976,309.6333670693156,42207800,0.0031134086419166707,311.3599853515625,310.9906005859375,298.1847229003906,0.00679152866258014,306.1743194580078,295.9514526367187,0.0035475424130499977
2020-08-21,313.4373779296875,313.6589577204171,311.65541319099066,311.99705293699736,55106600,0.0035475424130499977,312.3293762207031,310.9999084472656,296.2641906738281,0.006636765065551684,307.0329788208008,296.6935369873047,0.010133081276904266
2020-08-24,316.61346435546875,316.68731488840734,313.4096586142327,315.8748181437234,48588700,0.010133081276904266,313.4373779296875,311.9878234863281,298.4246826171875,0.006456451694895307,307.94241790771486,297.4329595947266,0.003499155163622536
2020-08-25,317.7213439941406,317.8044363974734,316.01325834394123,317.176608343536,38463400,0.003499155163622536,316.61346435546875,312.6617736816406,296.5319519042969,0.0061715432564858,309.001887512207,298.14232482910154,0.010025748497299869
2020-08-26,320.90673828125,321.1744711148294,317.7675693987084,318.3123051250386,50790200,0.010025748497299869,317.7213439941406,311.3599853515625,300.178955078125,0.006204414832720748,310.0382766723633,298.8067431640625,0.0021863973390827685
2020-08-27,321.6083679199219,323.0579344592056,319.9464635226892,321.77458090081905,58034100,0.0021863973390827685,320.90673828125,312.3293762207031,299.1079406738281,0.006105262801546044,311.16329803466795,299.50909423828125,0.006459480855984356
2020-08-28,323.685791015625,323.8150646592131,321.4422114288014,322.6332589850596,48588900,0.006459480855984356,321.6083679199219,313.4373779296875,301.4715270996094,0.006142406600526562,312.2740112304688,300.25078857421875,-0.003622389062743925
2020-08-31,322.5132751464844,324.35060666428654,322.28245347132435,323.4735012045628,66099200,-0.003622389062743925,323.685791015625,316.61346435546875,303.56744384765625,0.006172638416951391,313.22130279541017,301.00179077148437,0.009418709012912974
2020-09-01,325.5509338378906,325.6524818619685,322.44867551408413,323.34426484408283,54908700,0.009418709012912974,322.5132751464844,317.7213439941406,304.7400817871094,0.0062998691014670444,314.26184539794923,301.77698303222655,0.014463818798755357
2020-09-02,330.2596435546875,331.22908325949226,326.31719155514446,327.46208615275333,69540000,0.014463818798755357,325.5509338378906,320.90673828125,306.6327209472656,0.006636244771641331,315.4431915283203,302.6199432373047,-0.034414414114723124
2020-09-03,318.8939514160156,329.0408614690771,316.3087321994255,328.5699763174422,148011100,-0.034414414114723124,330.2596435546875,321.6083679199219,308.682373046875,0.009170033924927178,315.95377044677736,303.382578125,-0.008164779290755764
2020-09-04,316.2902526855469,321.14672035614166,309.1809355983136,319.57715026354145,139156300,-0.008164779290755764,318.8939514160156,323.685791015625,308.90399169921875,0.009231776364737643,316.3230834960938,304.03294067382814,-0.027322806132919708
2020-09-08,307.6483154296875,316.3549293497296,307.34364325395643,310.87981848066687,114465300,-0.027322806132919708,316.2902526855469,322.5132751464844,309.8273620605469,0.0106333078407018,316.2141311645508,304.64526306152345,0.019747505708747726
2020-09-09,313.7236022949219,316.18876205705584,310.78752911291656,311.65542088332745,91462300,0.019747505708747726,307.6483154296875,325.5509338378906,307.2698059082031,0.011064297991599947,316.53682098388674,305.29765686035154,-0.017363847318531578
2020-09-10,308.2761535644531,316.25333454581227,307.3159276821659,315.59780899777945,90569500,-0.017363847318531578,313.7236022949219,330.2596435546875,311.55389404296875,0.011426153624014192,316.37293395996096,305.7690856933594,0.0005090286254851861
2020-09-11,308.4330749511719,311.11984195166,305.60782061590953,310.0580681497682,84680200,0.0005090286254851861,308.2761535644531,318.8939514160156,310.9906005859375,0.011394751214603342,316.2450576782227,306.2037683105469,0.013171513846954586
2020-09-14,312.49560546875,314.2683283126777,308.58087891635495,311.6000162516437,65605700,0.013171513846954586,308.4330749511719,316.2902526855469,310.9999084472656,0.011543070209131175,316.31984252929686,306.6881231689453,0.005052317141959861
2020-09-15,314.0744323730469,315.78249013570075,312.504833796234,314.9515377853473,52920900,0.005052317141959861,312.49560546875,307.6483154296875,311.9878234863281,0.011515958760464871,316.42417297363284,307.1150506591797,-0.003968871285304654
2020-09-16,312.8279113769531,316.7426367786588,312.55090854525963,315.3115540992047,82096000,-0.003968871285304654,314.0744323730469,313.7236022949219,312.6617736816406,0.01154224194005745,316.43247985839844,307.5774322509766,-0.008795263173554724
2020-09-17,310.0765075683594,311.7938349594203,307.44513563897925,307.97141566014835,91523300,-0.008795263173554724,312.8279113769531,308.2761535644531,311.3599853515625,0.011630699773179072,316.3683059692383,307.94046691894533,-0.011512523833514754
2020-09-18,306.5067443847656,310.9933360912378,304.0224381842765,310.8821027224487,105877900,-0.011512523833514754,310.0765075683594,308.4330749511719,312.3293762207031,0.011767421239930784,316.0771743774414,308.26534545898437,-0.011129361515621938
2020-09-21,303.09552001953125,303.2438406391325,298.23813995696975,301.9182622311076,99450800,-0.011129361515621938,306.5067443847656,312.49560546875,313.4373779296875,0.011934268287332227,315.5600814819336,308.4627239990234,0.010184121079752195
2020-09-22,306.1822814941406,306.73847660305466,302.0664772931383,304.57862001536944,63612100,0.010184121079752195,303.09552001953125,314.0744323730469,316.61346435546875,0.012079528531647428,315.0385223388672,308.77261840820313,-0.023190914046383626
2020-09-23,299.0816345214844,307.01660211722344,298.58105607201094,306.7384904056228,93112200,-0.023190914046383626,306.1822814941406,312.8279113769531,317.7213439941406,0.012709103127257352,314.1065368652344,308.8651599121094,0.0026654267055103986
2020-09-24,299.8788146972656,302.937845386202,296.448968406663,297.7652958983576,76681300,0.0026654267055103986,299.0816345214844,310.0765075683594,320.90673828125,0.01242088153648927,313.05514068603514,308.9195397949219,0.016166808919089615
2020-09-25,304.7268981933594,305.514810507984,298.15459715590544,299.0259344818696,71069400,0.016166808919089615,299.8788146972656,306.5067443847656,321.6083679199219,0.012817596641764677,312.21106719970703,309.0904559326172,0.01660983140100769
2020-09-28,309.7883605957031,310.50212711319176,307.89730790676646,308.8891862166308,64584600,0.01660983140100769,304.7268981933594,303.09552001953125,323.685791015625,0.013197416885471139,311.5161956787109,309.3454272460938,-0.005446282168169225
2020-09-29,308.1011657714844,310.3259180903288,307.40592890376666,309.58434341380087,51304000,-0.005446282168169225,309.7883605957031,306.1822814941406,322.5132751464844,0.01321871029050269,310.79559020996095,309.5186437988281,0.0075819204685803054
2020-09-30,310.4371643066406,313.5888989589638,308.5739205412977,308.7685789335807,104081100,0.0075819204685803054,308.1011657714844,299.0816345214844,325.5509338378906,0.013290833824802192,310.03990173339844,309.7258380126953,0.006419917413826859
2020-10-01,312.4301452636719,314.00599831587897,310.54837218800964,313.0326781450821,88698700,0.006419917413826859,310.4371643066406,299.8788146972656,330.2596435546875,0.013321106977077522,309.14842681884767,309.9387316894531,-0.009494212133942859
2020-10-02,309.4638671875,312.4024144710618,307.0073689601297,307.4801391377748,89431100,-0.009494212133942859,312.4301452636719,304.7268981933594,318.8939514160156,0.013424522910714361,308.6769226074219,310.1643145751953,0.01773293103937945
2020-10-05,314.9515686035156,315.1369481213368,311.47538439020013,311.5217221973405,45713100,0.01773293103937945,309.4638671875,309.7883605957031,316.2902526855469,0.013806178950209849,308.6099884033203,310.5380621337891,-0.014215820361610398
2020-10-06,310.4742736816406,317.1856469045774,309.9644445702148,315.0906571878008,90128900,-0.014215820361610398,314.9515686035156,308.1011657714844,307.6483154296875,0.013920581084555612,308.751286315918,310.7790539550781,0.017406585128343144
2020-10-07,315.8785705566406,316.6850408176242,313.40351479672364,313.4313231405762,56999600,0.017406585128343144,310.4742736816406,310.4371643066406,313.7236022949219,0.014287104986616969,308.8590347290039,311.165986328125,0.00886267790931039
2020-10-08,318.6781005859375,318.74299616214427,316.8982814154723,317.8160134938171,45242500,0.00886267790931039,315.8785705566406,312.4301452636719,308.2761535644531,0.014260248426642053,309.37913208007814,311.53596923828127,0.00892990185056286
2020-10-09,321.5238647460937,321.9873559657683,319.706987085962,320.32804947834086,59528600,0.00892990185056286,318.6781005859375,309.4638671875,308.4330749511719,0.01435093682446792,310.0336715698242,311.9842877197266,0.016087691992573205
2020-10-12,326.6964416503906,328.1703404575897,323.5725150946358,324.0638146970355,80388500,0.016087691992573205,321.5238647460937,314.9515686035156,312.49560546875,0.014603697808812773,310.74371337890625,312.48878601074216,-0.00652618090161694
2020-10-13,324.5643615722656,326.73349705593574,323.60029192754826,326.55736813173,73255500,-0.00652618090161694,326.6964416503906,310.4742736816406,314.0744323730469,0.014640937503691994,311.26820983886716,312.9087243652344,-0.00628321184354963
2020-10-14,322.5250549316406,326.2329853972063,321.7927590329618,325.1391526992879,57727900,-0.00628321184354963,324.5643615722656,315.8785705566406,312.8279113769531,0.014584842355200873,311.75306701660156,313.264423828125,-0.0012361261071934804
2020-10-15,322.1263732910156,322.60839393885817,318.075464863968,318.61310219082094,60357700,-0.0012361261071934804,322.5250549316406,318.6781005859375,310.0765075683594,0.014319498815768134,312.3555603027344,313.574296875,-0.0006040488896859042
2020-10-16,321.9317932128906,325.1391450693449,321.7556642567683,323.4798383039487,89501900,-0.0006040488896859042,322.1263732910156,321.5238647460937,306.5067443847656,0.012830119312055665,313.12681274414064,313.8392852783203,-0.015203438486136367
2020-10-19,317.0373229980469,323.8228140214689,316.1381487588856,323.19247265299344,68425600,-0.015203438486136367,321.9317932128906,326.6964416503906,303.09552001953125,0.013054459076989834,313.8239028930664,314.0019519042969,0.004005514079316486
2020-10-20,318.3072204589844,321.55165885307974,317.6212625367953,318.381366603576,60051900,0.004005514079316486,317.0373229980469,324.5643615722656,306.1822814941406,0.011989711648762065,314.4301498413086,314.17154907226563,-0.0018926605211685432
2020-10-21,317.70477294921875,320.43010419590195,317.3988528335673,318.2609399062844,63575000,-0.0018926605211685432,318.3072204589844,322.5250549316406,299.0816345214844,0.011475645988244413,315.36130676269534,314.38024841308595,0.005485204912324626
2020-10-22,319.44744873046875,320.0314522737697,315.7766056873438,317.9179331532719,55399300,0.005485204912324626,317.70477294921875,322.1263732910156,299.8788146972656,0.010998560429983812,316.3397384643555,314.5381195068359,0.0033951255935666946
2020-10-23,320.5320129394531,320.7266713466308,318.0755149322923,320.6710546588657,49143900,0.0033951255935666946,319.44744873046875,321.9317932128906,304.7268981933594,0.011004514785097825,317.12999420166017,314.72894775390625,-0.018480189786096446
2020-10-26,314.6085205078125,317.9363834022532,311.11377930795504,317.148442829144,91473000,-0.018480189786096446,320.5320129394531,317.0373229980469,309.7883605957031,0.011343333878260073,317.3710021972656,314.8011199951172,-0.003446957307200238
2020-10-27,313.5240783691406,315.28533977636755,313.3108621718636,314.9516395955158,65994100,-0.003446957307200238,314.6085205078125,318.3072204589844,308.1011657714844,0.011326334853286164,317.64214782714845,314.83184509277345,-0.03417910661322077
2020-10-28,302.80810546875,313.5518292002192,302.3168058775529,307.8508925089764,127094300,-0.03417910661322077,313.5240783691406,317.70477294921875,310.4371643066406,0.01292223974527846,317.2606948852539,314.6347717285156,0.010163552908888374
2020-10-29,305.8857116699219,309.0559761451705,301.35275342695843,303.0398684553781,90597700,0.010163552908888374,302.80810546875,319.44744873046875,312.4301452636719,0.012991444679388666,316.93347320556643,314.5252862548828,-0.010424948442438353
2020-10-30,302.6968688964844,305.61685806950385,299.0445556385391,304.3098093695453,120287300,-0.010424948442438353,305.8857116699219,320.5320129394531,309.4638671875,0.012960764813168095,316.5951232910156,314.33263610839845,0.011208445078528362
2020-11-02,306.0896301269531,308.09188741481535,303.3457415827881,306.0896301269531,86068300,0.011208445078528362,302.6968688964844,314.6085205078125,314.9515686035156,0.012960910611796354,316.1520263671875,314.18568115234376,0.01765592931965232
2020-11-03,311.4939270019531,313.55182927466103,306.1730565274314,309.324791356006,93294200,0.01765592931965232,306.0896301269531,313.5240783691406,310.4742736816406,0.013224334678827237,316.2030090332031,314.08329040527343,0.02234939379543488
2020-11-04,318.45562744140625,322.5343454427772,314.79403465889675,315.9712924400372,126959700,0.02234939379543488,311.4939270019531,302.80810546875,315.8785705566406,0.013004220043682312,316.3318618774414,314.09797607421876,0.019502539205458858
2020-11-05,324.66632080078125,326.473947874862,323.38708050703286,323.7393383605878,82039700,0.019502539205458858,318.45562744140625,305.8857116699219,318.6781005859375,0.013383838542778,316.6312728881836,314.17316772460936,-0.00022860008952252375
2020-11-06,324.59210205078125,325.8435337229844,322.26536759375745,324.3788859530939,74973000,-0.00022860008952252375,324.66632080078125,302.6968688964844,321.5238647460937,0.013149255011052399,316.784684753418,314.23284240722654,0.012566101874027957
2020-11-09,328.67095947265625,337.7739357009492,328.20746815703154,337.3938694274252,172304200,0.012566101874027957,324.59210205078125,306.0896301269531,326.6964416503906,0.013016409728783627,316.88341064453124,314.33254577636717,-0.0014666816467022725
2020-11-10,328.1889038085937,329.24564918548936,324.9166565996286,327.6790464420353,85552000,-0.0014666816467022725,328.67095947265625,311.4939270019531,324.5643615722656,0.01295745664030089,317.0646377563477,314.44605834960936,0.007428612768309417
2020-11-11,330.6268920898437,331.4518918826983,329.13443541283425,330.3765886859697,58649000,0.007428612768309417,328.1889038085937,318.45562744140625,322.5250549316406,0.012955286466020103,317.4697296142578,314.5475775146484,-0.009700772993715301
2020-11-12,327.4195556640625,330.67327403455096,325.611956349888,329.61650016441143,67546200,-0.009700772993715301,330.6268920898437,324.66632080078125,322.1263732910156,0.013106965824366303,317.73438873291013,314.49077575683594,0.013844310368161361
2020-11-13,331.95245361328125,332.6940283304285,328.80996922022456,329.3290771800801,62892200,0.013844310368161361,327.4195556640625,324.59210205078125,321.9317932128906,0.013115528342653721,318.2354217529297,314.75194580078124,0.012482465967566858
2020-11-16,336.0960388183594,336.2906972148393,333.33362089104185,334.622140095063,74541100,0.012482465967566858,331.95245361328125,328.67095947265625,317.0373229980469,0.012938037217368656,319.1883575439453,315.1480615234375,-0.005378548186970256
2020-11-17,334.288330078125,335.49342396084904,332.1748117074544,333.6857972813894,66111000,-0.005378548186970256,336.0960388183594,328.1889038085937,318.3072204589844,0.012647568010387734,319.98741302490237,315.68086181640626,-0.012034278014526278
2020-11-18,330.2654113769531,335.1042624391809,330.22832414614453,334.5573460141445,70591300,-0.012034278014526278,334.288330078125,330.6268920898437,317.70477294921875,0.012596675795981525,320.6154449462891,316.0116979980469,0.004209889414632295
2020-11-19,331.6557922363281,332.02657957234703,328.29084129066734,329.63497720915376,59940900,0.004209889414632295,330.2654113769531,327.4195556640625,319.44744873046875,0.01253217587739996,321.22586212158205,316.4792907714844,-0.006847816975390497
2020-11-20,329.3846740722656,331.600175791098,329.3105279207122,331.3962385127505,70417300,-0.006847816975390497,331.6557922363281,331.95245361328125,320.5320129394531,0.012536673809337583,321.66849517822266,316.89832275390626,0.005994194348945214
2020-11-23,331.35906982421875,332.6197804047516,328.95818917215445,331.19221980730003,63230600,0.005994194348945214,329.3846740722656,336.0960388183594,314.6085205078125,0.012246599960211407,322.50602264404296,317.2755920410156,0.01611396380208685
2020-11-24,336.6985778808594,337.2454941499389,333.05554351994675,333.9083515604822,62415900,0.01611396380208685,331.35906982421875,334.288330078125,313.5240783691406,0.01249094931438271,323.6647476196289,317.7280749511719,-0.001541746945215583
2020-11-25,336.1794738769531,336.6429651228615,335.085641326032,336.61515677967736,45330900,-0.001541746945215583,336.6985778808594,330.2654113769531,302.80810546875,0.012421494644012395,325.33331604003905,318.1951062011719,0.0027850578920760594
2020-11-27,337.1157531738281,337.5884950330975,336.1053173094643,337.2733243638305,28514100,0.0027850578920760594,336.1794738769531,331.6557922363281,305.8857116699219,0.012413113613678103,326.8948181152344,318.73589111328124,-0.004427240975035884
2020-11-30,335.6232604980469,336.60585962287183,332.9442959525929,336.3370267938509,83872700,-0.004427240975035884,337.1157531738281,329.3846740722656,302.6968688964844,0.012455988494217309,328.5411376953125,319.3182214355469,0.010937465759895515
2020-12-01,339.29412841796875,340.83292278060395,338.28372087591083,338.87700326166663,74231400,0.010937465759895515,335.6232604980469,331.35906982421875,306.0896301269531,0.012160609779618093,330.2013626098633,320.0421936035156,0.0021037975389437413
2020-12-02,340.0079345703125,340.1655057604977,337.6070531807557,338.18177783063066,45927000,0.0021037975389437413,339.29412841796875,336.6985778808594,311.4939270019531,0.012156562496439196,331.62706298828124,320.71870666503906,-0.00027267717284573667
2020-12-03,339.91522216796875,341.3056959465208,338.81211070717654,339.90594329021474,62882000,-0.00027267717284573667,340.0079345703125,336.1794738769531,318.45562744140625,0.01214101067260607,332.7000427246094,321.53537841796873,0.00861770988895838
2020-12-04,342.8445129394531,342.8445129394531,340.4065442272832,340.4992481431544,50749900,0.00861770988895838,339.91522216796875,337.1157531738281,324.66632080078125,0.0121825123012207,333.608952331543,322.3946923828125,-0.0020549513905102623
2020-12-07,342.1399841308594,342.6312837481267,340.8700225705228,342.07508856328803,48944300,-0.0020549513905102623,342.8445129394531,335.6232604980469,324.59210205078125,0.012208248083373674,334.48634643554686,323.1429541015625,0.002926169738716844
2020-12-08,343.1411437988281,343.7065895768302,340.8236874183033,340.8700252302088,42458900,0.002926169738716844,342.1399841308594,339.29412841796875,328.67095947265625,0.011563423962763412,335.2098556518555,323.810009765625,-0.008969011074213551
2020-12-09,340.0635070800781,343.9568162779101,339.2292285583469,343.79924510819586,74098300,-0.008969011074213551,343.1411437988281,340.0079345703125,328.1889038085937,0.011711970884512105,335.8035858154297,324.4492565917969,-0.0003267463271998672
2020-12-10,339.952392578125,340.999859317976,337.82031528905617,338.69168133331823,57735400,-0.0003267463271998672,340.0635070800781,339.91522216796875,330.6268920898437,0.009438544428788512,336.2698608398438,325.03956115722656,-0.001172757272280056
2020-12-11,339.5537109375,339.961585539684,336.7357042360189,338.2559409711253,57698600,-0.001172757272280056,339.952392578125,342.8445129394531,327.4195556640625,0.009406302862087481,336.87656860351564,325.5820324707031,-0.004477240633529167
2020-12-14,338.033447265625,342.7981226816186,337.8573183246596,341.7228478589244,69216200,-0.004477240633529167,339.5537109375,342.1399841308594,331.95245361328125,0.00916154224848644,337.1806182861328,326.15342407226564,0.013519393897810428
2020-12-15,342.6034545898437,342.6034545898437,339.2014446984404,340.5733606765333,63865300,0.013519393897810428,338.033447265625,343.1411437988281,336.0960388183594,0.009236024224610607,337.50598907470703,326.7064617919922,0.0015694214456423161
2020-12-16,343.1411437988281,344.058847472952,341.93604950739774,342.8166942477022,58420500,0.0015694214456423161,342.6034545898437,340.0635070800781,334.288330078125,0.008863584786507055,337.94862976074216,327.35979919433595,0.005592202595346318
2020-12-17,345.06005859375,345.26399593551366,343.95694683001983,344.7819750773765,64119500,0.005592202595346318,343.1411437988281,339.952392578125,330.2654113769531,0.00811615224709259,338.68836212158203,327.9434289550781,-0.0039930386042964505
2020-12-18,343.6822204589844,345.51616164558806,341.67139953282106,345.3486003375375,136542300,-0.0039930386042964505,345.06005859375,339.5537109375,331.6557922363281,0.00755398227097117,339.28968353271483,328.4435113525391,-0.003575367621758474
2020-12-21,342.45343017578125,352.32133806079884,337.0260964644425,339.7630451973212,96386700,-0.003575367621758474,343.6822204589844,338.033447265625,329.3846740722656,0.007611403286446023,339.9431213378906,328.86210266113284,-0.0016854231969055666
2020-12-22,341.8762512207031,342.89096604412015,340.7498288438613,342.7792584906953,47949000,-0.0016854231969055666,342.45343017578125,342.6034545898437,331.35906982421875,0.007357774915295467,340.46898040771487,329.16569885253904,0.0008986305948055495
2020-12-23,342.1834716796875,344.0918753195968,341.8576390458393,342.8444269701643,46201400,0.0008986305948055495,341.8762512207031,343.1411437988281,336.6985778808594,0.007339311952719112,340.74322509765625,329.5180810546875,0.0038902427147580187
2020-12-24,343.5146484375,343.5425753213041,342.0717120912017,342.6581766510882,26457900,0.0038902427147580187,342.1834716796875,345.06005859375,336.1794738769531,0.007267482455570142,341.10998382568357,329.9378729248047,0.008590931575311433
2020-12-28,346.4657592773437,346.85673569296256,345.44172607715615,346.06543601964245,39000400,0.008590931575311433,343.5146484375,343.6822204589844,337.1157531738281,0.007077470914328115,341.5774841308594,330.42466064453123,-0.0019079555253724845
2020-12-29,345.8047180175781,348.1692982115266,345.2182250819667,347.9924184877755,53680500,-0.0019079555253724845,346.4657592773437,342.45343017578125,335.6232604980469,0.006737760522769787,342.08655700683596,330.902119140625,0.0014269288271482328
2020-12-30,346.29815673828125,347.3315083324772,345.90718033712307,346.62398934581523,49455300,0.0014269288271482328,345.8047180175781,341.8762512207031,339.29412841796875,0.006403962320600218,342.43675842285154,331.4873358154297,0.0050805913338780595
2020-12-31,348.0575561523437,348.7836834268124,345.5905871051007,346.1025893642061,78520700,0.0050805913338780595,346.29815673828125,342.1834716796875,340.0079345703125,0.0063280266480428915,342.8392395019531,332.08234252929685,-0.013613762203916524
2021-01-04,343.3191833496094,349.51920765992713,339.6233739583343,349.38886325350404,110210800,-0.013613762203916524,348.0575561523437,343.5146484375,339.91522216796875,0.006448777925059449,343.00943756103516,332.59463073730467,0.006887093847998349
2021-01-05,345.68365478515625,346.7728598923991,342.6301928867929,342.6767566253038,66426200,0.006887093847998349,343.3191833496094,346.4657592773437,342.8445129394531,0.006508495382616447,343.1513946533203,333.1193548583984,0.005978532336125664
2021-01-06,347.7503356933594,350.9434604581976,343.62630546858566,344.17555304257576,107997700,0.005978532336125664,345.68365478515625,345.8047180175781,342.1399841308594,0.006367615499051496,343.4319122314453,333.6637213134766,0.014857548646201257
2021-01-07,352.91705322265625,353.66178899148537,349.9473717579539,350.12425147477427,68766800,0.014857548646201257,347.7503356933594,346.29815673828125,343.1411437988281,0.006760969285984157,343.9207077026367,334.4298919677734,0.005697751700782128
2021-01-08,354.9278869628906,355.14198358914405,351.05519832067495,354.30414871589034,71677200,0.005697751700782128,352.91705322265625,348.0575561523437,340.0635070800781,0.00626724577892011,344.66392669677737,335.2579681396484,-0.0067409400481175386
2021-01-11,352.53533935546875,354.294789546003,351.6323323911676,351.7533583363595,51034700,-0.0067409400481175386,354.9278869628906,343.3191833496094,339.952392578125,0.006431934936551747,345.2930740356445,336.2525128173828,0.00021139419928073444
2021-01-12,352.60986328125,353.6245779387695,350.3663089172504,352.7215992262628,52547700,0.00021139419928073444,352.53533935546875,345.68365478515625,339.5537109375,0.0064328127640765785,345.94588165283204,337.1869958496094,0.002692672524216011
2021-01-13,353.559326171875,354.55540366276205,351.75331247872055,352.5352933958839,45303600,0.002692672524216011,352.60986328125,347.7503356933594,338.033447265625,0.006336489549408388,346.72217559814453,338.20424499511716,-0.0035018979007429563
2021-01-14,352.3211975097656,354.8068032526865,351.9860749789511,354.30409104661976,49989100,-0.0035018979007429563,353.559326171875,352.91705322265625,342.6034545898437,0.006161019051720635,347.20806274414065,339.1288763427734,-0.007292508762123839
2021-01-15,349.7518920898437,351.5020240301078,347.8900242126763,350.7014344796534,107160000,-0.007292508762123839,352.3211975097656,354.9278869628906,343.1411437988281,0.006353273187271115,347.5386001586914,339.89403564453124,0.007851896965884286
2021-01-19,352.49810791015625,353.0380654699637,350.72933922047633,352.20952068020125,51233300,0.007851896965884286,349.7518920898437,352.53533935546875,345.06005859375,0.006470911338212088,347.9105026245117,340.57488525390625,0.01383851898307431
2021-01-20,357.37615966796875,358.21399433461085,354.3971603978608,354.7881366510339,61836100,0.01383851898307431,352.49810791015625,352.60986328125,343.6822204589844,0.006740943007723739,348.59519958496094,341.22908203125,0.0009118311068132545
2021-01-21,357.7020263671875,358.36300987967786,356.7804109135132,357.93475983810305,47840100,0.0009118311068132545,357.37615966796875,353.559326171875,342.45343017578125,0.006710100640993151,349.3576293945313,341.89128051757814,-0.003539319420058362
2021-01-22,356.4360046386719,357.5996721065897,355.4678253506062,355.8495116892653,52860500,-0.003539319420058362,357.7020263671875,352.3211975097656,341.8762512207031,0.006766490952921314,350.0856170654297,342.44658142089844,0.003943681748538763
2021-01-25,357.8416748046875,358.19540580199936,352.3212155048195,357.1714012989788,70402000,0.003943681748538763,356.4360046386719,349.7518920898437,342.1834716796875,0.006496719925037476,350.8685272216797,343.0396368408203,-0.001560837527235126
2021-01-26,357.2831420898437,359.2008637189769,357.0504086066009,358.79125051568155,42665300,-0.001560837527235126,357.8416748046875,352.49810791015625,343.5146484375,0.0065140132622358215,351.55695190429685,343.5727618408203,-0.024440497481348022
2021-01-27,348.55096435546875,354.05278710492604,346.31672868098127,353.95968803310404,123351100,-0.024440497481348022,357.2831420898437,357.37615966796875,346.4657592773437,0.00806568040395828,351.66121215820306,343.9953900146484,0.008600408464242149
2021-01-28,351.54864501953125,355.55165024335554,349.9288287937746,350.36634054269865,94198100,0.008600408464242149,348.55096435546875,357.7020263671875,345.8047180175781,0.008118062527076962,351.94840850830076,344.38731384277344,-0.020019886200376424
2021-01-29,344.5106811523437,350.6548499672451,342.83498325200054,349.6866708521476,126765100,-0.020019886200376424,351.54864501953125,356.4360046386719,346.29815673828125,0.008673323504153691,351.85903472900384,344.5556066894531,0.016645604728031893
2021-02-01,350.2452697753906,351.2785927627981,344.7993008040637,347.90861660624154,75817600,0.016645604728031893,344.5106811523437,357.8416748046875,348.0575561523437,0.009176288334098765,351.9684204101562,344.87474548339844,0.01414039425671021
2021-02-02,355.1978759765625,356.75254834286187,350.32910906965094,353.4291069607294,64450700,0.01414039425671021,350.2452697753906,357.2831420898437,343.3191833496094,0.009460964107628604,352.56235504150385,345.37339477539064,0.000786055720344514
2021-02-03,355.4770812988281,357.1993145305973,354.20170652374054,356.02632883796133,52427100,0.000786055720344514,355.1978759765625,348.55096435546875,345.68365478515625,0.009413952185541596,353.05202636718747,345.8498205566406,0.011365719192879542
2021-02-04,359.517333984375,359.56386931140645,355.5887921301405,356.5104075201895,47142600,0.011365719192879542,355.4770812988281,351.54864501953125,347.7503356933594,0.009548592329206922,353.6403762817382,346.4524737548828,0.003935856247152092
2021-02-05,360.9323425292969,361.63986132194566,359.4707980268949,361.3885194186946,48669800,0.003935856247152092,359.517333984375,344.5106811523437,352.91705322265625,0.009535694726641057,354.04114074707024,347.0439392089844,0.007222184502602591
2021-02-08,363.5390625,363.5855978382445,361.5282415564061,362.38468496710107,38365200,0.007222184502602591,360.9323425292969,350.2452697753906,354.9278869628906,0.009583622432931007,354.47169952392574,347.5807489013672,-0.0006660259923065848
2021-02-09,363.29693603515625,363.89274733764177,362.2915399745202,362.7011247326708,35551100,-0.0006660259923065848,363.5390625,355.1978759765625,352.53533935546875,0.009589793750712484,355.00977935791013,348.12309814453124,-0.000435549069873864
2021-02-10,363.1387023925781,365.18676844469576,360.7369053040488,365.0378156036463,59154400,-0.000435549069873864,363.29693603515625,355.4770812988281,352.60986328125,0.009514345516162617,355.5362213134765,348.64355712890625,0.001615217126949009
2021-02-11,363.7252502441406,364.6375758796247,361.2955259066719,364.21864417530406,42913300,0.001615217126949009,363.1387023925781,359.517333984375,353.559326171875,0.009491116669012466,356.0445175170898,349.2055969238281,0.004939611357053675
2021-02-12,365.52191162109375,365.7639351240039,362.8501073798465,362.9245980037026,50593300,0.004939611357053675,363.7252502441406,360.9323425292969,352.3211975097656,0.00950890875564851,356.7045532226562,349.73015258789064,-0.0008662131133060358
2021-02-16,365.2052917480469,366.9461616913856,364.48848300185534,366.7506451525528,50972400,-0.0008662131133060358,365.52191162109375,363.5390625,349.7518920898437,0.009501143714602601,357.4772232055664,350.2340997314453,0.00022963058472158515
2021-02-17,365.2891540527344,365.540495969516,362.4404702799734,363.455213196624,52290600,0.00022963058472158515,365.2052917480469,363.29693603515625,352.49810791015625,0.009060293137903122,358.1167755126953,350.7415783691406,-0.004255879068939761
2021-02-18,363.7345275878906,364.479263411607,360.9603340863235,362.6825676397496,59712800,-0.004255879068939761,365.2891540527344,363.1387023925781,357.37615966796875,0.00908605297722671,358.43469390869143,351.15937866210936,-0.0017661095409097216
2021-02-19,363.0921325683594,365.27983282306974,362.64527408765895,364.9912455990278,83241000,-0.0017661095409097216,363.7345275878906,363.7252502441406,357.7020263671875,0.009071429789650965,358.70419921875,351.5784216308594,-0.007691672151572848
2021-02-22,360.2993469238281,362.71046232062,360.02936813751376,360.3272738044918,67414200,-0.007691672151572848,363.0921325683594,365.52191162109375,356.4360046386719,0.00885641524093351,358.8973663330078,351.92158569335936,0.0012145221923671734
2021-02-23,360.7369384765625,362.0868041909318,353.9411313866223,358.0930892269746,107284100,0.0012145221923671734,360.2993469238281,365.2052917480469,357.8416748046875,0.008807360256335175,359.04212951660156,352.3350543212891,0.011019126902563903
2021-02-24,364.7119445800781,365.1401946066292,358.6608745485557,359.64766215783163,72433900,0.011019126902563903,360.7369384765625,365.2891540527344,357.2831420898437,0.00889482899663876,359.41356964111327,352.83024536132814,-0.024095796786864465
2021-02-25,355.9239196777344,364.8143548239755,354.4809836013045,363.44588095381306,146670500,-0.024095796786864465,364.7119445800781,363.7345275878906,348.55096435546875,0.010021035935673014,359.78221740722654,353.1576495361328,-0.0051525712053975825
2021-02-26,354.0899963378906,358.9494723193458,352.1071310412466,357.8044418312601,152701600,-0.0051525712053975825,355.9239196777344,363.0921325683594,351.54864501953125,0.01006036951377309,359.9092849731445,353.4787805175781,0.02424039808939571
2021-03-01,362.67327880859375,363.92075545040086,354.2855822417415,358.9588609981536,105348800,0.02424039808939571,354.0899963378906,360.2993469238281,344.5106811523437,0.01095334302582252,360.81741485595705,353.88017700195314,-0.0078032978241980855
2021-03-02,359.8432312011719,363.12942703807903,359.34051889355743,362.8966935413863,79595300,-0.0078032978241980855,362.67327880859375,360.7369384765625,350.2452697753906,0.01096710453826408,361.2973129272461,354.21421875,-0.013245904219731375
2021-03-03,355.0767822265625,360.11310908007255,354.9743647355209,359.1449583838965,119940200,-0.013245904219731375,359.8432312011719,364.7119445800781,355.1978759765625,0.011187269989514534,361.29125823974607,354.41455322265625,-0.012374565497875523
2021-03-04,350.682861328125,357.47866839991167,346.1957524741158,354.8906729265356,183433000,-0.012374565497875523,355.0767822265625,355.9239196777344,355.4770812988281,0.011117142773308913,361.0515472412109,354.55456604003905,0.018396637559114914
2021-03-05,357.1342468261719,358.1862068855953,346.90329034460194,354.1831732825668,152039600,0.018396637559114914,350.682861328125,354.0899963378906,359.517333984375,0.011643388633961398,360.9323928833008,354.8481823730469,-0.0049789042155252705
2021-03-08,355.3561096191406,360.9044680233819,355.0768407972248,358.09305771331407,123149200,-0.0049789042155252705,357.1342468261719,362.67327880859375,360.9323425292969,0.01166148486843489,360.653581237793,355.11777954101564,0.01427761836275554
2021-03-09,360.42974853515625,362.9804987402697,358.698196429531,359.2009087711451,113633600,0.01427761836275554,355.3561096191406,359.8432312011719,363.5390625,0.011932546161235801,360.4981155395508,355.482705078125,0.0062245979488528835
2021-03-10,362.67327880859375,364.3675856171588,361.3606867838893,362.77569632837776,109899400,0.0062245979488528835,360.42974853515625,355.0767822265625,363.29693603515625,0.011975058726981727,360.46693267822263,355.8658776855469,0.010138859741580353
2021-03-11,366.3503723144531,368.32394739867954,364.683992879817,365.14016975445605,86245000,0.010138859741580353,362.67327880859375,350.682861328125,363.1387023925781,0.011118375358474653,360.6275161743164,356.26356994628907,0.0013469871346485363
2021-03-12,366.8438415527344,366.9834759676375,364.1813840090815,364.9912920253696,64653600,0.0013469871346485363,366.3503723144531,357.1342468261719,363.7252502441406,0.011042230227826905,360.78344573974607,356.68435241699217,0.0059632772993409855
2021-03-15,369.0314331054688,369.2920934062613,364.9539389353393,367.0950750911458,73427200,0.0059632772993409855,366.8438415527344,355.3561096191406,365.52191162109375,0.01029122197688927,360.9589218139648,357.13901794433593,-0.0012609550014049953
2021-03-16,368.5661010742188,370.3534785306605,367.793409907542,369.64598797533466,73722500,-0.0012609550014049953,369.0314331054688,360.42974853515625,365.2052917480469,0.00994675366489254,361.12696228027346,357.54918884277345,0.0034095724711755704
2021-03-17,369.82275390625,370.62334330164754,366.1362357683659,367.2812945185965,97959300,0.0034095724711755704,368.5661010742188,362.67327880859375,365.2891540527344,0.009675006932621709,361.35364227294923,358.0792602539062,-0.014549420581280392
2021-03-18,364.4420471191406,369.3201321153287,363.7624550817168,367.2348490775415,115349100,-0.014549420581280392,369.82275390625,366.3503723144531,363.7345275878906,0.010103705911529247,361.3890182495117,358.4544281005859,-0.0018504380785288044
2021-03-19,363.7676696777344,365.71969051583625,361.591473561956,364.141257136667,113624500,-0.0018504380785288044,364.4420471191406,366.8438415527344,363.0921325683594,0.009917141888963978,361.4227951049805,358.77477478027345,0.00798485629834178
2021-03-22,366.67230224609375,368.054607044404,364.2252718824728,364.2813085699684,73778600,0.00798485629834178,363.7676696777344,369.0314331054688,360.2993469238281,0.009993625457514463,361.74144287109374,359.0498797607422,-0.007870584375450962
2021-03-23,363.786376953125,367.4849416365864,363.0018346568089,366.0372793939017,90686600,-0.007870584375450962,366.67230224609375,368.5661010742188,360.7369384765625,0.010027261791318002,361.8939147949219,359.2270495605469,-0.00508340553356923
2021-03-24,361.9371032714844,366.821844910974,361.8904155198871,365.18737456445785,97588600,-0.00508340553356923,363.786376953125,369.82275390625,364.7119445800781,0.010070800585938266,361.7551727294922,359.4150848388672,0.005625485088265547
2021-03-25,363.9731750488281,364.76703777153006,358.556056717537,360.4987572580339,116128600,0.005625485088265547,361.9371032714844,364.4420471191406,355.9239196777344,0.010123995003963724,362.1576354980469,359.64235107421877,0.016114971878578466
2021-03-26,369.8385925292969,370.2401983720078,364.5242270663124,365.1219613549917,114409100,0.016114971878578466,363.9731750488281,363.7676696777344,354.0899963378906,0.010535299727232885,362.9450653076172,359.9679364013672,-0.0005050800524240007
2021-03-29,369.65179443359375,370.5577590931056,366.877863754709,368.3628933197625,108107600,-0.0005050800524240007,369.8385925292969,366.67230224609375,362.67327880859375,0.010504984501684776,363.2939910888672,360.3145483398437,-0.002652989618377344
2021-03-30,368.6711120605469,369.34358094645273,367.07398064220894,368.381579616897,76262200,-0.002652989618377344,369.65179443359375,363.786376953125,359.8432312011719,0.010517631937392528,363.7353851318359,360.6929327392578,0.004053270466776837
2021-03-31,370.1654357910156,371.7251997987825,369.21278347970974,369.2408018270159,112734200,0.004053270466776837,368.6711120605469,361.9371032714844,355.0767822265625,0.010539039593674597,364.4898178100586,361.046279296875,0.010799136425240219
2021-04-01,374.1629028320313,374.2189680327331,371.8933310622887,372.0988084552015,99682900,0.010799136425240219,370.1654357910156,363.9731750488281,350.682861328125,0.010662690156306111,365.66381988525393,361.38201416015625,0.014353003163800615
2021-04-05,379.53326416015625,380.0749901846481,376.7500134582946,376.8247195463823,91684800,0.014353003163800615,374.1629028320313,369.8385925292969,357.1342468261719,0.010921608016124679,366.78377075195317,361.81863891601563,-0.0005904372484129006
2021-04-06,379.3091735839844,380.3552299895448,378.63670467999566,378.9729533834397,62021000,-0.0005904372484129006,379.53326416015625,369.65179443359375,355.3561096191406,0.010790913738375967,367.98142395019534,362.2761022949219,0.001157194069483003
2021-04-07,379.74810791015625,380.0936770263506,378.68338221439245,379.1410247193097,55836300,0.001157194069483003,379.3091735839844,368.6711120605469,360.42974853515625,0.010791020867089142,368.94734191894537,362.71423095703125,0.004746782800392202
2021-04-08,381.5506896972656,381.6067263918637,380.0656602846216,380.9996431984528,57863100,0.004746782800392202,379.74810791015625,370.1654357910156,362.67327880859375,0.0106656674036573,369.89121246337896,363.1995819091797,0.007270216969150534
2021-04-09,384.32464599609375,384.4927845941178,381.3078992229351,381.4293215703808,61104600,0.007270216969150534,381.5506896972656,374.1629028320313,366.3503723144531,0.009542087446101834,370.78992614746096,363.91505554199216,0.00036463110084139494
2021-04-12,384.46478271484375,384.73561726762654,383.1198448904272,383.7269281507639,56704900,0.00036463110084139494,384.32464599609375,379.53326416015625,366.8438415527344,0.009440016844298148,371.67097320556644,364.57337829589846,0.002963611618284734
2021-04-13,385.6041870117188,386.2299681294225,383.979065799831,384.3620022296352,56551000,0.002963611618284734,384.46478271484375,379.3091735839844,369.0314331054688,0.008528100162495948,372.49961090087896,365.39524841308594,-0.0034150666876237024
2021-04-14,384.2873229980469,386.6316009841835,383.7455968876172,385.5761956165632,61659900,-0.0034150666876237024,385.6041870117188,379.74810791015625,368.5661010742188,0.00838922408385647,373.2856719970703,366.0760894775391,0.010742494218900056
2021-04-15,388.41552734375,388.6863904096903,386.3794511307246,386.4261388821726,60229800,0.010742494218900056,384.2873229980469,381.5506896972656,369.82275390625,0.007997650610598315,374.21531066894534,366.7404425048828,0.003342342625475281
2021-04-16,389.7137451171875,390.3208283501207,388.28475230611167,389.7043961665137,82037300,0.003342342625475281,388.41552734375,384.32464599609375,364.4420471191406,0.007450008747654723,375.47889556884763,367.42517578125,-0.004913101970690947
2021-04-19,387.7990417480469,389.228034481116,386.4728019580856,388.7797409196178,78498500,-0.004913101970690947,389.7137451171875,384.46478271484375,363.7676696777344,0.007053232684130395,376.68046417236326,367.9908099365234,-0.007321403852983632
2021-04-20,384.9598083496094,387.6870229087903,383.4840991609738,386.5849297445035,81851800,-0.007321403852983632,387.7990417480469,385.6041870117188,366.67230224609375,0.007154259885622477,377.59483947753904,368.4713592529297,0.009462229682148937
2021-04-21,388.6023864746094,388.8078639132317,384.2033051981361,384.3434254767139,66793000,0.009462229682148937,384.9598083496094,384.2873229980469,363.786376953125,0.006936137658623595,378.8356399536133,368.9726257324219,-0.0091333854207446
2021-04-22,385.0531311035156,389.26540322576255,383.9884053881031,388.4341732421304,97582800,-0.0091333854207446,388.6023864746094,388.41552734375,361.9371032714844,0.007215564227192645,379.99144134521487,369.4077496337891,0.01084239005736598
2021-04-23,389.22802734375,390.6383506535276,385.5388119647193,385.6135180559668,73209200,0.01084239005736598,385.0531311035156,389.7137451171875,363.9731750488281,0.007243937976990539,381.2541839599609,369.9295361328125,0.002087700513963009
2021-04-26,390.0406188964844,390.61036333623,389.293443913069,389.88185775138544,52182400,0.002087700513963009,389.22802734375,387.7990417480469,369.8385925292969,0.007242733617091432,382.2642852783203,370.4558435058594,-0.00021563509346911314
2021-04-27,389.9565124511719,390.535605765326,388.8170522247635,390.33944884314224,51303100,-0.00021563509346911314,390.0406188964844,384.9598083496094,369.65179443359375,0.007216044394352801,383.2795211791992,370.9445355224609,-0.0002871320020705337
2021-04-28,389.8445434570313,391.3482710819515,389.3775519031769,390.2274799515401,51238900,-0.0002871320020705337,389.9565124511719,388.6023864746094,368.6711120605469,0.007203676150411478,384.33819274902345,371.4373205566406,0.006372654239023889
2021-04-29,392.3288879394531,392.94532012603673,388.9478741154117,392.5717326349584,78544300,0.006372654239023889,389.8445434570313,385.0531311035156,370.1654357910156,0.007245312843514479,385.4463653564453,371.978115234375,-0.006570636068467861
2021-04-30,389.75103759765625,390.909195730544,388.8544220293682,390.05926790428015,85527000,-0.006570636068467861,392.3288879394531,389.22802734375,374.1629028320313,0.006746259615197122,386.22577209472655,372.4984454345703,0.0021568568802607935
2021-05-03,390.5916748046875,392.12339199652814,390.0966649892705,391.7404555728437,68128300,0.0021568568802607935,389.75103759765625,390.0406188964844,379.53326416015625,0.006701540017029761,386.7786926269531,373.0484362792969,-0.006169354448051334
2021-05-04,388.1819763183594,389.0972898402204,384.49276088924864,388.6022800331591,101591200,-0.006169354448051334,390.5916748046875,389.9565124511719,379.3091735839844,0.006792138866059094,387.2223327636719,373.6060888671875,0.00031305161884720434
2021-05-05,388.3034973144531,390.0593902091358,387.7431017199729,389.8258944200111,60162200,0.00031305161884720434,388.1819763183594,389.8445434570313,379.74810791015625,0.006545033779624917,387.65010223388674,374.1574200439453,0.007985426514090177
2021-05-06,391.4042663574219,391.5350091571525,386.37008425835495,388.378142026792,74321400,0.007985426514090177,388.3034973144531,392.3288879394531,381.5506896972656,0.006478331614399045,388.14278106689454,374.6912664794922,0.007278058965961343
2021-05-07,394.2529296875,394.90672923888695,391.4883477759264,392.17016567934985,67733800,0.007278058965961343,391.4042663574219,389.75103759765625,384.32464599609375,0.006511598124595885,388.63919525146486,375.4578466796875,-0.009902483806645823
2021-05-10,390.3488464355469,394.8319533096077,390.22742408846256,394.6078065167741,81852400,-0.009902483806645823,394.2529296875,390.5916748046875,384.46478271484375,0.006393113973467875,388.9333984375,376.18302368164063,-0.008924825057964658
2021-05-11,386.8650512695313,387.8550708690353,382.9890279126543,385.8283439259152,116888000,-0.008924825057964658,390.3488464355469,388.1819763183594,385.6041870117188,0.006677227208400543,388.99644165039064,376.6668591308594,-0.021245119231250387
2021-05-12,378.6460571289063,385.35204832878026,377.3291376588085,384.0818451111226,134811000,-0.021245119231250387,386.8650512695313,388.3034973144531,384.2873229980469,0.00784115379856082,388.7143783569336,377.04291564941406,0.012012517616397878
2021-05-13,383.1945495605469,385.1279012387936,380.14975581622974,380.1964720686349,106394000,0.012012517616397878,378.6460571289063,391.4042663574219,388.41552734375,0.008081781751579952,388.4533294677734,377.60527099609374,0.01535529074578701
2021-05-14,389.07861328125,389.9285412046908,385.9030768823611,385.9310952313581,82201600,0.01535529074578701,383.1945495605469,394.2529296875,389.7137451171875,0.00830830640032693,388.42157287597655,378.37318603515627,-0.002544447832858343
2021-05-17,388.088623046875,388.90121223521504,386.0712162573868,387.9672291939465,65129200,-0.002544447832858343,389.07861328125,390.3488464355469,387.7990417480469,0.007961007143907038,388.436051940918,378.9922735595703,-0.008615787132826735
2021-05-18,384.7449340820313,388.5929392293489,384.5861444411635,388.3500945443385,59810200,-0.008615787132826735,388.088623046875,386.8650512695313,384.9598083496094,0.008141234278696279,388.42530822753906,379.5800500488281,-0.002621651132572178
2021-05-19,383.73626708984375,383.9137261518179,378.5713418982046,380.0564000490199,106467100,-0.002621651132572178,384.7449340820313,378.6460571289063,388.6023864746094,0.008160031118061378,388.18200225830077,380.0461804199219,0.010757920738142301
2021-05-20,387.8644714355469,389.1253542262279,384.4928063797059,384.6142002311314,78022200,0.010757920738142301,383.73626708984375,383.1945495605469,385.0531311035156,0.008342699911269208,388.3225692749023,380.5500042724609,-0.0008188335331962282
2021-05-21,387.546875,390.59166843930177,387.089232490251,389.3494551944162,76578700,-0.0008188335331962282,387.8644714355469,389.07861328125,389.22802734375,0.00824924241066953,388.23851165771487,380.9739343261719,0.010194236836269965
2021-05-24,391.4976196289063,392.5716942493205,389.5455703108136,389.7884149825735,51376700,0.010194236836269965,387.546875,388.088623046875,390.0406188964844,0.00844433977149879,388.3113616943359,381.4670098876953,-0.0022186375217737586
2021-05-25,390.6290283203125,392.9359673967326,390.0499634392748,392.5810493076067,57451400,-0.0022186375217737586,391.4976196289063,384.7449340820313,389.9565124511719,0.008448149593765142,388.344987487793,381.8989617919922,0.001984588908926943
2021-05-26,391.4042663574219,391.9085966601107,390.18075089606674,391.2174583544931,43088600,0.001984588908926943,390.6290283203125,383.73626708984375,389.8445434570313,0.008420081152010856,388.4229736328125,382.35572509765626,0.0005248903846895026
2021-05-27,391.6097106933594,392.9452994425397,391.3294987126263,392.4316202322079,56707700,0.0005248903846895026,391.4042663574219,387.8644714355469,392.3288879394531,0.008201417771978515,388.3870147705078,382.7914642333984,0.0017889278644218631
2021-05-28,392.3102722167969,393.4403837953727,392.0767764400637,393.1788696655476,58520200,0.0017889278644218631,391.6097106933594,387.546875,389.75103759765625,0.008186474002211314,388.51497650146484,383.34882873535156,-0.0008810426703604879
2021-06-01,391.9646301269531,394.81326667212426,391.5256570082224,394.67317493272026,54216600,-0.0008810426703604879,392.3102722167969,391.4976196289063,390.5916748046875,0.008131635398993168,388.5836242675781,383.91276794433594,0.0015724978174458393
2021-06-02,392.58099365234375,393.42160100863873,391.6096720231623,392.6183609466643,49097100,0.0015724978174458393,391.9646301269531,390.6290283203125,388.1819763183594,0.008001958746542864,388.80357513427737,384.4309417724609,-0.003711260194460664
2021-06-03,391.1240234375,392.2634837583409,388.798415050226,390.2647750989036,58138800,-0.003711260194460664,392.58099365234375,391.4042663574219,388.3034973144531,0.007863935733428081,388.94460144042966,384.9776947021484,0.009145972270424574
2021-06-04,394.70123291015625,395.0001143194918,391.18944760771376,392.973358609629,55938800,0.009145972270424574,391.1240234375,391.6097106933594,391.4042663574219,0.00782021692152209,389.1094497680664,385.6329772949219,-0.0009702657502916878
2021-06-07,394.3182678222656,394.8693143478423,393.3842848630719,394.6918553053636,51555000,-0.0009702657502916878,394.70123291015625,392.3102722167969,394.2529296875,0.007594115884321589,389.1127166748047,386.2398791503906,0.0002130636580499612
2021-06-08,394.40228271484375,395.27087993776814,392.57168428200526,395.1774759507784,47134300,0.0002130636580499612,394.3182678222656,391.9646301269531,390.3488464355469,0.007587980278720634,389.31538848876954,386.73115295410156,-0.0014918242921920788
2021-06-09,393.81390380859375,395.3176311744139,393.5897570222941,395.242896577049,48436300,-0.0014918242921920788,394.40228271484375,392.58099365234375,386.8650512695313,0.007595116623004557,389.66283111572267,387.2143951416016,0.00464853561867673
2021-06-10,395.6445617675781,396.5972427580908,393.720558888761,395.0374784616624,51020100,0.00464853561867673,393.81390380859375,391.1240234375,378.6460571289063,0.00763406034162416,390.51275634765625,387.75386413574216,0.001652360784824225
2021-06-11,396.2983093261719,396.410382721431,394.90668383020704,396.1955848814836,45570800,0.001652360784824225,395.6445617675781,394.70123291015625,383.1945495605469,0.0075575474515688235,391.1679443359375,388.2765216064453,0.0022388893556344325
2021-06-14,397.1855773925781,397.2883018302443,395.1681709071251,396.4103556235315,42358500,0.0022388893556344325,396.2983093261719,394.3182678222656,389.07861328125,0.0074492100783620325,391.5732925415039,388.7369750976562,-0.0018341177245261298
2021-06-15,396.45709228515625,397.3723773329353,395.5791460332352,397.33503853707737,51508500,-0.0018341177245261298,397.1855773925781,394.40228271484375,388.088623046875,0.007457131994072234,391.991716003418,389.07545166015626,-0.005583358337619582
2021-06-16,394.2435302734375,396.8213323424478,392.1981338307767,396.5971855548461,80386100,-0.005583358337619582,396.45709228515625,393.81390380859375,384.7449340820313,0.007439742369196844,392.4666458129883,389.3741387939453,-0.0003317704154917056
2021-06-17,394.11273193359375,395.0934024940287,391.63768315967735,393.832548488582,90949700,-0.0003317704154917056,394.2435302734375,395.6445617675781,383.73626708984375,0.007441362168707795,392.98546905517577,389.66143127441404,-0.013490254126321766
2021-06-18,388.7960510253906,391.5228080642645,388.5899013988071,390.82940868218697,118676300,-0.013490254126321766,394.11273193359375,396.2983093261719,387.8644714355469,0.007726144766204208,393.032048034668,389.80633850097655,0.014315935023585746
2021-06-21,394.3620300292969,394.5494491775668,389.74243684552914,390.5576558078238,72822000,0.014315935023585746,388.7960510253906,397.1855773925781,387.546875,0.008060462456806453,393.3728057861328,390.0070861816406,0.005346197761957772
2021-06-22,396.4703674316406,397.3043454678535,393.6311417670724,394.352679752593,57700300,0.005346197761957772,394.3620300292969,396.45709228515625,391.4976196289063,0.007890833449658014,393.6214431762695,390.24719787597655,-0.001205245782621156
2021-06-23,395.9925231933594,397.3512120232172,395.9081931498081,396.5453725429614,49445400,-0.001205245782621156,396.4703674316406,394.2435302734375,390.6290283203125,0.007694670453924555,393.8896179199219,390.45496459960935,0.005915589713624936
2021-06-24,398.3350524902344,398.756702636822,397.88526373773,398.1382824218268,45110300,0.005915589713624936,395.9925231933594,394.11273193359375,391.4042663574219,0.006518625023433093,394.2361572265625,390.7359191894531,0.003552077537093412
2021-06-25,399.7499694824219,400.1997582443463,398.75671098813206,399.0846801731096,58129500,0.003552077537093412,398.3350524902344,388.7960510253906,391.6097106933594,0.006234428042366141,394.64317016601564,390.96260803222657,0.0020160306807990303
2021-06-28,400.5558776855469,400.72453776466034,399.07536933086,400.274777553691,53159600,0.0020160306807990303,399.7499694824219,394.3620300292969,392.3102722167969,0.0056558269188022245,395.0554504394531,391.17945068359376,0.0005379639424734073
2021-06-29,400.7713623046875,401.577201657203,400.23724351738144,400.9400223650543,35970500,0.0005379639424734073,400.5558776855469,396.4703674316406,391.9646301269531,0.005617366105725573,395.4957870483398,391.43889709472654,0.0008418062214619049
2021-06-30,401.1087341308594,401.78340305544015,400.2841356012442,400.3122456149289,64827900,0.0008418062214619049,400.7713623046875,395.9925231933594,392.58099365234375,0.005311049396558606,395.92217407226565,391.7618756103516,0.005536716122935381
2021-07-01,403.3295593261719,403.4888684869052,401.8021816752853,401.8677812471256,53441000,0.005536716122935381,401.1087341308594,398.3350524902344,391.1240234375,0.005306735173067395,396.5324508666992,392.0564190673828,0.007643287233956464
2021-07-02,406.4123229980469,406.76840218909126,403.4137884803365,404.49140558885847,57697700,0.007643287233956464,403.3295593261719,399.7499694824219,394.70123291015625,0.0051510924389558945,397.1180053710938,392.4836029052734,-0.001821312532950481
2021-07-06,405.672119140625,406.6841368547064,402.9359824093808,406.4686076794865,68710400,-0.001821312532950481,406.4123229980469,400.5558776855469,394.3182678222656,0.005170346566698524,397.6856979370117,392.81248474121094,0.003533948230445505
2021-07-07,407.1057434082031,407.3868721191397,404.34149695894274,406.3561240379976,63549500,0.003533948230445505,405.672119140625,400.7713623046875,394.40228271484375,0.004922896968193389,398.3208709716797,393.15378723144534,-0.008147726082700757
2021-07-08,403.7887573242188,404.5477564364172,400.60280264528495,401.7834806403287,97595200,-0.008147726082700757,407.1057434082031,401.1087341308594,393.81390380859375,0.005181882531153365,398.8196136474609,393.43043212890626,0.010674647711684582
2021-07-09,408.09906005859375,408.3989192878367,403.5919064673389,405.2973236629894,76238600,0.010674647711684582,403.7887573242188,403.3295593261719,395.6445617675781,0.005467035867763478,399.44233856201174,393.7955224609375,0.003581804272769995
2021-07-12,409.560791015625,409.8138097220538,407.583653429449,408.01468314938586,52889600,0.003581804272769995,408.09906005859375,406.4123229980469,396.2983093261719,0.005478490250790556,400.1054626464844,394.1401605224609,-0.0034089669466563777
2021-07-13,408.1646118164063,410.2729485190576,407.9022421705888,408.7736811446095,52911300,-0.0034089669466563777,409.560791015625,405.672119140625,397.1855773925781,0.005551065464971498,400.65441436767577,394.50843200683596,0.0014921413787694071
2021-07-14,408.7736511230469,410.3478974784806,407.5274025459791,409.8606191747878,64130400,0.0014921413787694071,408.1646118164063,407.1057434082031,396.45709228515625,0.0055352639539189,401.27024230957034,394.8720715332031,-0.003415456641603143
2021-07-15,407.3775024414063,408.10839135369446,405.4753153622365,407.4337224657248,55126400,-0.003415456641603143,408.7736511230469,403.7887573242188,394.2435302734375,0.005604859008389904,401.92694091796875,395.25598205566405,-0.007843465693845975
2021-07-16,404.1822509765625,408.6050745825178,403.7887107543716,408.5582340881167,75874700,-0.007843465693845975,407.3775024414063,408.09906005859375,394.11273193359375,0.005779034524592049,402.4304168701172,395.57355712890626,-0.014768075852423124
2021-07-19,398.2132568359375,404.247787129505,395.40214130525,399.35644496226297,147987000,-0.014768075852423124,404.1822509765625,409.560791015625,388.7960510253906,0.006261713321213023,402.90127716064455,395.70973693847657,0.014330522417181468
2021-07-20,403.91986083984375,405.1942482191287,398.0821000063619,398.87858854389634,99608200,0.014330522417181468,398.2132568359375,408.1646118164063,394.3620300292969,0.006757021832611213,403.37916870117186,395.90307556152345,0.008096242525676534
2021-07-21,407.1900939941406,407.33067265477706,403.8729980876093,405.1192467876088,64724400,0.008096242525676534,403.91986083984375,408.7736511230469,396.4703674316406,0.006884511692866266,403.9151550292969,396.2399005126953,0.002094237306173641
2021-07-22,408.0428466796875,408.28648588193806,406.3842985469024,407.3681777009672,47878500,0.002094237306173641,407.1900939941406,407.3775024414063,395.9925231933594,0.006869305342645821,404.5176712036133,396.66345642089846,0.01028775652641123
2021-07-23,412.2406921386719,412.5780122497424,409.2890267822298,409.97304653950414,63766600,0.01028775652641123,408.0428466796875,404.1822509765625,398.3350524902344,0.007041731105214607,405.2129531860352,397.33534912109377,0.0024549345687612245
2021-07-26,413.2527160644531,413.26209560038063,411.6035477215418,411.6503882088871,43719200,0.0024549345687612245,412.2406921386719,398.2132568359375,399.7499694824219,0.0070442681715055366,405.8880905151367,397.9365124511719,-0.0045574832560582035
2021-07-27,411.3693237304688,412.2407627628377,408.5394488652319,412.21265274876606,67397100,-0.0045574832560582035,413.2527160644531,403.91986083984375,400.5558776855469,0.007125883640297863,406.4287628173828,398.38232666015625,-0.0004101708117733027
2021-07-28,411.2005920410156,412.5780397787504,409.7763038167769,411.9970804846023,52472400,-0.0004101708117733027,411.3693237304688,407.1900939941406,400.7713623046875,0.007109736538406557,406.9502243041992,398.84456604003907,0.0041475496060219275
2021-07-29,412.9060668945313,413.9836556005954,412.1189578762892,412.128337413364,47435300,0.0041475496060219275,411.2005920410156,408.0428466796875,401.1087341308594,0.007008854146885969,407.5400909423828,399.40778869628906,-0.0048563551534630545
2021-07-30,410.9008483886719,412.3532469313262,410.20742030714354,410.33861945094543,68951200,-0.0048563551534630545,412.9060668945313,412.2406921386719,403.3295593261719,0.007099212304055838,407.9186553955078,399.9510803222656,-0.0020981998528118995
2021-08-02,410.0386962890625,413.16840161930367,409.6826170641352,412.6155523054972,58783300,-0.0020981998528118995,410.9008483886719,413.2527160644531,406.4123229980469,0.00655848164087987,408.09997406005857,400.3945648193359,0.008135367368683255
2021-08-03,413.37451171875,413.4963312941715,408.6424789249471,410.83514549410086,58053900,0.008135367368683255,410.0386962890625,411.3693237304688,405.672119140625,0.006241012484371056,408.48509368896487,400.91111755371094,-0.004918697458394905
2021-08-04,411.34124755859375,413.3464954516936,411.1069878900075,412.09086705960937,46732200,-0.004918697458394905,413.37451171875,411.2005920410156,407.1057434082031,0.006308968404208598,408.6968688964844,401.3079901123047,0.006332745497940051
2021-08-05,413.9461669921875,414.0304970317783,412.1845299087863,412.5031195904007,38969700,0.006332745497940051,411.34124755859375,412.9060668945313,403.7887573242188,0.006357837625460836,409.2047393798828,401.7743328857422,0.0016523657737566033
2021-08-06,414.6301574707031,415.0518362349307,413.9835986168319,414.26472732503214,46930000,0.0016523657737566033,413.9461669921875,410.9008483886719,408.09906005859375,0.00630311719069068,409.53129425048826,402.2388507080078,-0.0008134484850184087
2021-08-09,414.2928771972656,414.920677039973,413.5244986888596,414.6020873502762,41222600,-0.0008134484850184087,414.6301574707031,410.0386962890625,409.560791015625,0.00630107412221573,409.7678985595703,402.69251403808596,0.0012439275936464433
2021-08-10,414.8082275390625,415.52038600343246,414.0586081210977,414.74262797605,43339300,0.0012439275936464433,414.2928771972656,413.37451171875,408.1646118164063,0.006299249250783199,410.10007934570314,403.14247314453127,0.002484911461050787
2021-08-11,415.8389892578125,415.9326988371535,414.75202104898426,415.8764788087786,44034300,0.002484911461050787,414.8082275390625,411.34124755859375,408.7736511230469,0.006302378686879879,410.4533462524414,403.6199603271484,0.0029969444185955485
2021-08-12,417.0852355957031,417.2258142619736,414.7895081939832,415.6890572389117,38909400,0.0029969444185955485,415.8389892578125,413.9461669921875,407.3775024414063,0.006309841547782477,410.93873291015626,404.11004516601565,0.001819924696253139
2021-08-13,417.8442993164063,417.8630297953268,417.0478107219428,417.5350605392358,39470300,0.001819924696253139,417.0852355957031,414.6301574707031,404.1822509765625,0.006260529596569337,411.62183532714846,404.64445068359373,0.002354600033508625
2021-08-16,418.8281555175781,418.95932605512974,414.9862914344037,416.5417789840265,73740000,0.002354600033508625,417.8442993164063,414.2928771972656,398.2132568359375,0.006146200746159073,412.65258026123047,405.1269891357422,-0.006555373403153597
2021-08-17,416.0825805664063,416.9446399663895,413.0934254851267,416.2699711073765,92673900,-0.006555373403153597,418.8281555175781,414.8082275390625,403.91986083984375,0.006281009503075065,413.2607162475586,405.562275390625,-0.010944761384501511
2021-08-18,411.5286560058594,416.63552844125934,411.2850453853338,415.0706612048445,89351900,-0.010944761384501511,416.0825805664063,415.8389892578125,407.1900939941406,0.0066161059930388046,413.4776443481445,405.9048028564453,0.0015481679567572737
2021-08-19,412.165771484375,413.3652083057249,408.66125638495504,408.8018064511608,92812200,0.0015481679567572737,411.5286560058594,417.0852355957031,408.0428466796875,0.006418975877207064,413.6837905883789,406.27184020996094,0.007957145674969857
2021-08-20,415.4454345703125,415.7734038110684,412.02524927934286,412.512527670003,72008700,0.007957145674969857,412.165771484375,417.8442993164063,412.2406921386719,0.0062913343680108405,413.8440277099609,406.6678576660156,0.008796534216938934
2021-08-23,419.0999145507813,420.00884318252696,415.5204200549457,417.1321276721808,54973000,0.008796534216938934,415.4454345703125,418.8281555175781,413.2527160644531,0.006446290092785999,414.13638763427736,407.1238897705078,0.0015874823582728848
2021-08-24,419.7652282714844,420.299347194437,419.2498684240996,419.7652282714844,38744700,0.0015874823582728848,419.0999145507813,416.0825805664063,411.3693237304688,0.006398488481910177,414.5561828613281,407.57548278808594,0.0020980937147556666
2021-08-25,420.64593505859375,421.1612947689073,419.5776974968097,419.9525357546496,40529700,0.0020980937147556666,419.7652282714844,411.5286560058594,411.2005920410156,0.006401200373551972,415.02845001220703,408.0592596435547,-0.005903120825239805
2021-08-26,418.1628112792969,420.599088508897,418.06910170981706,420.3648288832704,57829600,-0.005903120825239805,420.64593505859375,412.165771484375,412.9060668945313,0.006475709996384201,415.2912872314453,408.5376452636719,0.008941161153346089
2021-08-27,421.9016723632813,422.2764821219972,418.91251663896753,418.96873667296734,77235100,0.008941161153346089,418.1628112792969,415.4454345703125,410.9008483886719,0.00641982510110706,415.8413284301758,409.09342407226563,0.004397436099598417
2021-08-30,423.7569580078125,424.5440669661629,422.33264109600447,422.5762802722132,48357400,0.004397436099598417,421.9016723632813,419.0999145507813,410.0386962890625,0.005658631940700125,416.5272415161133,409.7926422119141,-0.0014815995888710631
2021-08-31,423.1291198730469,424.0005588501911,422.5294300788062,423.6632387027082,59300200,-0.0014815995888710631,423.7569580078125,419.7652282714844,413.37451171875,0.005196735181261563,417.0149719238281,410.36798400878905,0.0005314063841610484
2021-09-01,423.3539733886719,424.5814915085135,423.1197137689136,424.06613178350335,48721400,0.0005314063841610484,423.1291198730469,420.64593505859375,411.34124755859375,0.005050258310128866,417.61560821533203,410.90565612792966,0.0030767427528910485
2021-09-02,424.6565246582031,425.4623641266029,423.45711639620544,424.7783442513679,42501000,0.0030767427528910485,423.3539733886719,418.1628112792969,413.9461669921875,0.00505869274871275,418.1511260986328,411.47893615722654,-0.00024261335401098982
2021-09-03,424.5534973144531,425.0688857762042,423.1198291942796,423.52277758325664,47170500,-0.00024261335401098982,424.6565246582031,421.9016723632813,414.6301574707031,0.00477400010075028,418.6472930908203,412.00330505371096,-0.0035756775432369547
2021-09-07,423.0354309082031,424.3004387151824,422.3607619842241,424.20672913760086,51671500,-0.0035756775432369547,424.5534973144531,423.7569580078125,414.2928771972656,0.004836851125072821,419.0844207763672,412.46901428222657,-0.0012182924212010837
2021-09-08,422.5200500488281,423.2322084875442,420.599103890751,422.5013195727054,56181900,-0.0012182924212010837,423.0354309082031,423.1291198730469,414.8082275390625,0.004747103307835204,419.47001190185546,412.9082977294922,-0.00428020322225775
2021-09-09,420.7115783691406,424.0755433312676,420.4679391954341,422.3232858185863,57970400,-0.00428020322225775,422.5200500488281,423.3539733886719,415.8389892578125,0.004835768836714706,419.71364135742186,413.3071020507812,-0.007884373261128008
2021-09-10,417.39453125,423.06360408825856,417.2727116405704,422.6419538204089,89948200,-0.007884373261128008,420.7115783691406,424.6565246582031,417.0852355957031,0.005040906747180507,419.7291061401367,413.63281799316405,0.0025591525273040983
2021-09-13,418.4627075195313,420.655403124016,416.1482209113753,420.3930334459969,83738600,0.0025591525273040983,417.39453125,424.5534973144531,417.8442993164063,0.004956762832738875,419.760026550293,413.93548095703125,-0.005396440800905289
2021-09-14,416.2044982910156,420.1119337155956,415.3143000740167,419.9057840546144,78197100,-0.005396440800905289,418.4627075195313,423.0354309082031,418.8281555175781,0.005054739247676499,419.6288436889648,414.13132446289063,0.008352428610572948
2021-09-15,419.6808166503906,420.1774459218341,415.5203633365021,416.6260619263352,78792200,0.008352428610572948,416.2044982910156,422.5200500488281,416.0825805664063,0.005066173052722171,419.8087554931641,414.41149841308595,-0.0015851396088495395
2021-09-16,419.01556396484375,420.1306135920383,416.0638694935535,419.15611403582216,77786700,-0.0015851396088495395,419.6808166503906,420.7115783691406,411.5286560058594,0.004978635308442942,420.18310089111327,414.6496948242187,-0.009741009338323336
2021-09-17,414.9339294433594,418.6658919018536,414.5767094129711,418.2428908298914,118425000,-0.009741009338323336,419.01556396484375,417.39453125,412.165771484375,0.005203408615688036,420.3215087890625,414.8725982666016,-0.016674223727995763
2021-09-20,408.0152282714844,410.3841202455259,403.145796182089,408.8048589294982,166445500,-0.016674223727995763,414.9339294433594,418.4627075195313,415.4454345703125,0.006024903583479273,419.9499984741211,414.87092163085936,-0.0009447380945311057
2021-09-21,407.6297607421875,411.6531328768098,407.1033403647797,410.3558724154265,92526100,-0.0009447380945311057,408.0152282714844,416.2044982910156,419.0999145507813,0.006025173009725454,419.3764907836914,414.8323010253906,0.009755104583201835
2021-09-22,411.6062316894531,413.6461327527761,407.7426779520701,409.9047602159598,102350100,0.009755104583201835,407.6297607421875,419.6808166503906,419.7652282714844,0.006305106016830845,418.96854095458986,414.90113342285156,0.01214975659337636
2021-09-23,416.6071472167969,418.2146371474796,413.2418148065021,413.4768249344985,76396000,0.01214975659337636,411.6062316894531,419.01556396484375,420.64593505859375,0.006684579945635484,418.7666015625,415.05780334472655,0.0016472323719876059
2021-09-24,417.29339599609375,418.0078359804858,414.7552750846295,414.97149473457984,62094800,0.0016472323719876059,416.6071472167969,414.9339294433594,418.1628112792969,0.0066688159923929185,418.72313079833987,415.2561212158203,-0.0028608579721761673
2021-09-27,416.0995788574219,417.4250108387706,415.40392931593607,416.2593696919336,61371100,-0.0028608579721761673,417.29339599609375,408.0152282714844,421.9016723632813,0.006680438226418477,418.4330261230469,415.4944677734375,-0.02015174314514434
2021-09-28,407.7144470214844,413.65551103539497,406.98121643473854,413.3264910581115,130436300,-0.02015174314514434,416.0995788574219,407.6297607421875,423.7569580078125,0.007594412696212935,417.63090057373046,415.68449157714844,0.0016831603204405798
2021-09-29,408.4006958007813,410.8353977844285,407.8366656401751,409.0963167424617,82329200,0.0016831603204405798,407.7144470214844,411.6062316894531,423.1291198730469,0.007530350205577659,416.8944793701172,415.7741082763672,-0.012222478444568807
2021-09-30,403.4090270996094,410.5815126064567,403.0705975741562,409.8764821735044,140506000,-0.012222478444568807,408.4006958007813,416.6071472167969,423.3539733886719,0.00759425659619203,415.89723205566406,415.69848693847655,0.011884038521490448
2021-10-01,408.2031555175781,409.8858359543711,401.61349147576334,405.1386431605833,129240100,0.011884038521490448,403.4090270996094,417.29339599609375,424.6565246582031,0.007924057802208015,415.07456359863284,415.7016931152344,-0.012896006811004224
2021-10-04,402.93896484375,407.9399583912579,400.7956450105568,407.03752756364304,128570000,-0.012896006811004224,408.2031555175781,416.0995788574219,424.5534973144531,0.008088449598442656,413.9938369750977,415.5156585693359,0.010405116702354222
2021-10-05,407.131591796875,409.3782739253751,403.6440491846088,404.4430607487151,90682500,0.010405116702354222,402.93896484375,407.7144470214844,423.0354309082031,0.008160550222015613,413.1986450195312,415.3932360839844,0.004156095156484296
2021-10-06,408.82366943359375,409.03047952232674,401.9049840791868,403.53123602954014,113032200,0.004156095156484296,407.131591796875,408.4006958007813,422.5200500488281,0.00820128035737791,412.51382598876955,415.3423229980469,0.008645424934911272
2021-10-07,412.3581237792969,415.1970354491902,411.92571322947015,412.10432319982914,72437500,0.008645424934911272,408.82366943359375,403.4090270996094,420.7115783691406,0.008367790631509709,412.09615325927734,415.3654736328125,-0.0018233958457095634
2021-10-08,411.6062316894531,413.5145419645632,410.9764204480255,413.129121812036,74557400,-0.0018233958457095634,412.3581237792969,408.2031555175781,417.39453125,0.008312089795585195,411.80673828125,415.33947692871095,-0.007239881807713511
2021-10-11,408.6262512207031,413.8622842543227,408.5604414935577,410.9481526531211,65233300,-0.007239881807713511,411.6062316894531,402.93896484375,418.4627075195313,0.008203066818758084,411.3149154663086,415.2939849853516,-0.0024614885960387856
2021-10-12,407.6204223632813,409.9517335045939,406.8307916592311,409.5475229098595,71181200,-0.0024614885960387856,408.6262512207031,407.131591796875,416.2044982910156,0.008141863354398532,410.8857116699219,415.24561950683596,0.0035973899943593235
2021-10-13,409.0867919921875,409.9046225853422,405.6650597065649,408.6449718376633,72974000,0.0035973899943593235,407.6204223632813,408.82366943359375,419.6808166503906,0.008189785839161242,410.3560104370117,415.1598651123047,0.01682079374225487
2021-10-14,415.9679565429688,416.1183664782615,412.2829848477017,412.7530051375808,70236800,0.01682079374225487,409.0867919921875,412.3581237792969,419.01556396484375,0.008817084173401346,410.203630065918,415.25239929199216,0.00761574939851517
2021-10-15,419.1358642578125,419.50249383265776,417.4625932709582,418.0830234599393,66260200,0.00761574939851517,415.9679565429688,411.6062316894531,414.9339294433594,0.008919790905056334,410.4137268066406,415.3561932373047,0.002960556110696677
2021-10-18,420.3767395019531,420.715140332768,416.6917678913216,417.34980775714325,62213200,0.002960556110696677,419.1358642578125,408.6262512207031,408.0152282714844,0.00894085627675498,411.03180236816405,415.4711248779297,0.007714753749662906
2021-10-19,423.6198425292969,423.6856235581585,421.39192256312816,422.0029718063698,46996800,0.007714753749662906,420.3767395019531,407.6204223632813,407.6297607421875,0.009034946946515575,411.83130645751953,415.6576641845703,0.003927765480948198
2021-10-20,425.2837219238281,425.5845417659736,423.9676709741409,424.08047124300566,49571600,0.003927765480948198,423.6198425292969,409.0867919921875,411.6062316894531,0.009058159999262747,412.51518096923826,415.86717407226564,0.002608337422950635
2021-10-21,426.39300537109375,426.6186059313377,424.2497139854905,424.6821246218787,41305400,0.002608337422950635,425.2837219238281,415.9679565429688,416.6071472167969,0.009026431093948756,413.0044738769531,416.07825439453126,-0.0010361403047198792
2021-10-22,425.9512023925781,427.4082825705058,424.0053114184127,425.9606119788899,58845100,-0.0010361403047198792,426.39300537109375,419.1358642578125,417.29339599609375,0.008893039031237247,413.43736419677737,416.25557373046877,0.005362681710547212
2021-10-25,428.2354431152344,428.564463031486,425.2649403470605,427.0416019944035,45214500,0.005362681710547212,425.9512023925781,420.3767395019531,416.0995788574219,0.008927748945865234,414.04415740966795,416.4633966064453,0.000899844852124243
2021-10-26,428.6207885742188,430.9990895045557,428.2447781729797,429.78645811214113,56075100,0.000899844852124243,428.2354431152344,423.6198425292969,407.7144470214844,0.008850526684816935,415.0894744873047,416.6592492675781,-0.004430031770632836
2021-10-27,426.7219848632813,429.7489164065924,426.6467655584889,429.0814956872959,72438000,-0.004430031770632836,428.6207885742188,425.2837219238281,408.4006958007813,0.008792770273455076,416.0055389404297,416.8720373535156,0.009648836365409919
2021-10-28,430.83935546875,430.91454608380144,428.1414439075538,428.1508248045862,51437900,0.009648836365409919,426.7219848632813,426.39300537109375,403.4090270996094,0.008934910374078616,417.3770553588867,417.25825134277346,0.002029361065054136
2021-10-29,431.7136840820313,432.0050943990197,428.24493166341136,428.5363419803998,70162400,0.002029361065054136,430.83935546875,425.9512023925781,408.2031555175781,0.008703947805202736,418.5525817871094,417.6492095947266,0.001720014301877848
2021-11-01,432.4562377929688,433.076667962832,430.7265667229376,432.70062881424144,48433600,0.001720014301877848,431.7136840820313,428.2354431152344,402.93896484375,0.0080100285842049,420.0284454345703,417.9894256591797,0.004043123831481754
2021-11-02,434.2047119140625,434.51494135185385,432.4938312768331,432.6254507202016,48908400,0.004043123831481754,432.4562377929688,428.6207885742188,407.131591796875,0.007999153692994794,421.38210144042966,418.2915216064453,0.006105347054614851
2021-11-03,436.8556823730469,437.2598929585616,433.198910555134,433.6407307983925,52509800,0.006105347054614851,434.2047119140625,426.7219848632813,408.82366943359375,0.007906536058543091,422.78370208740233,418.6333306884766,0.004712436779976015
2021-11-04,438.9143371582031,438.9989373652711,437.10944667746986,437.4572570913363,52847100,0.004712436779976015,436.8556823730469,430.83935546875,412.3581237792969,0.007691534976513243,424.1115127563477,418.99869873046873,0.003469531568043971
2021-11-05,440.4371643066406,442.4300455313022,438.9237129061649,441.14219466561576,66390600,0.003469531568043971,438.9143371582031,431.7136840820313,411.6062316894531,0.00769773448088194,425.55305938720704,419.4441857910156,0.0008537826235626156
2021-11-08,440.8132019042969,442.0352718144265,440.1269906728055,441.53705147758245,50405200,0.0008537826235626156,440.4371643066406,432.4562377929688,408.6262512207031,0.007649408714903042,427.1624069213867,419.8224163818359,-0.0033053258017357035
2021-11-09,439.3561706542969,441.4148618185051,437.9461097849906,441.1798516736207,51149100,-0.0033053258017357035,440.8132019042969,434.2047119140625,407.6204223632813,0.006503171232543357,428.7491943359375,420.1344006347656,-0.008044969365810783
2021-11-10,435.8215637207031,439.35612511347824,434.3363123816006,437.6640350330447,69429700,-0.008044969365810783,439.3561706542969,436.8556823730469,409.0867919921875,0.006782614432637678,430.08593292236327,420.38824951171875,0.00032336668837151805
2021-11-11,435.9624938964844,437.3913735594925,435.9437034174595,437.3161542678845,34848500,0.00032336668837151805,435.8215637207031,438.9143371582031,415.9679565429688,0.006227337647802806,431.0856597900391,420.640419921875,0.007547030338692418
2021-11-12,439.2527160644531,439.80733651939306,436.2821846286871,437.2316347180003,53466700,0.007547030338692418,435.9624938964844,440.4371643066406,419.1358642578125,0.00605247817873317,432.0915023803711,420.93234375,0.0003425867894060186
2021-11-15,439.4031982421875,440.70045894132767,438.2751666643262,440.5406680944853,46980500,0.0003425867894060186,439.2527160644531,440.8132019042969,420.3767395019531,0.005333892704690993,433.04282531738284,421.2293377685547,0.003957810762389435
2021-11-16,441.1422729492188,442.27971409763927,439.0647911553484,439.1399817843683,48857500,0.003957810762389435,439.4031982421875,439.3561706542969,423.6198425292969,0.005147952499015833,433.91894683837893,421.591474609375,-0.0024294119478256437
2021-11-17,440.070556640625,441.0575876528418,439.4501264917785,440.87897766963937,47858300,-0.0024294119478256437,441.1422729492188,435.8215637207031,425.2837219238281,0.005223170315856475,434.6582885742188,421.94248474121093,0.0033964779484825236
2021-11-18,441.5652465820313,441.8284567817868,438.3784954289363,441.1046072166389,50625600,0.0033964779484825236,440.070556640625,435.9624938964844,426.39300537109375,0.005095570756194445,435.4169006347656,422.35955810546875,-0.0017882800788711073
2021-11-19,440.7756042480469,442.70267579983584,440.4089746825623,441.4524058684626,57315600,-0.0017882800788711073,441.5652465820313,439.2527160644531,425.9512023925781,0.0050945957265904444,436.1581207275391,422.8271795654297,-0.0028152085373632785
2021-11-22,439.5347290039063,445.1467717517106,439.32791895320247,442.65567024625074,72762000,-0.0028152085373632785,440.7756042480469,439.4031982421875,428.2354431152344,0.004867976564476405,436.7230850219727,423.24861999511717,0.0013260732000182074
2021-11-23,440.1175842285156,440.9730245653836,436.60184177692975,439.2057437540749,73206500,0.0013260732000182074,439.5347290039063,441.1422729492188,428.6207885742188,0.004784744745695778,437.2979248046875,423.7268817138672,0.0026698520355299404
2021-11-24,441.2926330566406,441.4148429167893,437.2974607646824,438.115291443818,61858800,0.0026698520355299404,440.1175842285156,440.070556640625,426.7219848632813,0.004780879910407786,438.02645721435545,424.1591180419922,-0.022303238036173068
2021-11-26,431.4503784179688,436.0847710795946,430.32231837166336,434.6183102320528,112669600,-0.022303238036173068,441.2926330566406,441.5652465820313,430.83935546875,0.005945405571921624,438.05700836181643,424.4078143310547,0.012266577336192963
2021-11-29,436.7427978515625,438.5852690969573,434.0448863560093,436.2445775616634,86268800,0.012266577336192963,431.4503784179688,440.7756042480469,431.7136840820313,0.006173743515220477,438.30846405029297,424.84399169921875,-0.019457434281486607
2021-11-30,428.2449035644531,436.2070487821844,428.0004838225912,434.29876746658414,148559600,-0.019457434281486607,436.7427978515625,439.5347290039063,432.4562377929688,0.007241606200389314,438.0978973388672,425.24858520507814,-0.011107319182177555
2021-12-01,423.4882507324219,436.8086374124799,423.290850257439,433.9603158081163,131939200,-0.011107319182177555,428.2449035644531,440.1175842285156,434.2047119140625,0.007421005365607308,437.5620742797852,425.5657550048828,0.015316357882901865
2021-12-02,429.97454833984375,431.54442870471775,423.3096641820062,423.7044938415965,127637800,0.015316357882901865,423.4882507324219,441.2926330566406,436.8556823730469,0.007903586641920727,437.218017578125,425.9331213378906,-0.008701289465290363
2021-12-03,426.2332153320313,432.70067046910617,422.00303269299377,431.63844870413465,137331600,-0.008701289465290363,429.97454833984375,431.4503784179688,438.9143371582031,0.008062552826065085,436.5839614868164,426.1256427001953,0.011843291345697171
2021-12-06,431.2812194824219,433.16130061518345,426.3647969926562,428.7807081333176,98977500,0.011843291345697171,426.2332153320313,436.7427978515625,440.4371643066406,0.008342469461495524,436.1261642456055,426.40539916992185,0.02068478540141916
2021-12-07,440.2021789550781,440.7662090115453,431.1495840464495,436.5642266881175,95484700,0.02068478540141916,431.2812194824219,428.2449035644531,440.8132019042969,0.00908929419274677,436.09561309814455,426.887451171875,0.0026479864702837475
2021-12-08,441.3678283691406,441.8190581603877,438.83911699656346,440.5970169214314,72238800,0.0026479864702837475,440.2021789550781,423.4882507324219,439.3561706542969,0.009094503160338904,436.1961959838867,427.5605187988281,-0.0067514864575117794
2021-12-09,438.387939453125,441.4712714729504,438.190538959741,440.0800010576555,61272600,-0.0067514864575117794,441.3678283691406,429.97454833984375,435.8215637207031,0.009152145232871918,436.3245147705078,428.160263671875,0.00941344213780404
2021-12-10,442.5146789550781,442.66508888548304,438.5383257920864,441.0952372334483,77159800,0.00941344213780404,438.387939453125,426.2332153320313,435.9624938964844,0.00914451910994773,436.6521240234375,428.9423767089844,-0.008858355618472147
2021-12-13,438.5947265625,442.3454791791736,438.3126971846737,441.997668765506,87724700,-0.008858355618472147,442.5146789550781,431.2812194824219,439.2527160644531,0.009313956785610021,436.61922454833984,429.55020812988283,-0.006880175387033782
2021-12-14,435.5771179199219,437.8144187233226,432.65360596586527,435.3233173325535,97264100,-0.006880175387033782,438.5947265625,440.2021789550781,439.4031982421875,0.009409181519426987,436.42792053222655,430.2029711914063,0.015625176250724238
2021-12-15,442.3830871582031,442.6274781927471,433.11427244709614,435.63360291576834,116899300,0.015625176250724238,435.5771179199219,441.3678283691406,441.1422729492188,0.009798364290871196,436.4899612426758,430.90800109863284,-0.008818496180569402
2021-12-16,438.48193359375,444.5169779638093,436.930843709259,444.23497726904446,116568600,-0.008818496180569402,442.3830871582031,438.387939453125,440.070556640625,0.009891226503590447,436.41053009033203,431.50116638183596,-0.010642895799717333
2021-12-17,433.8152160644531,438.40929266529145,432.1077672413191,435.400025670144,135511600,-0.010642895799717333,438.48193359375,442.5146789550781,441.5652465820313,0.010044240674269893,436.0230285644531,431.93030822753906,-0.010633434203827674
2021-12-20,429.2022705078125,429.59845850346267,425.5798363191293,428.7305989396733,107134800,-0.010633434203827674,433.8152160644531,438.5947265625,440.7756042480469,0.01018875350901018,435.4443618774414,432.28222900390625,0.017758903875825682
2021-12-21,436.8244323730469,436.9659280734673,430.456866757222,432.6265442664553,69806300,0.017758903875825682,429.2022705078125,435.5771179199219,439.5347290039063,0.01073673322096484,435.30884704589846,432.8461926269531,0.009998768326900942
2021-12-22,441.192138671875,441.3053352382026,436.3716404397457,436.56976321936594,58890200,0.009998768326900942,436.8244323730469,442.3830871582031,440.1175842285156,0.010879869037268064,435.3625747680664,433.517626953125,0.006221975482576525
2021-12-23,443.9372253417969,445.4371372699568,442.0882811068288,442.19203501921226,56439700,0.006221975482576525,441.192138671875,438.48193359375,441.2926330566406,0.010818857626698528,435.4948043823242,434.2146356201172,0.014152259565331171
2021-12-27,450.2199401855469,450.2670958254494,445.26738887680665,445.3145445167092,56808600,0.014152259565331171,443.9372253417969,433.8152160644531,431.4503784179688,0.011094593315195736,436.43328247070315,434.89967529296877,-0.0008172681985197938
2021-12-28,449.85198974609375,451.68207754217,449.087884188701,450.653837085784,47274600,-0.0008172681985197938,450.2199401855469,429.2022705078125,436.7427978515625,0.011032768524736274,437.0887420654297,435.51399780273437,0.0012793785933551405
2021-12-29,450.4275207519531,451.4463187392995,448.9559076654807,449.9558491527363,54503000,0.0012793785933551405,449.85198974609375,436.8244323730469,428.2449035644531,0.011032597049559388,438.1978729248047,436.11501342773437,-0.0027645041274466653
2021-12-30,449.1823120117188,451.8614033073912,448.7200830453062,450.85201915066745,55329000,-0.0027645041274466653,450.4275207519531,441.192138671875,423.4882507324219,0.011036304183329185,439.48257598876955,436.62626281738284,-0.00252031312866019
2021-12-31,448.05023193359375,449.8425780707584,447.7766831616036,448.6917271226337,65237400,-0.00252031312866019,449.1823120117188,443.9372253417969,429.97454833984375,0.011037194386387297,440.38636016845703,437.08159301757814,0.005789993127503612
2022-01-03,450.6444396972656,450.7765215542985,447.0031490248722,449.3143224260172,72668200,0.005789993127503612,448.05023193359375,450.2199401855469,426.2332153320313,0.011066284629399643,441.60692138671874,437.5666217041016,-0.00033494242491405313
2022-01-04,450.4934997558594,452.78584543871375,448.635112640116,452.06889544831097,71178700,-0.00033494242491405313,450.6444396972656,449.85198974609375,431.2812194824219,0.011058022817167706,442.5675354003906,438.0574676513672,-0.019202370772449906
2022-01-05,441.8429565429688,450.8990542315734,441.7486164943137,450.1255061365595,104538900,-0.019202370772449906,450.4934997558594,450.4275207519531,440.2021789550781,0.011631912691213551,442.64957427978516,438.3296179199219,-0.0009393361518021948
2022-01-06,441.4279174804688,444.14474987590535,439.06011738234776,441.3807618467668,86858900,-0.0009393361518021948,441.8429565429688,449.1823120117188,441.3678283691406,0.011631972581947581,442.65257873535154,438.58576049804685,-0.003953414897360674
2022-01-07,439.6827697753906,442.6165817047028,438.32435344615055,441.43740286255314,85111600,-0.003953414897360674,441.4279174804688,448.05023193359375,438.387939453125,0.011645628703855463,442.71732025146486,438.84497619628905,-0.0012442803326734309
2022-01-10,439.13568115234375,439.3526316532516,430.7304901894249,436.4848891907472,119362000,-0.0012442803326734309,439.6827697753906,450.6444396972656,442.5146789550781,0.01086706425717536,442.5483703613281,439.01090270996093,0.009108246109446716
2022-01-11,443.1354370117188,443.2297770827889,435.8716833675285,438.8715364116939,74303100,0.009108246109446716,439.13568115234375,450.4934997558594,438.5947265625,0.010765425177293201,442.77540588378906,439.23933776855466,0.0027035268777688692
2022-01-12,444.3334655761719,446.3899754550205,442.3713245554861,444.871178063288,67605400,0.0027035268777688692,443.1354370117188,441.8429565429688,435.5771179199219,0.010084694143515096,443.2132232666016,439.47688232421876,-0.013778579400063995
2022-01-13,438.211181640625,446.0881025089078,437.1829410868047,445.4371934481838,91173100,-0.013778579400063995,444.3334655761719,441.4279174804688,442.3830871582031,0.010208859088523845,443.00462799072267,439.55701171875,0.00040893346919879114
2022-01-14,438.390380859375,438.7394131797268,433.8434604749311,435.06038106331687,95890900,0.00040893346919879114,438.211181640625,439.6827697753906,438.48193359375,0.009854203743779445,443.0000503540039,439.58770568847655,-0.017709633352212206
2022-01-18,430.6266479492188,433.9000493950728,429.5135100897984,433.6925127781855,109709100,-0.017709633352212206,438.390380859375,439.13568115234375,433.8152160644531,0.01027846285325174,442.8406219482422,439.42195190429686,-0.010383484279459232
2022-01-19,426.1552429199219,433.5699058238336,425.88166536173696,432.17377646871046,109357600,-0.010383484279459232,430.6266479492188,443.1354370117188,429.2022705078125,0.010225574382487567,442.68827056884766,439.1363134765625,-0.011068044804395272
2022-01-20,421.43853759765625,432.749212360242,419.3160155840139,428.04193941787696,122379700,-0.011068044804395272,426.1552429199219,444.3334655761719,436.8244323730469,0.009597490429955755,441.9189758300781,438.7488201904297,-0.019630697210033077
2022-01-21,413.1654052734375,422.6742906855869,413.1371061330772,420.3159330270776,202271200,-0.019630697210033077,421.43853759765625,438.211181640625,441.192138671875,0.01012062510574452,440.51763916015625,438.2250048828125,0.004246818948246078
2022-01-24,414.9200439453125,415.4294573025682,396.9210694706066,407.5525363125253,251783900,0.004246818948246078,413.1654052734375,438.390380859375,443.9372253417969,0.010147323180534564,439.06678009033203,437.8069744873047,-0.012208942270209744
2022-01-25,409.8543090820313,414.8068607349304,402.9490301538802,408.52419175491247,167997300,-0.012208942270209744,414.9200439453125,430.6266479492188,450.2199401855469,0.010092430345728888,437.0484985351562,437.2848107910156,-0.0025086920386184763
2022-01-26,408.82611083984375,418.8821535497448,404.5621808360109,415.75024698500334,186391100,-0.0025086920386184763,409.8543090820313,426.1552429199219,449.85198974609375,0.010020883540027847,434.99720458984376,436.67627868652346,-0.004938187189497123
2022-01-27,406.8072509765625,416.570857381139,405.1186876310889,413.42953766606337,149878300,-0.004938187189497123,408.82611083984375,421.43853759765625,450.4275207519531,0.009996462252338868,432.8161911010742,436.02435974121096,0.024835599605709024
2022-01-28,416.9105529785156,416.9577086247044,403.5811085016075,408.1657427915105,164457400,0.024835599605709024,406.8072509765625,413.1654052734375,449.1823120117188,0.010681600149566737,431.2026031494141,435.5397253417969,0.018010844482508004
2022-01-31,424.4194641113281,424.7684964246404,414.891693794857,416.2406674122429,152251400,0.018010844482508004,416.9105529785156,414.9200439453125,448.05023193359375,0.01119489428032685,430.0210647583008,435.2267034912109,0.006757061378288798
2022-02-01,427.2872924804688,427.9287589149775,421.61779092107525,425.1458850994215,123155400,0.006757061378288798,424.4194641113281,409.8543090820313,450.6444396972656,0.011129991581393488,428.85320739746095,434.9411444091797,0.009713991865069938
2022-02-02,431.4379577636719,432.16432156191325,427.3815652994968,429.6927673307446,117361000,0.009713991865069938,427.2872924804688,408.82611083984375,450.4934997558594,0.01110769186420448,427.9004302978516,434.7543914794922,-0.02350481444235797
2022-02-03,421.2970886230469,427.3061803398797,420.4574993371218,425.40063739567904,118024400,-0.02350481444235797,431.4379577636719,406.8072509765625,441.8429565429688,0.011413235222234074,426.87313690185545,434.389638671875,0.004702043011321377
2022-02-04,423.2780456542969,427.1268727004783,418.6839407358892,421.06118368926354,118454400,0.004702043011321377,421.2970886230469,416.9105529785156,441.4279174804688,0.011275071758960845,425.96564331054685,434.05284790039065,-0.0032093064335010357
2022-02-07,421.9196166992188,425.4382678088837,420.58949956003295,424.04213853628335,84472900,-0.0032093064335010357,423.2780456542969,424.4194641113281,439.6827697753906,0.011188706951065506,425.0774856567383,433.6653875732422,0.008227934806084525
2022-02-08,425.3911437988281,426.31563040935833,419.99522006477935,421.4196773714475,81012000,0.008227934806084525,421.9196166992188,427.2872924804688,439.13568115234375,0.010950223229337044,424.3902587890625,433.54420288085936,0.014636259698087795
2022-02-09,431.6172790527344,431.9380123033958,429.23062177963686,429.42871580152007,92589900,0.014636259698087795,425.3911437988281,431.4379577636719,443.1354370117188,0.01135553851344002,423.8143508911133,433.44169250488284,-0.017965621019519262
2022-02-10,423.8630065917969,431.7776416870408,421.863123457987,425.7685496405388,140103700,-0.017965621019519262,431.6172790527344,421.2970886230469,444.3334655761719,0.011740923145353192,422.7908279418945,433.3540545654297,-0.01971878322514209
2022-02-11,415.50494384765625,426.0232149227556,414.0710725267029,423.947877125735,153214600,-0.01971878322514209,423.8630065917969,423.2780456542969,438.211181640625,0.012180907310067391,421.65551605224607,433.1943884277344,-0.003269344866269952
2022-02-14,414.1465148925781,416.5803564325104,410.67501887954,414.995546790282,123006300,-0.003269344866269952,415.50494384765625,421.9196166992188,438.390380859375,0.012181670084750022,420.4433227539063,432.87782775878907,0.016126739614227725
2022-02-15,420.8253479003906,420.9951427431811,418.0707734780917,418.5896294380124,88482700,0.016126739614227725,414.1465148925781,425.3911437988281,430.6266479492188,0.01256576197886614,419.95325775146483,432.76967041015627,0.0011209893249299885
2022-02-16,421.2970886230469,422.6743616661116,416.90110575473415,418.7783495538221,84863600,0.0011209893249299885,420.8253479003906,431.6172790527344,426.1552429199219,0.012576032902425809,419.7103500366211,432.56998779296873,-0.02136136575399905
2022-02-17,412.297607421875,421.2688111349309,411.69388269891886,418.1086054216569,102259100,-0.02136136575399905,421.2970886230469,423.8630065917969,421.43853759765625,0.012682678913054059,419.25330352783203,432.0118963623047,-0.006475049014934564
2022-02-18,409.6279602050781,413.8069639993618,407.3544994602663,412.55230132343786,132642900,-0.006475049014934564,412.297607421875,415.50494384765625,413.1654052734375,0.012703559689431671,419.07643127441406,431.3770989990234,-0.010731977772859058
2022-02-22,405.2318420410156,410.8258588818676,401.73201893335295,407.4204046164104,124391800,-0.010731977772859058,409.6279602050781,414.1465148925781,414.9200439453125,0.012791916588114073,418.5920211791992,430.71397705078124,-0.017738341668651736
2022-02-23,398.043701171875,408.7129111688608,397.4776894566013,408.146899453587,132578000,-0.017738341668651736,405.2318420410156,420.8253479003906,409.8543090820313,0.013081186222831475,418.0014907836914,429.8245574951172,0.015048881032540207
2022-02-24,404.0338134765625,404.4677720037459,387.3744006844994,387.7328468581733,213942900,0.015048881032540207,398.043701171875,421.2970886230469,408.82611083984375,0.01331657024287311,417.76187591552736,429.13333923339843,0.022063948613907813
2022-02-25,412.9483947753906,413.03329219005104,403.61871876539095,405.2695690015004,121804500,0.022063948613907813,404.0338134765625,412.297607421875,406.8072509765625,0.014050819238146186,418.0689331054688,428.68076477050784,-0.002558402092067591
2022-02-28,411.8919067382813,413.37296233027865,406.29788900505855,407.5525226744369,145615000,-0.002558402092067591,412.9483947753906,409.6279602050781,416.9105529785156,0.013884282503541344,417.81800079345703,428.07094116210936,-0.015230267393768537
2022-03-01,405.6186828613281,412.4013221597528,402.9112639395008,410.3919967190823,137785900,-0.015230267393768537,411.8919067382813,405.2318420410156,424.4194641113281,0.014084068339344715,416.87796173095705,427.41367614746093,0.018396226166669916
2022-03-02,413.0805358886719,414.8068411449072,407.1186004140651,407.8732634005898,117726500,0.018396226166669916,405.6186828613281,398.043701171875,427.2872924804688,0.014280030641159869,416.16762390136716,426.9989825439453,-0.004978419117921407
2022-03-03,411.0240478515625,416.1180952528959,409.22225892771945,415.51437058927706,105501700,-0.004978419117921407,413.0805358886719,404.0338134765625,431.4379577636719,0.014195151112390881,415.14692840576174,426.63541809082034,-0.008124699853791495
2022-03-04,407.6846008300781,408.8165952787163,403.63765086397046,407.2883840604993,113978200,-0.008124699853791495,411.0240478515625,412.9483947753906,421.2970886230469,0.014133969654096915,414.46630401611327,426.05262145996096,-0.029479207626853188
2022-03-07,395.6663818359375,407.8072026908735,395.6003409109695,407.0996953796204,137896600,-0.029479207626853188,407.6846008300781,411.8919067382813,423.2780456542969,0.014685036677230041,413.0857208251953,425.14210632324216,-0.00758160539956354
2022-03-08,392.6665954589844,403.005628566312,391.6006130681472,395.8456573433794,164772700,-0.00758160539956354,395.6663818359375,405.6186828613281,421.9196166992188,0.01468873352684077,411.6230697631836,424.11669372558595,0.02681057805769682
2022-03-09,403.1942138671875,405.175239820648,398.8642731796688,401.05283573374976,116990800,0.02681057805769682,392.6665954589844,413.0805358886719,425.3911437988281,0.015437442235313483,410.5132232666016,423.1761791992187,-0.004515409932948189
2022-03-10,401.3736267089844,402.2697853678107,396.61916949340304,398.5813104458791,93972700,-0.004515409932948189,403.1942138671875,411.0240478515625,431.6172790527344,0.015451097905639926,409.00104064941405,422.20661193847656,-0.012715048443185717
2022-03-11,396.2701416015625,404.4772092709991,395.7607282684723,403.8640420157582,95636300,-0.012715048443185717,401.3736267089844,407.6846008300781,423.8630065917969,0.015592755535305577,407.6213973999023,421.12346435546874,-0.007308290039722776
2022-03-14,393.37408447265625,400.4963135753872,392.2326473482891,397.0437030599808,95729200,-0.007308290039722776,396.2701416015625,395.6663818359375,415.50494384765625,0.014860722759185058,406.51485443115234,420.0072998046875,0.02199047298535417
2022-03-15,402.0245666503906,402.6565904451957,394.71365716973366,395.9871474032673,106219100,0.02199047298535417,393.37408447265625,392.6665954589844,414.1465148925781,0.015060345408755336,405.908757019043,419.08678649902345,0.022174296189612086
2022-03-16,410.9391784667969,410.9957767582318,400.7321976792803,405.5338401149026,144954800,0.022174296189612086,402.0245666503906,403.1942138671875,420.8253479003906,0.015611678254101827,405.4144485473633,418.29268127441406,0.012510791342864591
2022-03-17,416.0803527832031,416.0803527832031,408.6468044640496,409.02413595065417,102676900,0.012510791342864591,410.9391784667969,401.3736267089844,421.2970886230469,0.015687155304099896,405.1536117553711,417.60441833496094,0.010952741287832302
2022-03-18,420.6375732421875,420.9593028336933,413.7297868077792,414.4678791360529,106345500,0.010952741287832302,416.0803527832031,396.2701416015625,412.297607421875,0.015244496377456356,405.5706100463867,417.1803106689453,-0.00029237958676819886
2022-03-21,420.51458740234375,422.47335203270006,417.00389114982016,420.4672563901048,88349800,-0.00029237958676819886,420.6375732421875,393.37408447265625,409.6279602050781,0.015219304677305973,406.11494140625,416.7620440673828,0.011701434211101258
2022-03-22,425.4352111816406,426.3720129518308,421.9055997031732,421.9055997031732,74650400,0.011701434211101258,420.51458740234375,402.0245666503906,405.2318420410156,0.015357327101537612,407.12510986328124,416.47709289550784,-0.01287837068844866
2022-03-23,419.956298828125,424.3943252385868,419.871137651901,422.8992253482364,79426100,-0.01287837068844866,425.4352111816406,410.9391784667969,398.043701171875,0.015468955165551477,408.2207397460937,416.09350524902345,0.015074127644187252
2022-03-24,426.2867736816406,426.2962456583462,420.86464457725936,421.9812404653612,64736900,0.015074127644187252,419.956298828125,416.0803527832031,404.0338134765625,0.015483746273888401,409.33338775634763,415.75653198242185,0.00488375148055642
2022-03-25,428.36865234375,428.64307980821,424.33751705816746,426.92085470819296,77101300,0.00488375148055642,426.2867736816406,420.6375732421875,412.9483947753906,0.015142957222774773,410.1044006347656,415.43723571777343,0.007113025319759769
2022-03-28,431.4156494140625,431.4156494140625,425.8799424500739,427.7724898649088,68529800,0.007113025319759769,428.36865234375,420.51458740234375,411.8919067382813,0.014695614377900429,411.08058776855466,415.3013250732422,0.012370913346520851
2022-03-29,436.7526550292969,437.2447358806616,432.61744319877937,435.3048572896743,86581500,0.012370913346520851,431.4156494140625,425.4352111816406,405.6186828613281,0.014802842229423224,412.6372863769531,415.2685705566406,-0.0061749594434857835
2022-03-30,434.05572509765625,436.4214091697429,431.9455245092824,435.6075988323958,79666900,-0.0061749594434857835,436.7526550292969,419.956298828125,413.0805358886719,0.014621535186991426,413.68604583740233,415.3371520996094,-0.015391188639244047
2022-03-31,427.3750915527344,434.112556051826,426.9208697553412,433.2893025074121,121699900,-0.015391188639244047,434.05572509765625,426.2867736816406,411.0240478515625,0.014929646502342048,414.50359802246095,415.36154907226563,0.0028341442908630388
2022-04-01,428.5863342285156,429.0973012788602,425.0094204861831,428.9553659870978,89048800,0.0028341442908630388,427.3750915527344,428.36865234375,407.6846008300781,0.014345283469355019,415.54868469238284,415.5045050048828,0.008566555897475014
2022-04-04,432.2578430175781,432.3619481479705,427.9617809293799,428.7850344820085,59601000,0.008566555897475014,428.5863342285156,431.4156494140625,395.6663818359375,0.014323693915187525,417.37825775146484,415.8863537597656,-0.012631329988050832
2022-04-05,426.7978515625,433.2325015603828,425.6528684021026,430.7627409154782,74214500,-0.012631329988050832,432.2578430175781,436.7526550292969,392.6665954589844,0.014385486317162289,419.08482055664064,416.12390991210935,-0.009999419390858022
2022-04-06,422.5301208496094,424.8106439250677,419.64399762453365,422.8802663750546,106898000,-0.009999419390858022,426.7978515625,434.05572509765625,403.1942138671875,0.014088814585715509,420.0516159057617,416.37742614746094,0.005038905513262915
2022-04-07,424.6592102050781,426.4760682966739,419.7007455820255,421.65006696641547,78097200,0.005038905513262915,422.5301208496094,427.3750915527344,401.3736267089844,0.013888378757853995,421.2158950805664,416.69408813476565,-0.002674047930063428
2022-04-08,423.5236511230469,426.41924581714,421.9812206473223,423.9021547597825,79272700,-0.002674047930063428,424.6592102050781,428.5863342285156,396.2701416015625,0.013365478337787867,422.5785705566406,417.02841613769533,-0.0170921319268601
2022-04-11,416.2847290039063,421.09178658035466,415.7832051098399,420.2495891457632,89770500,-0.0170921319268601,423.5236511230469,432.2578430175781,393.37408447265625,0.013754017626195094,423.72410278320314,417.0158996582031,-0.0037050563976441797
2022-04-12,414.7423706054688,421.8015653862198,413.1904676419976,419.2750015198809,84363600,-0.0037050563976441797,416.2847290039063,426.7978515625,402.0245666503906,0.013458873997611894,424.35999298095703,416.8223577880859,0.011453555254719472
2022-04-13,419.4926452636719,420.2496527692532,414.3165263078503,414.4963206440733,74070400,0.011453555254719472,414.7423706054688,422.5301208496094,410.9391784667969,0.013203666419984024,424.7876663208008,416.66646484375,-0.012451899416081935
2022-04-14,414.2691650390625,420.8363067294956,414.16505991706254,419.7196818328597,97869500,-0.012451899416081935,419.4926452636719,424.6592102050781,416.0803527832031,0.01338180176682489,424.6971069335938,416.3230889892578,0.0004110566276913641
2022-04-18,414.439453125,416.12381899160926,412.20623239424935,413.3417722746959,66002500,0.0004110566276913641,414.2691650390625,423.5236511230469,420.6375732421875,0.013285827437717909,424.3872009277344,416.18593627929687,0.016142733266413023
2022-04-19,421.129638671875,421.848787018053,414.1650495021856,414.33537183065033,77821000,0.016142733266413023,414.439453125,416.2847290039063,420.51458740234375,0.012294227562144155,424.41795349121094,416.1429681396484,-0.0007415445228172723
2022-04-20,420.8173522949219,423.523709985774,419.6534541721469,422.9086378808468,65224400,-0.0007415445228172723,421.129638671875,414.7423706054688,425.4352111816406,0.012170252687478128,424.187060546875,416.1209228515625,-0.014953431791492888
2022-04-21,414.5246887207031,425.8326719146392,413.6162739800087,424.4416483063958,85417300,-0.014953431791492888,420.8173522949219,419.4926452636719,419.956298828125,0.01165739605181278,423.9154800415039,415.90359375,-0.027439227071491934
2022-04-22,403.15045166015625,414.54356611501663,402.5826816695929,413.43644206750025,132471800,-0.027439227071491934,414.5246887207031,414.2691650390625,426.2867736816406,0.012732441762720084,422.7586639404297,415.3342572021484,0.005797538521444379
2022-04-25,405.48773193359375,405.6580542602697,396.3372530107698,400.9077709224342,119647700,0.005797538521444379,403.15045166015625,414.439453125,428.36865234375,0.012530647516742693,421.6146179199219,414.96675170898436,-0.028960740789019557
2022-04-26,393.7445068359375,403.1504700703284,393.7161197790121,402.9517317938679,103996300,-0.028960740789019557,405.48773193359375,421.129638671875,431.4156494140625,0.013594722685086104,419.73106079101564,414.53154296875,0.0028118416830591464
2022-04-27,394.8516540527344,400.198124069915,392.7130949238464,394.8232669941469,122030000,0.0028118416830591464,393.7445068359375,420.8173522949219,436.7526550292969,0.012967312462071626,417.6360107421875,414.1456457519531,0.025259266936605185
2022-04-28,404.8253173828125,406.5570142890086,395.1638717530579,399.6018973665393,105449100,0.025259266936605185,394.8516540527344,414.5246887207031,434.05572509765625,0.013164209894143587,416.1744903564453,413.82564514160157,-0.03695547094392615
2022-04-29,389.8648071289063,402.9896201658994,389.1172427381389,400.83211704855785,145491100,-0.03695547094392615,404.8253173828125,403.15045166015625,427.3750915527344,0.014517668741685445,414.2989761352539,413.19699951171873,0.006019370509326993
2022-05-02,392.2115478515625,393.5741843394114,383.2597775315031,389.93102468617633,158312500,0.006019370509326993,389.8648071289063,405.48773193359375,428.5863342285156,0.014392538007746097,412.48023681640626,412.7952783203125,0.004583960084618921
2022-05-03,394.0094299316406,396.4224162058567,391.1516650055243,392.71303964199615,100028200,0.004583960084618921,392.2115478515625,393.7445068359375,432.2578430175781,0.014442609826715127,410.56781616210935,412.48290771484375,0.030452948248925527
2022-05-04,406.0081787109375,406.5759486887727,391.4828720947245,394.67180974349054,144247900,0.030452948248925527,394.0094299316406,394.8516540527344,426.7978515625,0.015430944935019624,409.52833251953126,412.49843444824216,-0.03554271638255824
2022-05-05,391.5775451660156,402.16635092774,387.44233342518896,401.7405161814466,172929100,-0.03554271638255824,406.0081787109375,404.8253173828125,422.5301208496094,0.01652614567632568,407.98070373535154,412.369111328125,-0.005968882287278654
2022-05-06,389.2402648925781,392.5143641838962,383.9316826887412,389.01316841951103,151770800,-0.005968882287278654,391.5775451660156,389.8648071289063,424.6592102050781,0.016211406136806286,406.2097564697266,412.0732403564453,-0.03201732704803162
2022-05-09,376.77783203125,384.5751184962438,375.1975421612319,383.3355021930368,155586100,-0.03201732704803162,389.2402648925781,392.2115478515625,423.5236511230469,0.01698220648575333,403.8724655151367,411.3498291015625,0.002310417020350064
2022-05-10,377.6483459472656,384.26278949238593,373.6077678745922,382.7582178604821,132497200,0.002310417020350064,376.77783203125,394.0094299316406,416.2847290039063,0.016894997592529125,401.9406463623047,410.6649578857422,-0.01588593769861457
2022-05-11,371.6490478515625,382.3324875102671,370.90148343777554,376.6832315730373,142361000,-0.01588593769861457,377.6483459472656,406.0081787109375,414.7423706054688,0.01672098983033028,399.7859802246094,409.9855651855469,-0.0010439148786897112
2022-05-12,371.2610778808594,374.5351773075326,364.4573666067644,368.45064339852814,125090800,-0.0010439148786897112,371.6490478515625,391.5775451660156,419.4926452636719,0.016737226041735023,397.37440185546876,409.1491760253906,0.023907558787431782
2022-05-13,380.1370239257813,381.5185752675218,374.35527733219214,375.3961840463711,104174400,0.023907558787431782,371.2610778808594,389.2402648925781,414.2691650390625,0.017424457829526417,395.6677947998047,408.531435546875,-0.004057455125225595
2022-05-16,378.5946350097656,382.26618152652463,376.2384227760437,378.4905587658896,78622400,-0.004057455125225595,380.1370239257813,376.77783203125,414.439453125,0.01738004496302903,393.875553894043,407.94963623046874,0.020570557825866587
2022-05-17,386.3825378417969,386.6191062996921,380.9509064114928,384.68869959743125,83029700,0.020570557825866587,378.5946350097656,377.6483459472656,421.129638671875,0.01781165387390693,392.13819885253906,407.76395935058594,-0.04031171987198778
2022-05-18,370.8067932128906,382.1053033485448,369.5671769928699,381.82143279357103,117674500,-0.04031171987198778,386.3825378417969,371.6490478515625,420.8173522949219,0.018975683378236654,389.6376708984375,407.3267633056641,-0.006124637332634797
2022-05-19,368.5357360839844,372.96431881468,366.3119871799564,367.7408696651366,98510700,-0.006124637332634797,370.8067932128906,371.2610778808594,414.5246887207031,0.018950139882021228,387.3382232666016,406.63359375,0.0004366447367167847
2022-05-20,368.6966552734375,375.69907542713753,360.09503013105126,372.1221617156701,131432200,0.0004366447367167847,368.5357360839844,380.1370239257813,403.15045166015625,0.018889858770331405,385.61553344726565,405.98005432128906,0.018709837195065804
2022-05-23,375.5949096679688,376.36138893220135,369.4062725734452,371.72462544104593,76414900,0.018709837195065804,368.6966552734375,378.5946350097656,405.48773193359375,0.019359745027224914,384.1208923339844,405.56654968261716,-0.007633641747052833
2022-05-24,372.7277526855469,373.92003788214953,366.1700541533183,371.4691925228241,91448800,-0.007633641747052833,375.5949096679688,386.3825378417969,393.7445068359375,0.01921248577573681,383.07005462646487,405.153623046875,0.008834946583476944
2022-05-25,376.0207824707031,377.9890479746067,370.8352209811501,371.2326397707966,91472900,0.008834946583476944,372.7277526855469,370.8067932128906,394.8516540527344,0.019343781160586184,382.1285110473633,404.63354736328125,0.019981253828182055
2022-05-26,383.5341491699219,385.1712128882923,377.04272615796106,377.2509075043551,82168300,0.019981253828182055,376.0207824707031,368.5357360839844,404.8253173828125,0.019625317552630563,381.06395263671874,404.08544677734375,0.024549305052886883
2022-05-27,392.94964599609375,393.0631942254229,385.7958187685275,385.9945281698536,84768700,0.024549305052886883,383.5341491699219,368.6966552734375,389.8648071289063,0.0201531035014347,381.21819458007815,403.6228326416016,-0.005611061173917076
2022-05-31,390.7447814941406,394.0851264101224,388.0005936135915,391.3314665518741,95937000,-0.005611061173917076,392.94964599609375,375.5949096679688,392.2115478515625,0.02016276352974713,381.14485626220704,403.0249768066406,-0.008088457250413406
2022-06-01,387.5842590332031,393.876973650232,385.06716741079504,392.8644826922193,86585800,-0.008088457250413406,390.7447814941406,372.7277526855469,394.0094299316406,0.019904440084006388,380.82359771728517,402.36637023925783,0.019043316957683576
2022-06-02,394.9651489257813,395.01245105424977,385.1712114606002,387.4233472328848,79609600,0.019043316957683576,387.5842590332031,376.0207824707031,406.0081787109375,0.02029113416936478,380.27144622802734,401.7569689941406,-0.016411483719405928
2022-06-03,388.4831848144531,391.7951425251517,387.50852412899536,390.2432399078514,71874300,-0.016411483719405928,394.9651489257813,383.5341491699219,391.5775451660156,0.02032516886334595,380.1167282104492,401.1275067138672,0.003044977001633198
2022-06-06,389.6661071777344,394.22712507510215,388.492707995611,392.4954566785765,57508900,0.003044977001633198,388.4831848144531,392.94964599609375,389.2402648925781,0.019761606846077712,380.13802032470704,400.39509338378906,0.009592061888797465
2022-06-07,393.40380859375,393.8580303540427,385.7105989918035,386.1742927298047,59272400,0.009592061888797465,389.6661071777344,390.7447814941406,376.77783203125,0.019818301561485983,380.96931915283204,399.69579650878904,-0.01087211164081514
2022-06-08,389.1266784667969,393.4795433339592,388.3318120110861,391.6910721501235,64350000,-0.01087211164081514,393.40380859375,387.5842590332031,377.6483459472656,0.01919797935146033,381.5432357788086,398.85001708984373,-0.023782943059013184
2022-06-09,379.8721008300781,389.6187079884176,379.8721008300781,387.34765697732666,86289800,-0.023782943059013184,389.1266784667969,394.9651489257813,371.6490478515625,0.01966186516328765,381.9543884277344,397.71240600585935,-0.02899575654808395
2022-06-10,368.857421875,374.5161481558554,368.8101197482245,373.6645077280553,132893900,-0.02899575654808395,379.8721008300781,388.4831848144531,371.2610778808594,0.019648883735099244,381.8342056274414,396.40843994140624,-0.0379680343385137
2022-06-13,354.8526306152344,361.2967520769685,353.2439538052529,359.4420637467876,170004900,-0.0379680343385137,368.857421875,389.6661071777344,380.1370239257813,0.019710158507678013,380.5699859619141,394.95799072265623,-0.003013378872429251
2022-06-14,353.7833251953125,357.6346658846879,350.679548775885,356.6032310706992,104011800,-0.003013378872429251,354.8526306152344,393.40380859375,378.5946350097656,0.019637392161075275,379.3294204711914,393.46193054199216,0.014256210680241077
2022-06-15,358.8269348144531,363.27440308718553,352.1273020375545,357.085766103299,125666800,0.014256210680241077,353.7833251953125,389.1266784667969,386.3825378417969,0.019848603344621563,377.9516403198242,391.99331237792967,-0.033095904326239434
2022-06-16,346.95123291015625,351.01075501197846,344.51930266450194,350.6038642674316,134473300,-0.033095904326239434,358.8269348144531,379.8721008300781,370.8067932128906,0.019552840760526064,376.7588623046875,390.3963800048828,0.0021557058564514175
2022-06-17,347.6991577148437,351.0444479219139,344.19235133733406,347.3665544750161,111113900,0.0021557058564514175,346.95123291015625,368.857421875,368.5357360839844,0.01871847189712027,375.71703338623047,388.8997607421875,0.02517368379569751
2022-06-21,356.4520263671875,357.839545770176,353.35383919081494,353.4298843377524,76811900,0.02517368379569751,347.6991577148437,354.8526306152344,368.6966552734375,0.01944260963951822,375.104801940918,387.5356170654297,-0.001812893935216997
2022-06-22,355.8058166503906,359.9208687301767,351.8047742948576,352.2229356289405,90059400,-0.001812893935216997,356.4520263671875,353.7833251953125,375.5949096679688,0.01863998389419956,374.11534729003904,386.18126037597654,0.009802518130773041
2022-06-23,359.2936096191406,360.0253774175742,354.380257681737,357.944112743824,79292100,0.009802518130773041,355.8058166503906,358.8269348144531,372.7277526855469,0.01874598369773483,373.4436401367187,385.04143798828125,0.03179388538487782
2022-06-24,370.7169494628906,370.7264623574381,362.4393100729595,362.46781975387455,98050300,0.03179388538487782,359.2936096191406,346.95123291015625,376.0207824707031,0.019489682375291584,373.17844848632814,384.1609295654297,-0.0038195855610955176
2022-06-27,369.3009643554688,371.93345521638525,368.2080544530602,371.6388454775464,66009600,-0.0038195855610955176,370.7169494628906,347.6991577148437,383.5341491699219,0.019501889414177395,372.46678924560547,383.15709594726565,-0.020433006364464545
2022-06-28,361.7550354003906,373.6440649503389,361.6409966809316,370.859513206885,86548900,-0.020433006364464545,369.3009643554688,356.4520263671875,392.94964599609375,0.019307436730415503,370.9070587158203,382.1068133544922,-0.0008143250343829456
2022-06-29,361.46044921875,363.2946397490487,359.63577158326706,362.3062847809654,65676000,-0.0008143250343829456,361.7550354003906,355.8058166503906,390.7447814941406,0.019301525662627435,369.4428421020508,381.0472332763672,-0.008124305153112799
2022-06-30,358.5238342285156,361.7645700473963,354.0666369910496,357.5639599441416,112508300,-0.008124305153112799,361.46044921875,359.2936096191406,387.5842590332031,0.01888366709558129,367.9898208618164,379.7951171875,0.010576510653757198
2022-07-01,362.3157653808594,362.7529525002182,355.2450743514729,357.8680810567147,74839700,0.010576510653757198,358.5238342285156,370.7169494628906,394.9651489257813,0.017594684861276508,366.3573516845703,378.6250854492188,0.001888672036055583
2022-07-05,363.00006103515625,363.0190868264124,354.3897883879628,357.2218760257325,81438000,0.001888672036055583,362.3157653808594,369.3009643554688,388.4831848144531,0.017569069764563187,365.0831954956055,377.5945928955078,0.0033772780779746103
2022-07-06,364.22601318359375,366.7159554565062,360.7571998109625,363.1425872465519,70426200,0.0033772780779746103,363.00006103515625,361.7550354003906,389.6661071777344,0.01758183490022402,363.8111907958984,376.81610412597655,0.01497701123037043
2022-07-07,369.6810302734375,370.4793302796413,364.2449625145711,366.0031367080708,64525900,0.01497701123037043,364.22601318359375,361.46044921875,393.40380859375,0.017455736787821072,362.6250518798828,376.09997009277345,-0.0008223741235962034
2022-07-08,369.37701416015625,371.2492274610429,366.5164167860133,368.0464848680788,72397800,-0.0008223741235962034,369.6810302734375,358.5238342285156,389.1266784667969,0.017402365085982672,361.63756866455077,375.6126202392578,-0.01142390132773774
2022-07-11,365.15728759765625,367.6662260380733,364.4635134934426,366.69686807289065,58366900,-0.01142390132773774,369.37701416015625,362.3157653808594,379.8721008300781,0.017434565491699555,360.9018280029297,375.01873291015625,-0.008848792784974302
2022-07-12,361.9260864257813,366.99152847059673,360.17742508846254,364.6061122917404,62219200,-0.008848792784974302,365.15728759765625,363.00006103515625,368.857421875,0.017037979003849353,360.5552612304688,374.16074829101564,-0.005251528846603182
2022-07-13,360.0254211425781,362.9620635927919,356.0624300737601,356.4805914387153,84224600,-0.005251528846603182,361.9260864257813,364.22601318359375,354.8526306152344,0.01630220533755259,360.81390075683595,373.56396057128904,-0.002428688634437348
2022-07-14,359.1510314941406,360.23442826193605,352.6220542011667,355.06446062617965,89704800,-0.002428688634437348,360.0254211425781,369.6810302734375,353.7833251953125,0.01629352411236778,361.08228607177733,372.90275024414063,0.019105147136110112
2022-07-15,366.0126647949219,366.1267035144383,361.6505097570627,363.56071631441466,79060400,0.019105147136110112,359.1510314941406,369.37701416015625,358.8269348144531,0.016732629276385046,361.44157257080076,372.34281494140623,-0.00825697046142404
2022-07-18,362.9905090332031,369.7760736131692,361.764534839165,369.1013252129824,63203600,-0.00825697046142404,366.0126647949219,365.15728759765625,346.95123291015625,0.016298329073753046,362.2435363769531,371.4824615478516,0.027019187819418367
2022-07-19,372.7982177734375,373.3684403556091,366.2597563730755,366.9154789894388,78506000,0.027019187819418367,362.9905090332031,361.9260864257813,347.6991577148437,0.0169524059715583,363.4984893798828,371.106875,0.006373194436213092
2022-07-20,375.1741333007813,376.5901914099878,371.619791193265,372.9883138341461,71843800,0.006373194436213092,372.7982177734375,360.0254211425781,356.4520263671875,0.016992213669104184,364.4345947265625,370.82555236816404,0.010183178286514938
2022-07-21,378.9945983886719,379.0421048535145,372.1900078667484,374.59442084284586,64903900,0.010183178286514938,375.1741333007813,359.1510314941406,355.8058166503906,0.01700540406191814,365.5940338134766,370.8698876953125,-0.009278039632350521
2022-07-22,375.478271484375,380.315607393985,373.2544293512537,379.1181717855212,72197300,-0.009278039632350521,378.9945983886719,366.0126647949219,359.2936096191406,0.016976291240398695,366.4032669067383,370.8264862060547,0.0012148405776746252
2022-07-25,375.9344177246094,376.7897370743224,373.6915500269605,376.1054757940071,53631500,0.0012148405776746252,375.478271484375,362.9905090332031,370.7169494628906,0.016426569140514363,366.66414031982424,370.9121936035156,-0.011830952804044004
2022-07-26,371.48675537109375,374.4993845551237,370.59341339787153,374.2903039017584,52946400,-0.011830952804044004,375.9344177246094,372.7982177734375,369.3009643554688,0.01567114274735785,366.77342987060547,370.9167071533203,0.02596633269470039
2022-07-27,381.1329040527344,382.8815653652331,374.4898588407444,374.7844685236655,82342100,0.02596633269470039,371.48675537109375,375.1741333007813,361.7550354003906,0.014589657344561007,367.74232330322263,370.9366247558594,0.012542354397238498
2022-07-28,385.9132080078125,386.6069531734175,378.3863339855172,381.9407048584432,73966600,0.012542354397238498,381.1329040527344,378.9945983886719,361.46044921875,0.0146636734316737,368.96496124267577,371.0829962158203,0.014578900304010878
2022-07-29,391.5393981933594,392.5277822061919,386.5785103442153,387.3483007860886,87003700,0.014578900304010878,385.9132080078125,375.478271484375,358.5238342285156,0.01467232661620503,370.615739440918,371.1861334228516,-0.0029613491480841025
2022-08-01,390.3799133300781,392.8888811641739,388.1275616169894,388.84033261494034,69997500,-0.0029613491480841025,391.5393981933594,375.9344177246094,362.3157653808594,0.013057449860500695,372.0189468383789,371.5775958251953,-0.006597342441964971
2022-08-02,387.804443359375,392.4992306662549,386.6260045869153,388.8118240524892,63435400,-0.006597342441964971,390.3799133300781,371.48675537109375,363.00006103515625,0.013197601754636107,373.25916595458983,371.9629699707031,0.015659477464466942
2022-08-03,393.8772583007813,395.0461841555904,389.6481388511842,389.9332356443753,67820600,0.015659477464466942,387.804443359375,381.1329040527344,364.22601318359375,0.012771962421423338,374.7417282104492,372.46658203125,-0.0006753924551605728
2022-08-04,393.6112365722656,394.4855529137482,391.967100730618,393.8012914712816,45656600,-0.0006753924551605728,393.8772583007813,385.9132080078125,369.6810302734375,0.012757597129544225,375.9382385253906,372.82690856933596,-0.0016903588527485969
2022-08-05,392.9458923339844,393.59213106467,389.2679987016488,389.3250180600784,56814900,-0.0016903588527485969,393.6112365722656,391.5393981933594,369.37701416015625,0.012732786892368987,377.116682434082,373.2312713623047,-0.001160837278448179
2022-08-08,392.48974609375,396.8899240250277,391.3873233872075,394.63757214293867,53886100,-0.001160837278448179,392.9458923339844,390.3799133300781,365.15728759765625,0.01153406971787019,378.4833053588867,373.56065063476564,-0.0039708877247239815
2022-08-09,390.9312133789063,392.26171369385696,389.8573002309609,391.7580232530995,44931800,-0.0039708877247239815,392.48974609375,387.804443359375,361.9260864257813,0.011536720511814749,379.93356170654295,373.70859191894533,0.02100376938890225
2022-08-10,399.1422424316406,399.284819832152,396.0345713490144,397.9923133525369,68665700,0.02100376938890225,390.9312133789063,393.8772583007813,360.0254211425781,0.011239569203711816,381.88940277099607,373.83244384765624,0.0
2022-08-11,399.1422424316406,403.8560554717358,398.4009617604305,401.993326398253,59489700,0.0,399.1422424316406,393.6112365722656,359.1510314941406,0.01123015889123585,383.8889633178711,374.0003930664063,0.016928926187771642
2022-08-12,405.8992919921875,406.0038178074316,400.1305922963823,401.08095353775815,61694500,0.016928926187771642,399.1422424316406,392.9458923339844,366.0126647949219,0.011277238539665438,385.8832946777344,374.36669372558595,0.004120820046873419
2022-08-15,407.5719299316406,408.0946460440883,403.6279363687809,403.6849557261061,54048300,0.004120820046873419,405.8992919921875,392.48974609375,362.9905090332031,0.011212907107301261,388.11236572265625,374.61882934570315,0.001958770428287071
2022-08-16,408.3702697753906,410.299502090017,405.69024389909407,406.4980568196023,59289000,0.001958770428287071,407.5719299316406,390.9312133789063,372.7982177734375,0.011212461115805664,389.8909683227539,375.0165710449219,-0.007098095374673541
2022-08-17,405.47161865234375,408.1801539962864,403.4663703502932,404.7683606131751,63563400,-0.007098095374673541,408.3702697753906,399.1422424316406,375.1741333007813,0.01139396384366287,391.40584259033204,375.3326812744141,0.0029064853376670197
2022-08-18,406.6501159667969,407.33434826924736,404.3787385083909,405.6712159722093,49023200,0.0029064853376670197,405.47161865234375,399.1422424316406,378.9945983886719,0.011191304111515267,392.78861846923826,375.597607421875,-0.013437936839700626
2022-08-19,401.1855773925781,404.1507003354797,400.3112321388549,403.88460030221233,68016900,-0.013437936839700626,406.6501159667969,405.8992919921875,375.478271484375,0.011579581253328402,394.07398376464846,375.83878540039063,-0.02082275822948776
2022-08-22,392.831787109375,396.5191930114004,391.9289324158871,396.3481059623517,77695600,-0.02082275822948776,401.1855773925781,407.5719299316406,375.9344177246094,0.012094017552722996,394.9188522338867,376.09797912597656,-0.002419145837981529
2022-08-23,391.8814697265625,394.7990857432436,391.3302439565368,392.4041568162922,49105200,-0.002419145837981529,392.831787109375,408.3702697753906,371.48675537109375,0.011941826896142527,395.93858795166017,376.5584600830078,0.003201421178690156
2022-08-24,393.1360473632813,394.5045412160434,390.9692243425392,391.65345676755487,49177800,0.003201421178690156,391.8814697265625,405.47161865234375,381.1329040527344,0.011846531145680886,396.53874511718755,377.32412841796884,0.014117296919908817
2022-08-25,398.6860656738281,398.7335721362402,393.5350948290324,394.6280044890293,50942300,0.014117296919908817,393.1360473632813,406.6501159667969,385.9132080078125,0.011969384530852953,397.17738800048835,378.2221832275391,-0.03384905786027326
2022-08-26,385.19091796875,399.1137045548559,385.1338986136642,398.57202068154095,103087000,-0.03384905786027326,398.6860656738281,401.1855773925781,391.5393981933594,0.0134146211064092,396.85996398925784,378.74946289062507,-0.006612139373864623
2022-08-29,382.64398193359375,385.69463364222986,381.28497221012304,382.2353335276929,65370800,-0.006612139373864623,385.19091796875,392.831787109375,390.3799133300781,0.01337544203493207,396.47316741943365,379.4633178710938,-0.010977887427804256
2022-08-30,378.443359375,384.0410012678557,376.34306905482566,383.8034109464827,85652400,-0.010977887427804256,382.64398193359375,391.8814697265625,387.804443359375,0.012691001649781469,396.00511322021487,380.078201904297,-0.0076089249495517874
2022-08-31,375.5638122558594,381.3230000374987,375.4307767408656,380.0780289198567,76029700,-0.0076089249495517874,378.443359375,393.1360473632813,393.8772583007813,0.012727570232626616,395.0894409179688,380.4604376220704,0.0031377790959636886
2022-09-01,376.74224853515625,377.084364690228,370.678938652205,373.3874742240931,78740100,0.0031377790959636886,375.5638122558594,398.6860656738281,393.6112365722656,0.012599708775138014,394.24599151611335,380.8791662597657,-0.01054443507499725
2022-09-02,372.7697143554688,381.62708880615634,370.954520756476,380.4106274783638,99632100,-0.01054443507499725,376.74224853515625,385.19091796875,392.9458923339844,0.012633519072054178,393.23718261718756,381.14868835449226,-0.003773091231558112
2022-09-06,371.36322021484375,374.5564205138696,369.1393780774377,373.6155720333937,76637400,-0.003773091231558112,372.7697143554688,382.64398193359375,392.48974609375,0.01264756107597159,392.1808563232422,381.1616137695313,0.017964915279447657
2022-09-07,378.0347290039063,378.80451936163286,370.8310028776724,371.04956742201074,70964200,0.017964915279447657,371.36322021484375,378.443359375,390.9312133789063,0.01288104531657497,391.53603210449216,381.3362890625001,0.006536377728347587
2022-09-08,380.5057067871094,380.9618617031352,374.5564350669581,375.7634126219765,80821700,0.006536377728347587,378.0347290039063,375.5638122558594,399.1422424316406,0.012024929912821967,390.6042053222656,381.71130249023446,0.015535099059535318
2022-09-09,386.4169006347656,387.2817328762808,382.48239103068937,382.7484910278691,76706900,0.015535099059535318,380.5057067871094,376.74224853515625,399.1422424316406,0.01214425936718658,389.9679382324219,382.21043151855474,0.010747893577602197
2022-09-12,390.570068359375,391.29235238310486,388.1846517040693,388.4887743459273,69256300,0.010747893577602197,386.4169006347656,372.7697143554688,405.8992919921875,0.012006281296986412,389.20147705078125,382.85135620117194,-0.043482677251488466
2022-09-13,373.5870361328125,383.0906492168183,372.46561674955393,381.88367179340526,122947100,-0.043482677251488466,390.570068359375,371.36322021484375,407.5719299316406,0.014391790972094417,387.50223236083986,383.076781616211,0.0038157282076836108
2022-09-14,375.0125427246094,376.5331264751755,371.70527524233233,374.8889911257345,85023700,0.0038157282076836108,373.5870361328125,378.0347290039063,408.3702697753906,0.014386776188971995,385.83434600830077,383.31703125000007,-0.011353135893648059
2022-09-15,370.7549743652344,376.3050813057856,369.4814936051546,373.4539971854713,87633800,-0.011353135893648059,375.0125427246094,380.5057067871094,405.47161865234375,0.014150480311938185,384.0985137939453,383.4476104736329,-0.007628921764844754
2022-09-16,367.926513671875,368.58495903524056,364.6342868550473,366.57147330224217,103084800,-0.007628921764844754,370.7549743652344,386.4169006347656,406.6501159667969,0.01418635015467625,382.1623336791992,383.41252014160165,0.007754920781114061
2022-09-19,370.7797546386719,370.7797546386719,364.701089599931,364.7774471288752,73278500,0.007754920781114061,367.926513671875,390.570068359375,401.1855773925781,0.01430121464450388,380.6420425415039,383.4405749511719,-0.011478462327210948
2022-09-20,366.5237731933594,368.4609306805626,363.7659614872204,367.4494117437097,77274900,-0.011478462327210948,370.7797546386719,373.5870361328125,392.831787109375,0.014408137778568987,379.32664184570314,383.467904663086,-0.017443931854546624
2022-09-21,360.1301574707031,371.50498233585387,360.1206054997159,368.4513220499561,106746600,-0.017443931854546624,366.5237731933594,375.0125427246094,391.8814697265625,0.014673496418210663,377.7390762329102,383.43198608398444,-0.008399723915735846
2022-09-22,357.10516357421875,360.9985532046951,356.36083780125125,359.35721571534805,89472600,-0.008399723915735846,360.1301574707031,370.7549743652344,393.1360473632813,0.014007565038769541,375.93753204345705,383.37358093261724,-0.016754942178101473
2022-09-23,351.12188720703125,353.6697589480902,346.675007940967,353.6315801864885,122346900,-0.016754942178101473,357.10516357421875,367.926513671875,398.6860656738281,0.014191609500295865,373.5593231201172,383.2129980468751,-0.009892606723600483
2022-09-26,347.6483764648437,353.27853570562985,346.42691809015844,349.6523393463072,92581200,-0.009892606723600483,351.12188720703125,370.7797546386719,385.19091796875,0.013651459144692525,371.68219604492185,382.8457122802735,-0.002552550786350194
2022-09-27,346.760986328125,353.4599193505363,344.3657707127198,351.188762904006,108294100,-0.002552550786350194,347.6483764648437,366.5237731933594,382.64398193359375,0.013550711755836387,369.88804626464844,382.52112182617196,0.019676019637648423
2022-09-28,353.5838623046875,355.27290112408883,346.01654670922136,347.71513749904915,110802200,0.019676019637648423,346.760986328125,360.1301574707031,378.443359375,0.014245428922349843,368.6450714111328,382.13683471679695,-0.020889010028796284
2022-09-29,346.1978454589844,350.3202485783266,343.2491697803337,350.0339806956847,112952300,-0.020889010028796284,353.5838623046875,357.10516357421875,375.5638122558594,0.014545138922147096,367.17677307128906,381.557308959961,-0.015463305469194832
2022-09-30,340.844482421875,349.17522920833704,340.7109004194997,345.25318357199444,153711200,-0.015463305469194832,346.1978454589844,351.12188720703125,376.74224853515625,0.014580864135721586,365.381884765625,380.79430664062505,0.026401422821733966
2022-10-03,349.84326171875,351.6945391224275,342.78170282814216,344.5661746574287,89756500,0.026401422821733966,340.844482421875,347.6483764648437,372.7697143554688,0.01563396512001704,364.2355621337891,380.28160644531255,0.030986602538246144
2022-10-04,360.6837158203125,360.7123426191376,349.80509543871267,355.3684502374429,103602800,0.030986602538246144,349.84326171875,346.760986328125,371.36322021484375,0.01659340313275155,363.7015869140625,379.97659240722663,-0.002328392426899195
2022-10-05,359.8439025878906,362.1055067151951,353.9847287224127,356.3131384107271,88065700,-0.002328392426899195,360.6837158203125,353.5838623046875,378.0347290039063,0.01659346593481056,362.7920455932617,379.7437353515626,-0.010315769209077952
2022-10-06,356.1318359375,361.3993701215644,355.6355993235401,358.44114174816866,82333500,-0.010315769209077952,359.8439025878906,346.1978454589844,380.5057067871094,0.01661105863385949,361.57335205078124,379.2437139892579,-0.02789413772111915
2022-10-07,346.1978454589844,356.21762905748784,344.4324491910665,352.0951968162857,107789500,-0.02789413772111915,356.1318359375,340.844482421875,386.4169006347656,0.016873445476148063,359.56239929199216,378.4494067382813,-0.007635171807012453
2022-10-10,343.5545654296875,347.5529391640192,341.31206538570666,347.3143728510966,76042800,-0.007635171807012453,346.1978454589844,349.84326171875,390.570068359375,0.015958118957323072,357.2116241455078,377.4897100830079,-0.006333146081987651
2022-10-11,341.3787841796875,346.4268546628964,339.4416272107152,341.85591672497,92482800,-0.006333146081987651,343.5545654296875,360.6837158203125,373.5870361328125,0.015956433957946253,355.60121154785156,376.5096875000001,-0.003298320266754917
2022-10-12,340.2528076171875,343.36372158176107,340.0046893387279,341.7891897787711,76991800,-0.003298320266754917,341.3787841796875,359.8439025878906,375.0125427246094,0.015896693079807594,353.8632247924805,375.5586547851563,0.026391096779702305
2022-10-13,349.2324523925781,350.7020290219594,332.18925999717504,333.23895758959026,147254500,0.026391096779702305,340.2528076171875,356.1318359375,370.7549743652344,0.0167752553067564,352.78709869384767,374.66575866699225,-0.02278879752428631
2022-10-14,341.2738647460937,353.3262387618921,340.6344942548241,351.6944243183575,123737000,-0.02278879752428631,349.2324523925781,346.1978454589844,367.926513671875,0.01714996923570834,351.45446624755857,373.6190112304688,0.02569717841461361
2022-10-17,350.04364013671875,351.1505914925585,340.9399400894957,347.3621566992135,93168200,0.02569717841461361,341.2738647460937,343.5545654296875,370.7797546386719,0.017872226808039928,350.41766052246095,372.7609661865235,0.011749459252342831
2022-10-18,354.1564636230469,358.27889645424324,350.71155095897484,357.97352458781444,97162900,0.011749459252342831,350.04364013671875,341.3787841796875,366.5237731933594,0.018041223350201117,349.79929504394534,371.99430053710944,-0.007086601213838972
2022-10-19,351.6466979980469,354.8434919860376,348.8316042350714,352.11427858955096,79746900,-0.007086601213838972,354.1564636230469,340.2528076171875,360.1301574707031,0.01768924784944192,349.3751220703125,371.2086102294922,-0.008385144564769575
2022-10-20,348.6980895996094,355.62606505287266,347.9346598802896,351.19826004641624,88283100,-0.008385144564769575,351.6466979980469,349.2324523925781,357.10516357421875,0.01764317433588802,348.954768371582,370.19972717285157,0.024301384745975874
2022-10-21,357.17193603515625,357.65859149270045,346.9135849578602,348.4213111862988,131038400,0.024301384745975874,348.6980895996094,341.2738647460937,351.12188720703125,0.018025006256387217,349.2572708129883,369.3603210449219,0.012236442662688418
2022-10-24,361.5424499511719,362.67802786353946,356.0458731062238,358.6987583066402,85436900,0.012236442662688418,357.17193603515625,350.04364013671875,347.6483764648437,0.01806463111420191,349.9519744873047,368.4731842041016,0.01596856864378493
2022-10-25,367.3157653808594,367.6306600761956,361.35160801427605,361.4661151762165,78846300,0.01596856864378493,361.5424499511719,354.1564636230469,346.760986328125,0.016605942522491812,350.9797134399414,367.6680609130859,-0.007534020488022541
2022-10-26,364.5484008789063,369.85411334727513,363.90905946867207,364.16670060269513,104087300,-0.007534020488022541,367.3157653808594,351.6466979980469,353.5838623046875,0.016635107005659837,351.52794036865237,366.79162353515625,-0.005339992676753891
2022-10-27,362.6017150878906,367.3921160917615,361.9814193866082,365.5503911743671,81971800,-0.005339992676753891,364.5484008789063,348.6980895996094,346.1978454589844,0.016539640799989458,352.34813385009767,365.93422546386716,0.023790637274882398
2022-10-28,371.2282409667969,371.7053735710983,362.31540741307015,362.4967201324537,100302000,0.023790637274882398,362.6017150878906,357.17193603515625,340.844482421875,0.017066208962109714,353.86732177734376,365.22578796386716,-0.007223286757833791
2022-10-31,368.5467529296875,370.6365960371832,367.6402184672529,368.7662444084812,96631300,-0.007223286757833791,371.2282409667969,361.5424499511719,349.84326171875,0.017063864451168937,354.8024963378906,364.57301147460936,-0.00437592224262906
2022-11-01,366.93402099609375,372.53558182792375,365.76029351237366,372.2970155430231,85407600,-0.00437592224262906,368.5467529296875,367.3157653808594,360.6837158203125,0.016948879759242374,355.11501159667966,364.05505615234375,-0.02509611438880599
2022-11-02,357.72540283203125,370.85610174230845,357.62044763501416,366.34241671143474,126990400,-0.02509611438880599,366.93402099609375,364.5484008789063,359.8439025878906,0.017277580638681688,355.0090866088867,363.37193481445314,-0.010296583860734398
2022-11-03,354.04205322265625,357.08616250384307,351.92358264330164,354.4810071994603,87100100,-0.010296583860734398,357.72540283203125,362.6017150878906,356.1318359375,0.017312514242197055,354.9045974731445,362.5900549316406,0.01439293179614265
2022-11-04,359.13775634765625,361.5424944523819,353.07816578614245,359.75802297669105,103505200,0.01439293179614265,354.04205322265625,371.2282409667969,346.1978454589844,0.017215628403968734,355.5515930175781,361.79908874511716,0.009565587880450366
2022-11-07,362.5731201171875,363.1647599563083,358.3552545876023,360.43554599672575,68286900,0.009565587880450366,359.13775634765625,368.5467529296875,343.5545654296875,0.017161632435346613,356.5025207519531,361.34673278808594,0.005395429733832557
2022-11-08,364.52935791015625,367.5066610953688,360.44510344190144,363.6800477836496,84641100,0.005395429733832557,362.5731201171875,366.93402099609375,341.3787841796875,0.017157558650081745,357.66004943847656,360.9844403076172,-0.0206021851337701
2022-11-09,357.0192565917969,363.7086651999319,356.52302003221314,362.5539832992573,78495500,-0.0206021851337701,364.52935791015625,357.72540283203125,340.2528076171875,0.01728665343118991,358.49837188720704,360.55595825195314,0.05495432141072154
2022-11-10,376.6390075683594,376.973006277867,368.00291747292925,370.3026714261787,141455800,0.05495432141072154,357.0192565917969,354.04205322265625,349.2324523925781,0.019464528975102525,359.8686996459961,360.5774621582031,0.009678320835197374
2022-11-11,380.28424072265625,381.08582000984256,375.60831786460767,377.4977734770305,93839900,0.009678320835197374,376.6390075683594,359.13775634765625,341.2738647460937,0.019181603056335296,361.81921844482423,360.64830200195314,-0.008506595777566073
2022-11-14,377.04931640625,381.8778966959395,376.7725713035823,378.5188931836802,71903500,-0.008506595777566073,380.28424072265625,362.5731201171875,350.04364013671875,0.018820717538999977,363.1695022583008,360.73389404296876,0.008528911663733485
2022-11-15,380.26513671875,383.9104368342091,376.4480758536066,382.803485688694,93194500,0.008528911663733485,377.04931640625,364.52935791015625,354.1564636230469,0.01808790783255993,364.4749359130859,360.91193237304685,-0.007628729697489511
2022-11-16,377.36419677734375,379.5876219491824,376.7343782310451,378.6333567193718,68508500,-0.007628729697489511,380.26513671875,357.0192565917969,351.6466979980469,0.018156595074349594,365.7608108520508,360.8985217285156,-0.0030598109089260417
2022-11-17,376.2095336914063,376.88708300619,372.2970693510568,372.6024121072464,74496300,-0.0030598109089260417,377.36419677734375,376.6390075683594,348.6980895996094,0.01803835468743201,367.1363830566406,360.8125982666016,0.004540287292760237
2022-11-18,377.9176330566406,379.6162238896307,375.0643895252909,379.5494183386701,92922500,0.004540287292760237,376.2095336914063,380.28424072265625,357.17193603515625,0.017135113384309977,368.17366790771484,360.6426129150391,-0.003636017137174319
2022-11-21,376.5435180664063,377.7172747970653,374.7017931399619,376.5912488015893,51243200,-0.003636017137174319,377.9176330566406,377.04931640625,361.5424499511719,0.017064395974874576,368.92372131347656,360.36208190917966,0.013457061259409153
2022-11-22,381.6106872558594,381.7729251703146,377.077927085489,378.4902502119182,60429000,0.013457061259409153,376.5435180664063,380.26513671875,367.3157653808594,0.017065681413779094,369.6384674072266,360.5225549316406,0.006301511465483189
2022-11-23,384.0154113769531,384.5020668220049,381.0476314864747,381.2766458135579,68261600,0.006301511465483189,381.6106872558594,377.36419677734375,364.5484008789063,0.01701676783612057,370.61181793212893,360.7026123046875,-0.00022370712184127672
2022-11-25,383.9295043945313,384.4829945177539,383.1756558556624,383.45237179541095,30545400,-0.00022370712184127672,384.0154113769531,376.2095336914063,362.6017150878906,0.016504931895311326,371.67820739746094,360.96610290527343,-0.015956788077390982
2022-11-28,377.80322265625,382.4791173493977,377.0397928537372,380.8377796763317,67881600,-0.015956788077390982,383.9295043945313,377.9176330566406,371.2282409667969,0.01617652180989899,372.00695648193357,361.16363708496095,-0.0017177905785010772
2022-11-29,377.15423583984375,379.1295426207394,375.3124819183031,377.93671115122805,52310000,-0.0017177905785010772,377.80322265625,376.5435180664063,368.5467529296875,0.015646176512276337,372.4373306274414,361.2911267089844,0.031500761818298084
2022-11-30,389.0348815917969,389.0348815917969,375.4843314190897,377.4023849238339,144566700,0.031500761818298084,377.15423583984375,381.6106872558594,366.93402099609375,0.01643961545245137,373.54237365722656,361.7413488769531,-0.0007358077549274311
2022-12-01,388.7486267089844,391.2487972907091,386.2389041546695,390.07504041496463,76398200,-0.0007358077549274311,389.0348815917969,384.0154113769531,357.72540283203125,0.01634232620287121,375.0935348510742,362.31371826171875,-0.0011539021620652345
2022-12-02,388.300048828125,389.2065832782016,383.7482143923798,383.8531695839399,85342700,-0.0011539021620652345,388.7486267089844,383.9295043945313,354.04205322265625,0.01621416661843301,376.80643463134766,362.9376159667969,-0.0179892573108571
2022-12-05,381.3148193359375,386.4105918965586,379.9597790901639,385.4754306592434,77289800,-0.0179892573108571,388.300048828125,377.80322265625,359.13775634765625,0.01620126313883973,377.91528778076173,363.541474609375,-0.01441489359999304
2022-12-06,375.8182067871094,381.69648322371376,373.7283930365351,381.152574256176,77972200,-0.01441489359999304,381.3148193359375,377.15423583984375,362.5731201171875,0.016367905343904164,378.5775421142578,364.1048712158203,-0.0017009599254101948
2022-12-07,375.178955078125,377.5455435453296,374.0433770225024,374.9690155437612,65927900,-0.0017009599254101948,375.8182067871094,389.0348815917969,364.52935791015625,0.016142676131951802,379.1100219726562,364.6732305908203,0.007833908037375492
2022-12-08,378.1180725097656,379.18684498444895,375.2839034087124,377.068403979044,60737900,0.007833908037375492,375.178955078125,388.7486267089844,357.0192565917969,0.016111899127195514,380.1649627685547,365.1639147949219,-0.007470275031672302
2022-12-09,375.2934265136719,379.4349340954439,375.1693673749268,376.8775102817556,81447700,-0.007470275031672302,378.1180725097656,388.300048828125,376.6390075683594,0.01614702324938508,380.0976837158203,365.74582641601563,0.014417267087967867
2022-12-12,380.7041320800781,380.7041320800781,375.41749445562255,376.0854626556509,75405800,0.014417267087967867,375.2934265136719,381.3148193359375,380.28424072265625,0.015782835712449383,380.1186782836914,366.5430194091797,0.007569832350734718
2022-12-13,383.58599853515625,391.7163278716569,380.8186351718438,391.4586867415021,123782500,0.007569832350734718,380.7041320800781,375.8182067871094,377.04931640625,0.015749428414024227,380.44551239013674,367.21787414550784,-0.006393650075349866
2022-12-14,381.1334838867188,386.9545069550509,378.1848081544835,383.24240165213087,108111300,-0.006393650075349866,383.58599853515625,375.178955078125,380.26513671875,0.015779455933632107,380.48892974853516,367.62686950683593,-0.024461561398679277
2022-12-15,371.8103637695313,377.17332966722427,370.1499515992905,376.2667660559643,117705900,-0.024461561398679277,381.1334838867188,378.1180725097656,377.36419677734375,0.015743118280483987,380.2112380981445,367.86619873046874,-0.011806148685572837
2022-12-16,367.4207153320313,370.5938353403458,365.2829507209457,369.2517350620785,119858000,-0.011806148685572837,371.8103637695313,375.2934265136719,376.2095336914063,0.015784172161083698,379.7717971801758,368.0919763183594,-0.008479737188198944
2022-12-19,364.3050842285156,367.9479610000422,362.6370475272463,367.6124286419873,79878100,-0.008479737188198944,367.4207153320313,380.7041320800781,377.9176330566406,0.015684828124984014,379.0911697387695,368.45412109375,0.0013686226544493696
2022-12-20,364.8036804199219,366.42379682476735,362.2249166396932,363.5478546986175,74427200,0.0013686226544493696,364.3050842285156,383.58599853515625,376.5435180664063,0.015594278520868806,378.5041778564453,368.8791033935547,0.014952291250536431
2022-12-21,370.2583312988281,371.38952801231983,366.86471190276114,367.40155201274337,78167400,0.014952291250536431,364.8036804199219,381.1334838867188,381.6106872558594,0.015797815539217587,377.9365600585937,369.4566943359375,-0.014266162516355707
2022-12-22,364.9761657714844,370.23912957543627,359.2722031883447,367.20980089104194,100120900,-0.014266162516355707,370.2583312988281,371.8103637695313,384.0154113769531,0.015544372574645002,376.98459777832034,369.95116149902344,0.00575256287052528
2022-12-23,367.0757141113281,367.2195053837884,362.3975096766227,363.950513930393,59857300,0.00575256287052528,364.9761657714844,367.4207153320313,383.9295043945313,0.011778510640013675,376.1419082641602,370.30802673339844,-0.003943687311055544
2022-12-27,365.6280822753906,367.30571508666856,363.9504494641128,366.960616093891,51638200,-0.003943687311055544,367.0757141113281,364.3050842285156,377.80322265625,0.011622570726658617,375.5331512451172,370.79511108398435,-0.012427946779628662
2022-12-28,361.0840759277344,367.5357824385264,360.8540099500132,365.5609421925815,70911500,-0.012427946779628662,365.6280822753906,364.8036804199219,377.15423583984375,0.0117286306282363,374.7296432495117,371.0159197998047,0.018000418018825792
2022-12-29,367.583740234375,368.4561128288235,363.4040225980941,363.9312961910967,66970900,0.018000418018825792,361.0840759277344,370.2583312988281,389.0348815917969,0.012125191294102305,373.65708618164064,371.28446533203123,-0.0026341255413872
2022-12-30,366.615478515625,366.7592697589564,362.7808893302895,364.89952091921486,84022200,-0.0026341255413872,367.583740234375,364.9761657714844,388.7486267089844,0.012066020340709565,372.55042877197263,371.58384094238284,-0.004209849519563935
2023-01-03,365.0720825195313,370.450079987651,362.20570711462034,368.47526883215227,74850700,-0.004209849519563935,366.615478515625,367.0757141113281,388.300048828125,0.012074966747416727,371.38903045654297,371.91132080078125,0.007720091531313589
2023-01-04,367.8904724121094,369.9227998702252,364.2859494452824,367.33444063245616,85934100,0.007720091531313589,365.0720825195313,365.6280822753906,381.3148193359375,0.01213843812000621,370.7178131103516,372.1256915283203,-0.011413239364298833
2023-01-05,363.691650390625,366.0499147712704,363.097293691532,365.93488176571645,76970500,-0.011413239364298833,367.8904724121094,361.0840759277344,375.8182067871094,0.012282736147549662,370.11148529052736,372.1686755371094,0.02293192300902014
2023-01-06,372.0317993164063,373.1534294334061,363.7203443233328,366.787997866155,104189600,0.02293192300902014,363.691650390625,367.583740234375,375.178955078125,0.01278123022129228,369.9541275024414,372.2629962158203,-0.0005668237640741314
2023-01-09,371.8209228515625,377.4194487549502,371.6388067821009,374.2271369047477,73978100,-0.0005668237640741314,372.0317993164063,366.615478515625,378.1180725097656,0.012711548955810446,369.63927001953124,372.40844665527345,0.007012902677220989
2023-01-10,374.428466796875,374.4955791323068,370.2966990841329,371.2361840133922,65358100,0.007012902677220989,371.8209228515625,365.0720825195313,375.2934265136719,0.012795122907575916,369.5960220336914,372.6449816894531,0.012647694174519941
2023-01-11,379.16412353515625,379.2408316929768,375.1953394078577,376.01019536505663,68881100,0.012647694174519941,374.428466796875,367.8904724121094,380.7041320800781,0.01268866583256263,369.51902160644534,372.8036993408203,0.0036409659984948384
2023-01-12,380.5446472167969,382.011376504994,376.19240927348505,380.2666605468767,90157700,0.0036409659984948384,379.16412353515625,363.691650390625,383.58599853515625,0.012698489996051226,369.36695404052733,373.0436572265625,0.0038793275244197734
2023-01-13,382.0209045410156,382.59609870511895,377.0742815386719,377.3427015811747,63903900,0.0038793275244197734,380.5446472167969,372.0317993164063,381.1334838867188,0.011286841717870469,369.4113250732422,373.34539489746095,-0.0018316734516631294
2023-01-17,381.3211669921875,383.6794606678008,380.64053552756593,382.00182771240605,62677300,-0.0018316734516631294,382.0209045410156,371.8209228515625,371.8103637695313,0.0112892547135955,369.886865234375,373.81731018066404,-0.01578806850539871
2023-01-18,375.30084228515625,383.5739736096775,375.09953453290353,382.5098890921751,99632300,-0.01578806850539871,381.3211669921875,374.428466796875,367.4207153320313,0.011626000939957738,370.28087158203124,374.24248596191404,-0.007279804336657647
2023-01-19,372.5687255859375,374.9077982389386,371.2457875427282,373.2589236026424,86958900,-0.007279804336657647,375.30084228515625,379.16412353515625,364.3050842285156,0.01124677597007174,370.69405364990234,374.5111053466797,0.01862883479905353
2023-01-20,379.5092468261719,379.66263388423897,372.3193930419706,373.9682673467044,91806400,0.01862883479905353,372.5687255859375,380.5446472167969,364.8036804199219,0.011474278905020433,371.42933197021483,374.8498278808594,0.011998543876574175
2023-01-23,384.0628051757813,385.999261850418,379.3558442469694,380.31449137897374,84178800,0.011998543876574175,379.5092468261719,382.0209045410156,370.2583312988281,0.01165932970217499,372.1195556640625,375.24049682617186,-0.0010731054583366095
2023-01-24,383.6506652832031,384.561362674629,381.1965305092897,382.3852438122681,59524900,-0.0010731054583366095,384.0628051757813,381.3211669921875,364.9761657714844,0.01158844275498366,373.05328063964845,375.773125,0.00037457846002841855
2023-01-25,383.79437255859375,384.1299048949058,377.285150554256,379.57633116726623,84800300,0.00037457846002841855,383.6506652832031,375.30084228515625,367.0757141113281,0.01148932875956257,373.8892135620117,375.9162322998047,0.010990464985614956
2023-01-26,388.012451171875,388.175434067063,383.4876352529639,386.4594474008895,72287400,0.010990464985614956,383.79437255859375,372.5687255859375,365.6280822753906,0.011365757607240456,375.00843200683596,376.07079650878904,0.0022977111292463714
2023-01-27,388.9039916992188,391.281447303276,386.7566313185161,386.9675348741631,68346200,0.0022977111292463714,388.012451171875,379.5092468261719,361.0840759277344,0.011296363569127258,376.39942779541013,376.3078900146484,-0.012546762666705291
2023-01-30,384.0245056152344,388.3767724039486,383.7273273025726,386.1431078861568,74202000,-0.012546762666705291,388.9039916992188,384.0628051757813,367.583740234375,0.01148059160883335,377.2214660644531,376.3830773925781,0.014703209664236772
2023-01-31,389.6708984375,389.7188190920724,384.1970022260141,384.5421304079371,86811800,0.014703209664236772,384.0245056152344,383.6506652832031,366.615478515625,0.010770779731447364,378.3742370605469,376.62921142578125,0.010627990115858132
2023-02-01,393.8123168945313,396.5636593442866,385.7117643976384,388.4534817565757,101459200,0.010627990115858132,389.6708984375,383.79437255859375,365.0720825195313,0.010583555694323439,379.8112487792969,376.98126708984375,0.014556847944296791
2023-02-02,399.54498291015625,401.01171197085296,395.80626464324223,397.70436739497256,101654500,0.014556847944296791,393.8123168945313,388.012451171875,367.8904724121094,0.01060497822149043,381.3939743041992,377.41381408691404,-0.010629003787725466
2023-02-03,395.2982177734375,399.7271635935274,394.0903128204698,394.56963646776256,94736800,-0.010629003787725466,399.54498291015625,388.9039916992188,363.691650390625,0.010896177621380287,382.9743026733398,377.7889080810547,-0.006111417686471388
2023-02-06,392.8823852539063,394.2820312874674,391.2239442533102,392.8440604283562,60295300,-0.006111417686471388,395.2982177734375,384.0245056152344,372.0317993164063,0.01075969534540321,384.01683197021487,378.01434204101565,0.01307856084797443
2023-02-07,398.0207214355469,399.2669510561357,390.7158346703452,391.96206429093394,90990700,0.01307856084797443,392.8823852539063,389.6708984375,371.8209228515625,0.010485921611546154,385.3268218994141,378.2944482421875,-0.010934538372438185
2023-02-08,393.6685485839844,397.3881051733377,392.9783212864178,396.0460046657352,76227500,-0.010934538372438185,398.0207214355469,393.8123168945313,374.428466796875,0.01077065057677776,386.28882598876953,378.4892291259766,-0.008669405586829493
2023-02-09,390.2556762695313,397.426367694604,389.0286090516376,397.27298063541855,78694900,-0.008669405586829493,393.6685485839844,399.54498291015625,379.16412353515625,0.010900254584985435,386.8434036254883,378.7382781982422,0.002333690806729738
2023-02-10,391.1664123535156,391.5498653830581,388.26171250273467,389.0765392196659,70769700,0.002333690806729738,390.2556762695313,395.2982177734375,380.5446472167969,0.010542965701609206,387.3744918823242,379.0185217285156,0.01173896398749208
2023-02-13,395.75830078125,395.8925254285683,391.35811375424055,391.8182749307163,64913500,0.01173896398749208,391.1664123535156,392.8823852539063,382.0209045410156,0.010289046852019132,388.0613616943359,379.1529901123047,-0.0004601252540058498
2023-02-14,395.5762023925781,397.8865164448738,391.616984698197,394.2340728818384,88389300,-0.0004601252540058498,395.75830078125,398.0207214355469,381.3211669921875,0.010259136977138473,388.7741134643555,379.28954162597654,0.0032473551448395366
2023-02-15,396.86077880859375,396.9374577122151,392.5372705702228,393.3808847880114,61555700,0.0032473551448395366,395.5762023925781,393.6685485839844,375.30084228515625,0.010178769256960051,389.8521102905273,379.46075622558595,-0.013768794311188826
2023-02-16,391.396484375,395.8350256682057,391.2622889776,391.88540381719497,76431500,-0.013768794311188826,396.86077880859375,390.2556762695313,372.5687255859375,0.010571794291881407,390.79349822998046,379.6623895263672,-0.002498191072631606
2023-02-17,390.418701171875,390.6583629922171,387.34142233465536,389.2683127319957,89257800,-0.002498191072631606,391.396484375,391.1664123535156,379.5092468261719,0.010300053677636733,391.33897094726564,379.9543994140625,-0.020060907166597364
2023-02-21,382.5865478515625,387.44689668905306,382.3277236123021,386.39237880681736,82655900,-0.020060907166597364,390.418701171875,395.75830078125,384.0628051757813,0.010338221948864261,391.26515808105466,380.10255126953126,-0.0013780455236812594
2023-02-22,382.059326171875,384.5422193179231,380.6021634644275,382.9987818589444,83742300,-0.0013780455236812594,382.5865478515625,395.5762023925781,383.6506652832031,0.010343479465606441,391.18559112548826,380.18137634277343,0.005319378368793259
2023-02-23,384.0916442871094,385.56796937279,379.8640060342025,384.95442103644666,96242400,0.005319378368793259,382.059326171875,396.86077880859375,383.79437255859375,0.010313871229989502,391.20045471191406,380.3573406982422,-0.010682497061198837
2023-02-24,379.9885864257813,380.82260481900255,377.3619024277112,379.06829329418446,108194400,-0.010682497061198837,384.0916442871094,391.396484375,388.012451171875,0.010277122602536423,390.79926147460935,380.34302978515626,0.0034059443281617696
2023-02-27,381.2828063964844,384.6955884908984,380.3433214975704,383.33429643374495,80444700,0.0034059443281617696,379.9885864257813,390.418701171875,388.9039916992188,0.010274438047930755,390.41820220947267,380.2969659423828,-0.0036958909865834055
2023-02-28,379.8736267089844,382.76873131447655,379.7681602824562,380.803515853838,96438600,-0.0036958909865834055,381.2828063964844,382.5865478515625,384.0245056152344,0.010271835943458414,390.21065826416014,380.27176879882813,-0.003836130677645766
2023-03-01,378.4163818359375,380.2857555557943,377.1126357022291,379.058688324708,99706800,-0.003836130677645766,379.8736267089844,382.059326171875,389.6708984375,0.010289743857227786,389.647932434082,380.40388916015627,0.007777290678960824
2023-03-02,381.35943603515625,382.20305024263513,376.1060389057773,376.4415712731506,85127800,0.007777290678960824,378.4163818359375,384.0916442871094,393.8123168945313,0.009952989887073145,389.0252883911133,380.68266357421874,0.01603783685939275
2023-03-03,387.4756164550781,387.7248740903768,382.5289933624495,383.1808664410556,90120000,0.01603783685939275,381.35943603515625,379.9885864257813,399.54498291015625,0.010224644957932544,388.42182006835935,381.14607421875,0.0006928516876023583
2023-03-06,387.74407958984375,390.60085911261217,387.3031100177366,388.3000821585358,72795900,0.0006928516876023583,387.4756164550781,381.2828063964844,395.2982177734375,0.009690439062832294,388.0441131591797,381.6048822021484,-0.015328912499828817
2023-03-07,381.8003845214844,387.9357495995497,381.18686556703113,387.6960878154249,108310600,-0.015328912499828817,387.74407958984375,379.8736267089844,392.8823852539063,0.009880240171419854,387.4900131225586,381.8357232666016,0.0016324250139980734
2023-03-08,382.4236450195313,383.18095542395616,380.1899801281676,381.91556305269023,74746600,0.0016324250139980734,381.8003845214844,378.4163818359375,398.0207214355469,0.009883867968427223,386.71015930175787,382.1846728515625,-0.01844978373280659
2023-03-09,375.3680114746094,384.8778075145199,374.3806057232134,383.2097409764219,111945300,-0.01844978373280659,382.4236450195313,381.35943603515625,393.6685485839844,0.01043739315984309,385.79513244628913,382.35051879882815,-0.014429605581566696
2023-03-10,369.95159912109375,376.9017923479486,368.42735335856526,374.8215147441384,189253000,-0.014429605581566696,375.3680114746094,387.4756164550781,390.2556762695313,0.010488405725415387,384.7799285888672,382.4369891357422,-0.0014252748632427314
2023-03-13,369.42431640625,374.2463405009577,364.90909573022645,366.021130129731,157790000,-0.0014252748632427314,369.95159912109375,387.74407958984375,391.1664123535156,0.010463496983194532,383.69282379150394,382.6037939453125,0.016530120370456203
2023-03-14,375.5309448242188,377.1798194710275,371.0444528978628,374.351798026972,149752400,0.016530120370456203,369.42431640625,381.8003845214844,395.75830078125,0.010762552879494817,382.6814559936524,382.7627380371094,-0.006254490915287736
2023-03-15,373.1821899414063,373.38349766674736,367.8425178859198,369.9323910671056,172996900,-0.006254490915287736,375.5309448242188,382.4236450195313,395.5762023925781,0.010403164398827226,381.5617553710938,382.894072265625,0.017545255590372344
2023-03-16,379.7297668457031,380.0748950855989,370.3158726215868,370.8239545188717,143254200,0.017545255590372344,373.1821899414063,375.3680114746094,396.86077880859375,0.010749555523152479,380.7052047729493,383.1872259521484,-0.01169269270998885
2023-03-17,375.2897033691406,379.5334763060183,373.9039803951704,378.3979622867853,140553400,-0.01169269270998885,379.7297668457031,369.95159912109375,391.396484375,0.010491592477305576,379.8998657226563,383.33521057128905,0.009615618402872839
2023-03-20,378.8983459472656,379.31215983644114,375.3666994576997,376.0691640257984,93055800,0.009615618402872839,375.2897033691406,369.42431640625,390.418701171875,0.010570350631765608,379.3238479614258,383.63934448242185,0.013130509085200748
2023-03-21,383.87347412109375,384.3546271012109,380.66897882785537,382.2664102459138,91524200,0.013130509085200748,378.8983459472656,375.5309448242188,382.5865478515625,0.010851971707255331,379.3881942749024,383.8761779785156,-0.01704642569867343
2023-03-22,377.3298034667969,387.318544760657,377.29133237000224,383.7002940562463,111746600,-0.01704642569867343,383.87347412109375,373.1821899414063,382.059326171875,0.010925037430407911,379.1517181396485,383.9863555908203,0.0027032572616272343
2023-03-23,378.3498229980469,384.239130397535,375.6361133164018,380.1974338773298,119351300,0.0027032572616272343,377.3298034667969,379.7297668457031,384.0916442871094,0.010811549933242895,378.86462707519536,384.0647827148438,0.006562149458043454
2023-03-24,380.8326110839844,380.9192151025488,374.7219619246639,377.069990985465,107682400,0.006562149458043454,378.3498229980469,375.2897033691406,379.9885864257813,0.010809512707981106,378.90682830810545,384.0981524658203,0.0018697628030430735
2023-03-27,381.544677734375,383.88310351821207,380.6497402466303,383.113241135813,74010400,0.0018697628030430735,380.8326110839844,378.8983459472656,381.2828063964844,0.010805268425130207,378.919921875,384.1181530761719,-0.002244678965476865
2023-03-28,380.688232421875,381.5446694300476,378.8502245684134,380.8518079845922,62871700,-0.002244678965476865,381.544677734375,383.87347412109375,379.8736267089844,0.010545387995076103,378.96065216064454,384.09149963378906,0.014534816606693202
2023-03-29,386.2214660644531,386.4620425314962,383.6520964748452,384.8549788100607,77497900,0.014534816606693202,380.688232421875,377.3298034667969,378.4163818359375,0.010931882225035662,379.3509063720703,384.1895056152344,0.005855303991362026
2023-03-30,388.48291015625,389.10840312839423,386.6160343292529,388.85819419263817,69840000,0.005855303991362026,386.2214660644531,378.3498229980469,381.35943603515625,0.010974964631348129,379.707080078125,384.45314697265627,0.01409463520580978
2023-03-31,393.95843505859375,394.2567475446969,389.30084855820127,389.4067174804696,112062600,0.01409463520580978,388.48291015625,380.8326110839844,387.4756164550781,0.011005666763861258,380.0312210083008,384.88094116210937,0.003810529365423143
2023-04-03,395.4596252441406,395.86377728046097,393.04422801384897,393.4387769608017,67391100,0.003810529365423143,393.95843505859375,381.544677734375,387.74407958984375,0.011011099254888256,380.4169982910156,385.19994873046875,-0.005548129667958812
2023-04-04,393.26556396484375,396.3930581310184,391.8894442126204,396.10434874148575,66601500,-0.005548129667958812,395.4596252441406,380.688232421875,381.8003845214844,0.010377840427161836,380.9902572631836,385.38400390625,-0.0026182386160551463
2023-04-05,392.2359008789063,393.29444326978927,390.58073351332,392.53421336625786,65200200,-0.0026182386160551463,393.26556396484375,386.2214660644531,382.4236450195313,0.010389980052312904,381.48087005615236,385.5557086181641,0.0039009441221535823
2023-04-06,393.7659912109375,394.0450681714436,390.3882877815402,391.43719778873736,63743300,0.0039009441221535823,392.2359008789063,388.48291015625,375.3680114746094,0.010372523991133373,382.40076904296876,385.75514099121096,0.0010263565064787539
2023-04-10,394.1701354980469,394.2471364215444,390.6673570273508,391.2832175790923,63681000,0.0010263565064787539,393.7659912109375,393.95843505859375,369.95159912109375,0.01014007454478724,383.61169586181643,385.8782946777344,0.0002686555539270774
2023-04-11,394.2760314941406,395.6809900883233,393.50619840980073,394.7956849780574,59297900,0.0002686555539270774,394.1701354980469,395.4596252441406,369.42431640625,0.010133481828422197,384.8542816162109,385.9857354736328,-0.004076043312981614
2023-04-12,392.6689453125,396.6336706379783,392.0819527581082,396.34496122221753,86420400,-0.004076043312981614,394.2760314941406,393.26556396484375,375.5309448242188,0.010140008410940309,385.711181640625,386.15862426757815,0.013282608127970441
2023-04-13,397.8846130371094,398.2406615136449,392.6111662470231,393.7563125926208,85814800,0.013282608127970441,392.6689453125,392.2359008789063,373.1821899414063,0.01032937936240227,386.94630279541013,386.3228985595703,-0.0024426511574002774
2023-04-14,396.9127197265625,399.443589174648,394.6031912280039,397.2495326959301,78161500,-0.0024426511574002774,397.8846130371094,393.7659912109375,379.7297668457031,0.010291356120702533,387.8054504394531,386.3849066162109,0.0035883339089635147
2023-04-17,398.33697509765625,398.3562106467558,395.59439693756417,396.8261475266993,66436400,0.0035883339089635147,396.9127197265625,394.1701354980469,375.2897033691406,0.009924577636182753,388.9578140258789,386.3607464599609,0.00065220192655846
2023-04-18,398.5967712402344,400.04986273859487,397.2206806696972,399.9151257985286,63560000,0.00065220192655846,398.33697509765625,394.2760314941406,378.8983459472656,0.009924619494342373,389.94273529052737,386.42671752929687,-0.0001689735085216304
2023-04-19,398.5294189453125,399.43395956292494,396.6240425026219,396.6817785129536,55227300,-0.0001689735085216304,398.5967712402344,392.6689453125,383.87347412109375,0.0094403390238942,390.67553253173827,386.539658203125,-0.005457074394295658
2023-04-20,396.3546142578125,398.10601828904817,394.8052862710272,395.7098562929952,75840400,-0.005457074394295658,398.5294189453125,397.8846130371094,377.3298034667969,0.009524583382373651,391.62677307128905,386.5063360595703,0.0007768090357158641
2023-04-21,396.6625061035156,397.1243941432459,394.7090262895011,396.6528736469394,73457400,0.0007768090357158641,396.3546142578125,396.9127197265625,378.3498229980469,0.008771278094815886,392.5424072265625,386.56621520996094,0.0010431735680329624
2023-04-24,397.0762939453125,397.4997108968018,395.1228141148149,396.4604040641478,64332100,0.0010431735680329624,396.6625061035156,398.33697509765625,380.8326110839844,0.008216676204441968,393.3545913696289,386.70262756347654,-0.015873777110465337
2023-04-25,390.773193359375,395.6617241074058,390.7154573508528,395.1035702020275,97766700,-0.015873777110465337,397.0762939453125,398.5967712402344,381.544677734375,0.008847485416704099,393.8160171508789,386.69476318359375,-0.0042355025312271755
2023-04-26,389.1180725097656,392.4669082412129,388.55994790481657,391.3891301301037,80447000,-0.0042355025312271755,390.773193359375,398.5294189453125,380.688232421875,0.00846860627848392,394.2375091552734,386.56195861816406,0.019907893113598085
2023-04-27,396.8645935058594,397.1340379925136,391.4083059420538,391.6585148822493,92968400,0.019907893113598085,389.1180725097656,396.3546142578125,386.2214660644531,0.00900258817777627,394.76966552734376,386.58772644042966,0.008535303160246865
2023-04-28,400.251953125,400.26158558313546,395.9215758481045,395.9793118624164,89433100,0.008535303160246865,396.8645935058594,396.6625061035156,388.48291015625,0.008611061599457634,395.3581176757813,386.6555499267578,-0.0010098009554528886
2023-05-01,399.8477783203125,401.8782298985706,399.6168049089298,399.8092778572073,62122300,-0.0010098009554528886,400.251953125,397.0762939453125,393.95843505859375,0.008247411045388217,395.6525848388672,386.82457580566404,-0.011239323558495329
2023-05-02,395.353759765625,399.1837478908785,392.4476064659251,399.1356149746384,103998500,-0.011239323558495329,399.8477783203125,390.773193359375,395.4596252441406,0.008472120570453965,395.6472915649414,386.92327697753905,-0.0068639389787009675
2023-05-03,392.64007568359375,398.26957154429016,392.3994991884123,395.8541741351487,91531800,-0.0068639389787009675,395.353759765625,389.1180725097656,393.26556396484375,0.008306622768594483,395.6160171508789,387.12434753417966,-0.007082915242697219
2023-05-04,389.8590393066406,391.9183589011733,388.5214198537967,391.5911783811914,94901900,-0.007082915242697219,392.64007568359375,396.8645935058594,392.2359008789063,0.0077495481779993845,395.49717407226564,387.280341796875,0.018512472229726074
2023-05-05,397.0762939453125,398.12520386737816,393.23670274642825,393.4965147709688,87891800,0.018512472229726074,389.8590393066406,400.251953125,393.7659912109375,0.008373440517217733,395.6626892089844,387.54003479003904,0.0002665355815778536
2023-05-08,397.18212890625,397.6632818576283,395.77717051105407,397.4034698360924,50046800,0.0002665355815778536,397.0762939453125,399.8477783203125,394.1701354980469,0.008324715794582762,395.8132888793945,387.88390563964845,-0.004385216779829615
2023-05-09,395.4403991699219,396.5566776586157,395.2094551264847,395.63287211761855,49220100,-0.004385216779829615,397.18212890625,395.353759765625,394.2760314941406,0.008391526964368255,395.8715072631836,388.1670574951172,0.004672246990246931
2023-05-10,397.2879943847656,398.9142936957152,393.4580063527656,398.2791682813285,96142900,0.004672246990246931,395.4403991699219,392.64007568359375,392.6689453125,0.008387873541387775,396.1024597167969,388.5153448486328,-0.0017438484635474705
2023-05-11,396.5951843261719,396.8838643849846,394.5165998009732,396.4219762908843,70157100,-0.0017438484635474705,397.2879943847656,389.8590393066406,397.8846130371094,0.008031699985797364,396.03798828125,388.8789208984375,-0.0013102865109050343
2023-05-12,396.0755310058594,398.04827596600416,393.6505304091499,397.8365674670435,70481500,-0.0013102865109050343,396.5951843261719,397.0762939453125,396.9127197265625,0.00798613243063981,395.99612884521486,389.1732427978516,0.0034498320042610775
2023-05-15,397.4419250488281,397.8460770363183,394.7667161184098,396.6816952493689,54289400,0.0034498320042610775,396.0755310058594,397.18212890625,398.33697509765625,0.0075963476929416475,395.9513763427734,389.37256896972656,-0.006682598530319717
2023-05-16,394.7859802246094,397.2591133402124,394.7763477684629,396.3352785674829,57705500,-0.006682598530319717,397.4419250488281,395.4403991699219,398.5967712402344,0.007671351888929505,395.7608367919922,389.5134069824219,0.012139052856266375
2023-05-17,399.5783081054688,400.1845361823176,395.1613273420889,396.8068622851723,87287000,0.012139052856266375,394.7859802246094,397.2879943847656,398.5294189453125,0.00790851712298247,395.81328125,389.86896545410156,0.009633110834160297
2023-05-18,403.427490234375,403.8509071558303,399.0393779276958,399.260689477154,97177200,0.009633110834160297,399.5783081054688,396.5951843261719,396.3546142578125,0.008053667573686762,396.16692504882815,390.28904235839843,-0.001454894855422828
2023-05-19,402.8405456542969,404.8613941911202,401.6184275681808,404.3321376214222,103793300,-0.001454894855422828,403.427490234375,396.0755310058594,396.6625061035156,0.008045801928294424,396.4758270263672,390.8384930419922,0.0004059762676229539
2023-05-22,403.0040893554688,404.54378464321184,401.6183665332245,402.8597493463277,60745400,0.0004059762676229539,402.8405456542969,397.4419250488281,397.0762939453125,0.008045973204577743,396.772216796875,391.4995428466797,-0.01122285799444156
2023-05-23,398.4812316894531,402.93671253841774,398.0866827611539,401.358516825221,86383500,-0.01122285799444156,403.0040893554688,394.7859802246094,390.773193359375,0.008338886811848616,397.1576187133789,392.08068115234374,-0.007244762427653262
2023-05-24,395.5943298339844,397.2591296170941,394.4299479150844,396.8742131296412,89213700,-0.007244762427653262,398.4812316894531,399.5783081054688,389.1180725097656,0.008417071218259988,397.48143157958987,392.48194885253906,0.008659988343599156
2023-05-25,399.0201721191406,400.4732635587891,396.8646161031706,399.1067761340057,90961600,0.008659988343599156,395.5943298339844,403.427490234375,396.8645935058594,0.008210641059261257,397.5892105102539,392.99870849609374,0.01295065358234937
2023-05-26,404.187744140625,404.9094736202561,399.5975552223808,399.6745267786192,93830000,0.01295065358234937,399.0201721191406,402.8405456542969,400.251953125,0.00851966044212563,397.78600006103517,393.4878680419922,0.0003808395140476595
2023-05-30,404.3416748046875,406.6512030272136,402.9559519977229,406.1219465437839,72216000,0.0003808395140476595,404.187744140625,403.0040893554688,399.8477783203125,0.008501499205377993,398.0106948852539,394.06890747070315,-0.005545052827781505
2023-05-31,402.0995788574219,403.4179334143472,400.53101533620446,402.5133634004825,110811800,-0.005545052827781505,404.3416748046875,398.4812316894531,395.353759765625,0.008573507481793741,398.3479858398438,394.5329321289062,0.009501063259036435
2023-06-01,405.9199523925781,406.978494940152,401.07955404832046,402.330540189021,88865000,0.009501063259036435,402.0995788574219,395.5943298339844,392.64007568359375,0.00873448253871032,399.011979675293,394.97386169433594,0.014461042380810474
2023-06-02,411.78997802734375,412.5790465929496,407.9696222034908,408.4988787329244,91426200,0.014461042380810474,405.9199523925781,399.0201721191406,389.8590393066406,0.00900706804511694,400.1085266113281,395.6630651855469,-0.0019161770370904607
2023-06-05,411.00091552734375,413.4259161757562,410.29842154598526,412.13642960632063,65460200,-0.0019161770370904607,411.78997802734375,404.187744140625,397.0762939453125,0.00902599946971705,400.8047576904297,396.3160870361328,0.0021774354866517243
2023-06-06,411.8958435058594,412.4251000685976,409.93273100728186,410.5871214183071,64022200,0.0021774354866517243,411.00091552734375,404.3416748046875,397.18212890625,0.009027593089015728,401.54044342041016,396.93735168457033,-0.003457878760195876
2023-06-07,410.4715576171875,413.425843689937,410.0481406844761,412.2903298100494,85373300,-0.003457878760195876,411.8958435058594,402.0995788574219,395.4403991699219,0.008483135558846156,402.29200134277346,397.51588928222657,0.0060486982774849984
2023-06-08,412.9543762207031,413.40666121292,409.7691457275,410.5389787763912,61952800,0.0060486982774849984,410.4715576171875,405.9199523925781,397.2879943847656,0.00844374493962658,403.0753204345703,398.1612121582031,0.0017943066826322518
2023-06-09,413.6953430175781,415.7065590310339,412.7041690134876,413.7530790281272,85742800,0.0017943066826322518,412.9543762207031,411.78997802734375,396.5951843261719,0.007738564839844807,403.9303283691406,398.71068969726565,0.009071723312438884
2023-06-12,417.4482727050781,417.52527361997466,413.9551270818145,414.6768564809362,76104300,0.009071723312438884,413.6953430175781,411.00091552734375,396.0755310058594,0.007756185610912891,404.99896545410155,399.28999694824216,0.0065931254201256895
2023-06-13,420.2005615234375,420.8452901285255,418.247081424966,418.9110749460117,95899700,0.0065931254201256895,417.4482727050781,411.8958435058594,397.4419250488281,0.0077977434833119055,406.136897277832,399.81483947753907,0.0011907068651821895
2023-06-14,420.7008972167969,422.5100370544421,417.2462224703346,420.5373216552151,100612100,0.0011907068651821895,420.2005615234375,410.4715576171875,394.7859802246094,0.007407778042503411,407.4326431274414,400.31966491699217,0.012397712470477273
2023-06-15,425.9166259765625,427.1676119841462,419.7867416783568,419.8829487810575,110303100,0.012397712470477273,420.7008972167969,412.9543762207031,399.5783081054688,0.007438728590383576,408.7495590209961,400.9726861572266,-0.003406242109375235
2023-06-16,424.4658508300781,428.4742491472454,423.99257880127806,427.9043831698667,114165800,-0.003406242109375235,425.9166259765625,413.6953430175781,403.427490234375,0.007300276622362624,409.8014770507813,401.61728515625,-0.0051882618729579555
2023-06-20,422.26361083984375,423.4130109410261,420.1869737539229,422.5244174279152,76160400,-0.0051882618729579555,424.4658508300781,417.4482727050781,402.8405456542969,0.006814775020369127,410.7726303100586,402.18723754882814,-0.005123535655162548
2023-06-21,420.1001281738281,422.0801716964907,419.510925655376,421.27850373439446,76982300,-0.005123535655162548,422.26361083984375,420.2005615234375,403.0040893554688,0.006934094926532334,411.62743225097654,402.7058374023438,0.0036096595914481
2023-06-22,421.6165466308594,421.722779347334,418.8058305710823,419.1438946735372,70637200,0.0036096595914481,420.1001281738281,420.7008972167969,398.4812316894531,0.006837369475630388,412.78419799804686,403.2526477050781,-0.007560187154587061
2023-06-23,418.4290466308594,420.2159312951656,417.7143045556693,418.1586012935174,92074500,-0.007560187154587061,421.6165466308594,425.9166259765625,395.5943298339844,0.0070440857506021285,413.9259338378906,403.7678497314453,-0.004085527014897283
2023-06-26,416.7195434570313,419.781368562751,416.4780732983192,417.8592755318311,72823600,-0.004085527014897283,418.4290466308594,424.4658508300781,399.0201721191406,0.007096953469561944,414.81090240478517,404.14454833984377,0.010963110687271627
2023-06-27,421.2880859375,421.9062340935396,417.1444505822348,417.5984155696539,72813700,0.010963110687271627,416.7195434570313,422.26361083984375,404.187744140625,0.007270530806327948,415.6659194946289,404.6320556640625,0.0005045358241442255
2023-06-28,421.5006408691406,422.514803688603,419.5881867073799,420.2063349514927,75636000,0.0005045358241442255,421.2880859375,420.1001281738281,404.3416748046875,0.007271346500917958,416.52386779785155,405.0953289794922,0.003941431535057882
2023-06-29,423.1619567871094,423.32616946695146,420.6796659223557,421.08531928799687,67882300,0.003941431535057882,421.5006408691406,421.6165466308594,402.0995788574219,0.007091053709100865,417.5769866943359,405.58663269042967,0.011800590083592688
2023-06-30,428.155517578125,429.1407051013052,426.0595438710738,426.3783009507995,104964000,0.011800590083592688,423.1619567871094,418.4290466308594,405.9199523925781,0.007075178008828108,418.68876495361326,406.1791546630859,0.0011504796932244599
2023-07-03,428.6481018066406,428.9281859198321,427.5276769248768,427.8077905144009,32793400,0.0011504796932244599,428.155517578125,416.7195434570313,411.78997802734375,0.006941460616143294,419.53167114257815,406.8250244140625,-0.001487191210613803
2023-07-05,428.0106201171875,428.7446987114959,426.8225765200303,426.83224475721846,58418400,-0.001487191210613803,428.6481018066406,421.2880859375,411.00091552734375,0.006942024865504515,420.3821563720703,407.4519866943359,-0.007830487901221317
2023-07-06,424.6590881347656,425.0840779768898,422.14779256121534,424.4272862122754,80658300,-0.007830487901221317,428.0106201171875,421.5006408691406,411.8958435058594,0.007168286424922884,421.02031860351565,408.003642578125,-0.0025248596340023965
2023-07-07,423.5868835449219,427.5373607483118,423.3454134187473,423.6641704920447,86134200,-0.0025248596340023965,424.6590881347656,423.1619567871094,410.4715576171875,0.006790557381795879,421.6760848999023,408.65991638183596,0.002531250686684805
2023-07-10,424.6590881347656,424.8329395766333,422.65970812427327,423.2295741679538,62443500,0.002531250686684805,423.5868835449219,428.155517578125,412.9543762207031,0.006559222651775847,422.26132049560545,409.37073669433596,0.006368346507269251
2023-07-11,427.3634643554688,427.85607282742535,424.4465159485544,425.4220646553444,64463800,0.006368346507269251,424.6590881347656,428.6481018066406,413.6953430175781,0.006496692151845677,422.9447265625,409.9807141113281,0.008046003933490642
2023-07-12,430.8020324707031,432.2122392972248,429.729919208418,431.1594330344666,91924500,0.008046003933490642,427.3634643554688,428.0106201171875,417.4482727050781,0.006277720145180036,423.61241455078124,410.5917156982422,0.007936799725654753
2023-07-13,434.2212219238281,435.01325098389225,432.183228279882,432.6178568057713,72425200,0.007936799725654753,430.8020324707031,424.6590881347656,420.2005615234375,0.006355514553262498,424.3134475708008,411.2791845703125,-0.0006226912194423617
2023-07-14,433.9508361816406,435.9598548665001,433.1877822518175,435.1099046958951,69815800,-0.0006226912194423617,434.2212219238281,423.5868835449219,420.7008972167969,0.0062051196908633555,424.97594451904297,412.05112609863284,0.0034721545832785417
2023-07-17,435.4575805664063,436.5103868213516,433.7576213779186,433.8059330908804,52680200,0.0034721545832785417,433.9508361816406,424.6590881347656,425.9166259765625,0.006068795351049828,425.45299224853517,412.90747619628905,0.007430475166082751
2023-07-18,438.6932373046875,439.3403606896483,434.6944781535629,435.12913614001786,80668200,0.007430475166082751,435.4575805664063,427.3634643554688,424.4658508300781,0.005710640939092673,426.16436157226565,413.88416015625,0.00222377583460287
2023-07-19,439.6687927246094,440.8568068135111,438.6159570947119,439.4852730809636,65891700,0.00222377583460287,438.6932373046875,430.8020324707031,422.26361083984375,0.005659345875035849,427.0346206665039,414.73601013183594,-0.006634452383680878
2023-07-20,436.7518310546875,439.5722150431973,436.037088927524,438.6739532656,70591600,-0.006634452383680878,439.6687927246094,434.2212219238281,420.1001281738281,0.005888126659558631,427.86720581054686,415.5274041748047,0.0
2023-07-21,436.7518310546875,438.6739532656,436.7421922937348,438.4710971405942,71275600,0.0,436.7518310546875,433.9508361816406,421.6165466308594,0.0058115199196000075,428.6239700317383,416.3536328125,0.004467251614158174
2023-07-24,438.7029113769531,439.5142474163072,436.867714944249,437.90121409817567,54023400,0.004467251614158174,436.7518310546875,435.4575805664063,418.4290466308594,0.005781440224965912,429.63766326904295,417.18193115234374,0.002730216452155876
2023-07-25,439.9006652832031,441.1562982796933,438.3842256583984,438.43253737447066,55191200,0.002730216452155876,438.7029113769531,438.6932373046875,416.7195434570313,0.005782625354931832,430.7967193603516,418.04804077148435,0.0001536629536655898
2023-07-26,439.96826171875,441.3977460774992,437.9109314172146,438.9637376866275,71052900,0.0001536629536655898,439.9006652832031,439.6687927246094,421.2880859375,0.005637440611951253,431.73072814941406,418.9258953857422,-0.006630075300619875
2023-07-27,437.0512390136719,443.764119987392,436.1433090250335,443.3584372254405,92194400,-0.006630075300619875,439.96826171875,436.7518310546875,421.5006408691406,0.005762739066790196,432.5082580566406,419.71808166503905,0.00979038557616474
2023-07-28,441.33013916015625,442.16078225681895,437.0512660643136,440.3256151682766,80011800,0.00979038557616474,437.0512390136719,436.7518310546875,423.1619567871094,0.005966002690157122,433.41666717529296,420.64896484375,0.001904158529547395
2023-07-31,442.1705017089844,442.5278728257474,440.4898493694529,441.8034623534966,62040400,0.001904158529547395,441.33013916015625,438.7029113769531,428.155517578125,0.0056088929795166,434.11741638183594,421.5008087158203,-0.002861679684434626
2023-08-01,440.9051513671875,441.6488687577706,439.9489096063416,440.7022952345732,55291500,-0.002861679684434626,442.1705017089844,439.9006652832031,428.6481018066406,0.005594117996187525,434.73026885986326,422.25036193847654,-0.013910772599978638
2023-08-02,434.7718200683594,438.0461398306252,434.0184344125547,437.7853626915781,93933400,-0.013910772599978638,440.9051513671875,439.96826171875,428.0106201171875,0.006141883980729598,435.0683288574219,422.8889874267578,-0.0028658761671115363
2023-08-03,433.52581787109375,435.4092967139093,432.10597229878186,432.7531252299224,64276100,-0.0028658761671115363,434.7718200683594,437.0512390136719,424.6590881347656,0.006077868378375228,435.5116653442383,423.4994219970703,-0.004522808824073965
2023-08-04,431.5650634765625,437.44727217935485,431.0434797536367,435.3416597654818,100128900,-0.004522808824073965,433.52581787109375,441.33013916015625,423.5868835449219,0.006141578418052932,435.9105743408203,424.1610986328125,0.00872847933504195
2023-08-07,435.33197021484375,435.4865146243049,432.7047742066685,433.4002093110776,58357500,0.00872847933504195,431.5650634765625,442.1705017089844,424.6590881347656,0.006097221161985199,436.44421844482423,424.9558514404297,-0.004348558194142593
2023-08-08,433.43890380859375,435.3223827020289,430.07762882885913,432.7917508600607,71361300,-0.004348558194142593,435.33197021484375,440.9051513671875,427.3634643554688,0.006105473891190764,436.7479904174805,425.64422607421875,-0.006685312589814196
2023-08-09,430.5412292480469,433.8735287355085,429.7781754061016,433.70931608230507,78789600,-0.006685312589814196,433.43890380859375,434.7718200683594,430.8020324707031,0.005994532045654947,436.73495025634764,426.1712957763672,0.0003590167972369329
2023-08-10,430.69580078125,436.2882574346223,429.527093565885,432.8980072622996,93005500,0.0003590167972369329,430.5412292480469,433.52581787109375,434.2212219238281,0.005994789558676972,436.5586791992188,426.69837829589846,-0.0005831486341708603
2023-08-11,430.4446411132813,431.4588333292262,428.22312774254544,428.82196893936987,68690900,-0.0005831486341708603,430.69580078125,431.5650634765625,433.9508361816406,0.005968247833945735,436.3833694458008,427.2652795410156,0.005520031818932569
2023-08-14,432.8207092285156,432.8207092285156,429.2179937241371,429.5270825673996,47867400,0.005520031818932569,430.4446411132813,435.33197021484375,435.4575805664063,0.005663690844414694,436.25152587890625,427.80329467773436,-0.011648935753912015
2023-08-15,427.77880859375,431.4008602977152,427.2089131864871,431.0434597694716,75707500,-0.011648935753912015,432.8207092285156,433.43890380859375,438.6932373046875,0.006070856957087576,435.7058044433594,428.1230712890625,-0.007338064767244523
2023-08-16,424.6397399902344,429.0248164729432,424.53347780183,427.36350074460506,80107200,-0.007338064767244523,427.77880859375,430.5412292480469,439.6687927246094,0.0062109889068941515,434.9543518066406,428.39584777832033,-0.007619840893680285
2023-08-17,421.404052734375,426.3686636613096,420.8824689600864,426.1078865123336,95711300,-0.007619840893680285,424.6397399902344,430.69580078125,436.7518310546875,0.006202230480582859,434.186962890625,428.5860119628906,0.0004813678000499255
2023-08-18,421.6069030761719,422.6404024444025,418.2359890452877,418.5836919301103,98852000,0.0004813678000499255,421.404052734375,430.4446411132813,436.7518310546875,0.006188275211595576,433.4297164916992,428.8087188720703,0.006506232440103066
2023-08-21,424.3499755859375,425.0936930300052,420.4671462190992,422.6210410735604,68719000,0.006506232440103066,421.6069030761719,432.8207092285156,438.7029113769531,0.006289123172528207,432.7120697021484,429.036630859375,-0.0027086464678427458
2023-08-22,423.2005615234375,426.1271784415624,422.6403637681527,426.1271784415624,64994200,-0.0027086464678427458,424.3499755859375,427.77880859375,439.9006652832031,0.00618948069981333,431.87706451416017,429.2267352294922,0.011137819565202989
2023-08-23,427.9140930175781,428.5322707675245,424.1181892276399,424.2630654264281,68441000,0.011137819565202989,423.2005615234375,424.6397399902344,439.96826171875,0.006356851699945695,431.27435607910155,429.43605163574216,-0.013859116984879738
2023-08-24,421.9835815429688,430.0293538199984,421.95457682823127,429.5174382906836,88517300,-0.013859116984879738,427.9140930175781,421.404052734375,437.0512390136719,0.006633779500223297,430.5209732055664,429.4717120361328,0.007049762510487945
2023-08-25,424.9584655761719,426.24307373449807,420.1580380770201,423.71247141677657,102325100,0.007049762510487945,421.9835815429688,421.6069030761719,441.33013916015625,0.006792088993412767,429.7023895263672,429.55686340332034,0.006341310785556775
2023-08-28,427.65325927734375,428.2714074691659,424.9584444310818,427.1509825528838,61595400,0.006341310785556775,424.9584655761719,424.3499755859375,442.1705017089844,0.006872231551843837,428.97652740478514,429.59159606933594,0.014454867368540736
2023-08-29,433.8349304199219,434.1150440450923,427.3635186603017,427.5470383309648,83081900,0.014454867368540736,427.65325927734375,423.2005615234375,440.9051513671875,0.0072631120405872935,428.6230163574219,429.7789776611328,0.004118767552085956
2023-08-30,435.6217956542969,436.25928035352985,433.4678714194492,434.17297483140425,69053900,0.004118767552085956,433.8349304199219,427.9140930175781,434.7718200683594,0.007294401264886788,428.66551513671874,430.0461413574219,-0.0014634534208136651
2023-08-31,434.9842834472656,437.3796481914474,434.80076379653127,436.23991629050073,66084600,-0.0014634534208136651,435.6217956542969,421.9835815429688,433.52581787109375,0.007199607483655538,428.73843841552736,430.3438244628906,0.0018652175789004577
2023-09-01,435.7956237792969,438.1910180232257,434.3371347964679,437.7080777747482,58944100,0.0018652175789004577,434.9842834472656,424.9584655761719,431.5650634765625,0.007208639151805715,428.94996643066406,430.62740600585937,-0.00432194309429923
2023-09-05,433.9121398925781,435.670049450585,433.8445506606034,435.3513218599426,55166200,-0.00432194309429923,435.7956237792969,427.65325927734375,435.33197021484375,0.007197402050019468,428.8789749145508,430.93706787109375,-0.0067224004220436395
2023-09-06,430.9952087402344,433.20708339429626,428.6674331394679,433.1008212089274,70758500,-0.0067224004220436395,433.9121398925781,433.8349304199219,433.43890380859375,0.007264910290799665,428.7567901611328,431.2225811767578,-0.003070343233104955
2023-09-07,429.6719055175781,430.348004117574,427.6435507649289,427.9912535632701,70355400,-0.003070343233104955,430.9952087402344,435.6217956542969,430.5412292480469,0.007276357192490023,428.71332397460935,431.3902575683594,0.00150616261712333
2023-09-08,430.3190612792969,431.85480770691146,429.3628490355431,429.72022009729625,61659700,0.00150616261712333,429.6719055175781,434.9842834472656,430.69580078125,0.007201396212228257,428.6944869995117,431.5666259765625,0.006576768024554758
2023-09-11,433.149169921875,433.4582293140434,431.2367157088773,432.94631377147886,60180100,0.006576768024554758,430.3190612792969,435.7956237792969,430.4446411132813,0.007065792607167848,428.82971343994143,431.7663702392578,-0.005485706346428421
2023-09-12,430.7730407714844,433.2263855290798,430.1935360444676,431.70030728737913,67565400,-0.005485706346428421,433.149169921875,433.9121398925781,432.8207092285156,0.0071042136602910404,428.72733001708986,431.818720703125,0.0011660173010359376
2023-09-13,431.27532958984375,432.4343685526933,429.8940980148542,430.9952159797128,60199300,0.0011660173010359376,430.7730407714844,430.9952087402344,427.77880859375,0.007102859393098188,428.9021560668945,431.87126525878904,0.008622398905182127
2023-09-14,434.9939575195313,435.6893927060478,432.4440481531944,433.74799281245487,83430800,0.008622398905182127,431.27532958984375,429.6719055175781,424.6397399902344,0.006845690738717504,429.41986694335935,432.01093200683596,-0.012048366894015339
2023-09-15,429.75299072265625,433.7367776977173,429.31682909931095,433.4072234999764,111848900,-0.012048366894015339,434.9939575195313,430.3190612792969,421.404052734375,0.007177332085829865,429.8373138427734,432.11281005859377,0.0005864873152146011
2023-09-18,430.0050354003906,431.3038771522312,428.9678906350114,429.4428320631367,55752200,0.0005864873152146011,429.75299072265625,433.149169921875,421.6069030761719,0.007133333994680016,430.25722045898436,432.2411730957031,-0.0020738225764269647
2023-09-19,429.11328125,429.6754845917088,426.4283653962231,429.0842038068295,66514600,-0.0020738225764269647,430.0050354003906,430.7730407714844,424.3499755859375,0.0069426160166871686,430.4953857421875,432.3302569580078,-0.009193251436009908
2023-09-20,425.1683349609375,430.7901913132512,424.9647632633325,430.3734047367829,82562600,-0.009193251436009908,429.11328125,431.27532958984375,423.2005615234375,0.00709103617750646,430.5937744140625,432.2863543701172,-0.016528523427789654
2023-09-21,418.1409301757813,422.5802537124664,417.98584063306095,422.3185567480477,104095800,-0.016528523427789654,425.1683349609375,434.9939575195313,427.9140930175781,0.007591534203004838,430.10511627197263,432.03313232421874,-0.002248562617531702
2023-09-22,417.2007141113281,420.7676848012683,416.7838980299261,419.1683664368396,100829700,-0.002248562617531702,418.1409301757813,429.75299072265625,421.9835815429688,0.007591007531805309,429.8659729003906,431.6927221679687,0.004205303363737922
2023-09-25,418.9551696777344,418.9939198820318,415.5529609010411,415.98915213201,70874500,0.004205303363737922,417.2007141113281,430.0050354003906,424.9584655761719,0.007650892920172316,429.56580810546876,431.39280883789064,-0.014691306432693896
2023-09-26,412.8001708984375,416.6191660672769,411.9665682552368,415.91157553365485,96168400,-0.014691306432693896,418.9551696777344,429.11328125,427.65325927734375,0.007952452501656377,428.8231536865234,430.9396606445313,0.00039906448284710017
2023-09-27,412.96490478515625,414.5351752960794,409.3204041006066,413.9729720120895,104705800,0.00039906448284710017,412.8001708984375,425.1683349609375,433.8349304199219,0.007725680705250454,427.77965240478517,430.42509399414064,0.005797576328880005
2023-09-28,415.3591003417969,417.0359784928409,411.8212066146307,412.4124874162186,92258300,0.005797576328880005,412.96490478515625,418.1409301757813,435.6217956542969,0.007734822783799222,426.76651763916016,429.9389001464844,-0.0024270255722664835
2023-09-29,414.35101318359375,418.5867946420908,412.8292247753013,418.4123299989288,115111300,-0.0024270255722664835,415.3591003417969,417.2007141113281,434.9842834472656,0.007632220296924189,425.73485412597654,429.4908837890625,-0.0003975708553312085
2023-10-02,414.186279296875,415.4366685752328,411.42380373877234,413.5174684907983,83798600,-0.0003975708553312085,414.35101318359375,418.9551696777344,435.7956237792969,0.007629873847226852,424.65438690185545,429.03957275390627,-0.013386181135709885
2023-10-03,408.6419067382813,414.2443872113326,407.27520783651096,412.0053354902192,103760600,-0.013386181135709885,414.186279296875,412.8001708984375,433.9121398925781,0.007855334964290988,423.3908752441406,428.4383526611328,0.007282019969861775
2023-10-04,411.6176452636719,412.3639860114544,407.64356048210016,409.1071941153402,87453000,0.007282019969861775,408.6419067382813,412.96490478515625,430.9952087402344,0.00800076685378386,422.4219970703125,427.8726922607422,-0.0003767825160456706
2023-10-05,411.4625549316406,412.3058303467078,408.23484048426144,411.3268404794052,70142700,-0.0003767825160456706,411.6176452636719,415.3591003417969,429.6719055175781,0.007673169380176897,421.51152954101565,427.302578125,0.011872826166365202
2023-10-06,416.3477783203125,417.8889419596687,407.68234534407696,409.0102645413664,113273300,0.011872826166365202,411.4625549316406,414.35101318359375,430.3190612792969,0.007656431051055635,420.8129653930664,426.8885089111328,0.006402238705540464
2023-10-09,419.0133361816406,419.5852123041229,413.8954989431742,414.44797038266114,80374400,0.006402238705540464,416.3477783203125,414.186279296875,433.149169921875,0.007635532118875052,420.1061737060547,426.4421728515625,0.005204865847466822
2023-10-10,421.1942443847656,423.7919280682824,419.2459668319729,419.643378299873,78607300,0.005204865847466822,419.0133361816406,408.6419067382813,430.7730407714844,0.0076034737081185,419.6272338867187,426.0226477050781,0.004096309054258729
2023-10-11,422.9195861816406,423.17158085104415,419.8760088222951,422.260477691953,62451700,0.004096309054258729,421.1942443847656,411.6176452636719,431.27532958984375,0.007121857429562227,419.2094467163086,425.6629364013672,-0.006096522145795147
2023-10-12,420.34124755859375,423.90821868639375,417.9858858829249,423.5302119190894,81154200,-0.006096522145795147,422.9195861816406,411.4625549316406,434.9939575195313,0.007121569657485936,418.47681121826173,425.3743249511719,-0.0049809267517860745
2023-10-13,418.24755859375,423.0455435777595,416.6773175678,421.8436069564154,95143100,-0.0049809267517860745,420.34124755859375,416.3477783203125,429.75299072265625,0.0071555284374294715,417.9015396118164,425.068759765625,0.01052138410009218
2023-10-16,422.6481018066406,423.71432390212686,420.2539606569009,420.4962825158612,75433200,0.01052138410009218,418.24755859375,419.0133361816406,430.0050354003906,0.0074550763479329825,417.53369293212893,424.8904205322266,-4.592278920578785e-05
2023-10-17,422.6286926269531,424.68360681651455,419.1683589988732,419.51728827351457,75324700,-4.592278920578785e-05,422.6481018066406,421.1942443847656,429.11328125,0.007430083306209937,417.20946350097654,424.63635498046875,-0.013324935912743308
2023-10-18,416.9971923828125,421.81455273319096,415.9115950498216,420.85496751569167,93559800,-0.013324935912743308,422.6286926269531,422.9195861816406,425.1683349609375,0.007702773680999987,416.8009063720703,424.3075207519531,-0.008786413863299702
2023-10-19,413.3332824707031,419.52704410810907,412.6547989345063,417.7144811241096,121323000,-0.008786413863299702,416.9971923828125,420.34124755859375,418.1409301757813,0.007823676840240974,416.5605239868164,423.96336181640623,-0.012288002787928742
2023-10-20,408.2542419433594,413.4399364601398,408.1476049268172,412.89713777676974,123919900,-0.012288002787928742,413.3332824707031,418.24755859375,417.2007141113281,0.008057256377161863,416.11320037841796,423.51453063964846,-0.0017332608244706726
2023-10-23,407.546630859375,411.4141082592817,404.9683224528733,406.7227305341648,92035100,-0.0017332608244706726,408.2542419433594,422.6481018066406,418.9551696777344,0.007903508960746987,415.5427734375,423.0565704345703,0.007539412967386028
2023-10-24,410.6192932128906,411.7727477741345,407.8180379697815,409.6693807564813,78564200,0.007539412967386028,407.546630859375,422.6286926269531,412.8001708984375,0.008061521200004985,415.43372955322263,422.6125421142578,-0.014352100861133477
2023-10-25,404.7260437011719,408.9618555506224,404.2123224333422,408.9327781045306,94223200,-0.014352100861133477,410.6192932128906,416.9971923828125,412.96490478515625,0.008372160743884376,415.02178649902345,422.15148681640625,-0.0119746075704813
2023-10-26,399.8796081542969,404.5128019378402,398.9588026350324,403.6598536533469,115156800,-0.0119746075704813,404.7260437011719,413.3332824707031,415.3591003417969,0.008308391660470392,414.24781188964846,421.6562841796875,-0.0045328431752262865
2023-10-27,398.0670166015625,401.8666369338055,396.6421626745101,401.4692254760225,107367700,-0.0045328431752262865,399.8796081542969,408.2542419433594,414.35101318359375,0.008130321674822062,413.43361206054686,421.1895434570313,0.01195574009533984
