Price,Close,High,Low,Open,Volume
Ticker,SPY,SPY,SPY,SPY,SPY
Date,,,,,
2015-01-02,170.125,171.3258145622169,169.08982374735015,170.91174406115695,121465900
2015-01-05,167.05262756347656,169.24719647462058,166.74621939305322,169.08157077807908,169632600
2015-01-06,165.47914123535156,167.88074508876025,164.68412031268113,167.35901221336937,209151400
2015-01-07,167.5411834716797,167.88072427345165,166.35694805006224,166.80413857607297,125346700
2015-01-08,170.5142059326172,170.72953065352303,168.93246642029644,168.94902014003745,147217800
2015-01-09,169.14781188964844,170.94487647756347,168.53498295474012,170.92831011812547,158567300
2015-01-12,167.82273864746094,169.43762341842782,167.21819936354106,169.2802746346781,144396100
2015-01-13,167.3507843017578,170.1664594801139,166.05059648165292,169.04018688148494,214553300
2015-01-14,166.3404083251953,166.53916672214785,164.4439709204368,165.3383521156499,192991100
2015-01-15,164.81661987304688,167.29275329332586,164.70068064236253,166.9780683165703,176613900
2015-01-16,166.97804260253906,167.1353913848999,164.42736728384997,164.60955928064396,211879600
2015-01-20,167.33419799804688,167.8807741873434,165.76901173701117,167.61576295504287,130991100
2015-01-21,168.17884826660156,168.65917148434727,166.4066273221596,166.87038418441705,122942700
2015-01-22,170.67984008789062,170.8123330247463,167.55774543821306,168.93246232905992,174356000
2015-01-23,169.7440948486328,170.67989840459322,169.61158923007656,170.42316402997878,117516800
2015-01-26,170.14157104492188,170.2326670631215,168.81655298688875,169.52875477378714,92009700
2015-01-27,167.89732360839844,169.04014968220312,167.0691825456615,168.08779251462758,134044600
2015-01-28,165.74411010742188,169.18088959888624,165.55364124909408,169.0815167400068,168514300
2015-01-29,167.27621459960938,167.53293630229993,164.53505711997988,165.9429070087455,173585400
2015-01-30,165.1727752685547,167.42532055424843,164.90777663070236,166.10030209212056,197729700
2015-02-02,167.2182159423828,167.30931195061558,163.85596577085477,165.66959643885335,163107000
2015-02-03,169.63633728027344,169.64462677455197,167.73990064484605,168.11256143107838,124212900
2015-02-04,168.990478515625,170.0836308827361,168.53499836266207,168.87453926181905,134306700
2015-02-05,170.69639587402344,170.84546780487813,169.57841325653533,169.6529429037491,97953200
2015-02-06,170.224365234375,171.62392538305807,169.70263242153572,171.0607829977601,125672000
2015-02-09,169.4625244140625,170.2989424108796,169.05673070900008,169.57846366744735,87219000
2015-02-10,171.26783752441406,171.5245592115905,169.5038931575931,170.4976724628847,96164200
2015-02-11,171.3671875,171.7978242989837,170.4562401071207,171.10218898738265,91087800
2015-02-12,173.01524353027344,173.07321947491621,171.40037085250046,172.16225917646435,97545900
2015-02-13,173.72743225097656,173.7771186932326,172.88272482333429,173.13945916904026,93670400
2015-02-17,174.00070190429688,174.1746170702164,173.1642840631735,173.41271624816068,76968200
2015-02-18,174.01724243164062,174.09177207607388,173.363004077811,173.6280152176981,80652900
2015-02-19,173.89303588867188,174.25741993425422,173.2802196633091,173.4210021106608,91462500
2015-02-20,174.93653869628906,175.0110683660321,172.85789635073897,173.47900220479303,140896400
2015-02-23,174.91165161132812,174.91165161132812,174.307099633419,174.68805002173943,74411100
2015-02-24,175.40853881835938,175.60729720252223,174.538988262736,174.83711952076607,72472300
2015-02-25,175.25949096679688,175.76465750269924,174.919950110312,175.28433418688803,73061700
2015-02-26,175.0524444580078,175.32573249787598,174.44789244416535,175.1683836897917,72697900
2015-02-27,174.45619201660156,175.21808024610087,174.406505576743,174.95306905161627,108076000
2015-03-02,175.55755615234375,175.61551943192526,174.50581389752566,174.55550031900256,87491400
2015-03-03,174.83714294433594,175.60732072927564,173.97588177043423,175.1269973805194,110325800
2015-03-04,174.10006713867188,174.3153918714502,173.1311437504533,174.2408495827965,114497200
2015-03-05,174.29054260253906,174.57210748101213,173.7853761387244,174.42303554530858,76873000
2015-03-06,171.83926391601562,173.85993005329047,171.50801255821912,173.42929317901158,188128000
2015-03-09,172.55149841308594,172.90759305838907,171.88070607272851,172.03805492025563,89818900
2015-03-10,169.7523193359375,171.26781870995183,169.71090976336123,171.18501220122667,157121300
2015-03-11,169.35482788085938,170.18296884849192,169.27200872952477,170.00905368526062,110145700
2015-03-12,171.50799560546875,171.5742357613371,169.93452022039267,169.98420665550796,93993500
2015-03-13,170.456298828125,172.19538770623154,169.42112236385987,171.2347535510814,162410900
2015-03-16,172.73367309570312,172.8247691226568,170.48112828051322,171.18505327392148,136099200
2015-03-17,172.22019958496094,172.60113735012428,171.40861234601115,171.99659798758267,94510400
2015-03-18,174.29054260253906,174.96133472213626,171.11047188394753,171.74814392695924,228808500
2015-03-19,173.49557495117188,174.29887289622786,173.1063475907249,173.876525449042,117917300
2015-03-20,175.0269775390625,175.5343990554761,174.26168836055672,174.44469367420336,177715100
2015-03-23,174.68592834472656,175.60926875940504,174.68592834472656,175.0352986782756,71784500
2015-03-24,173.70436096191406,175.01865340630465,173.63781242033892,174.56115280883478,77805300
2015-03-25,171.15892028808594,174.14522727250312,171.11733855742628,173.91231373233074,159521700
2015-03-26,170.75128173828125,171.66629534342607,169.79466102806265,170.49341415235105,153067200
2015-03-27,171.1422576904297,171.31693646343555,170.443504519906,170.63483629030935,118939000
2015-03-30,173.23016357421875,173.52962558919126,172.15709875805342,172.17372636961676,96180400
2015-03-31,171.71620178222656,173.10538151826552,171.65797975995795,172.40662840121527,126768700
2015-04-01,171.1090087890625,171.7079329360202,170.11911991581752,171.6829788209666,137303600
2015-04-02,171.7245635986328,172.17375033720432,170.85944534924582,171.04245064458402,86900900
2015-04-06,172.88082885742188,173.39656416417543,170.701418168536,170.83450255255133,114368200
2015-04-07,172.42330932617188,173.65442551024032,172.39004140458533,172.90577669260682,81236300
2015-04-08,173.00555419921875,173.44642704478457,172.25690555013824,172.64787017814302,89351900
2015-04-09,173.7708740234375,174.00378754198945,172.34843879891193,172.83921994922966,85548900
2015-04-10,174.71917724609375,174.76077166783332,173.82080373926343,174.02043665507665,72722900
2015-04-13,173.9289093017578,175.20994622951594,173.87900107989284,174.57774157166983,74436600
2015-04-14,174.26171875,174.44472409556087,173.1054646264137,173.72934302459709,75099900
2015-04-15,175.04356384277344,175.55098523943107,174.64428538579418,174.72747421521345,99529300
2015-04-16,174.99363708496094,175.5010584278668,174.51116984967075,174.71081540342834,68934900
2015-04-17,172.98062133789062,174.04537241941927,172.19869198583558,173.8041451072998,191113200
2015-04-20,174.5611114501953,174.8938413864011,173.820776553229,173.90395269086372,92189500
2015-04-21,174.3531494140625,175.40126012071377,174.05368739890025,175.24320896092908,72559800
2015-04-22,175.2099609375,175.39296622825637,173.77087272447622,174.69421298498898,78264600
2015-04-23,175.65086364746094,176.29969608187733,174.69424261211802,174.81069939027384,102585900
2015-04-24,176.05848693847656,176.32468115976596,175.60930005609953,176.0668134409163,61327400
2015-04-27,175.32640075683594,176.74883583330077,175.13506898499944,176.62406528021913,79358100
2015-04-28,175.88372802734375,175.93363624790825,174.12855034476948,175.30144429936885,86863500
2015-04-29,175.16012573242188,175.7590373875859,174.3532418939398,174.99374798576744,125684900
2015-04-30,173.4048309326172,174.97700311946062,172.7060778662623,174.58603852390624,161304900
2015-05-01,175.2848663330078,175.3264607625486,174.08701784212474,174.1868343187524,103399700
2015-05-04,175.78395080566406,176.36623466355326,175.60094549420802,175.7090757652785,70927200
2015-05-05,173.7708740234375,175.90038899608155,173.62946315094771,175.5426922186258,113326200
2015-05-06,173.05548095703125,174.62765344280064,171.99072989221568,174.31987760631245,135060200
2015-05-07,173.74595642089844,174.17020182035276,172.6229830117935,172.95571305311998,88244900
2015-05-08,176.03347778320312,176.23312338675464,175.33473721002545,175.4179260513807,155877300
2015-05-11,175.19334411621094,176.25809539088837,175.1184817670937,175.9919139186372,75708100
2015-05-12,174.66925048828125,175.20995252786722,173.53795087828436,174.36147464716103,119727600
2015-05-13,174.7025604248047,175.70076314404608,174.46964688007623,175.07688485791567,94667900
2015-05-14,176.5242919921875,176.61579465109463,175.4429003940587,175.7174083707801,95934000
2015-05-15,176.715576171875,176.85698703625127,176.2331088560321,176.715576171875,76510100
2015-05-18,177.2646026611328,177.51414379393768,176.482673264118,176.54922179714424,74549700
2015-05-19,177.2063446044922,177.65554397007045,176.92352289599222,177.38103606729112,72114600
2015-05-20,177.08160400390625,177.830252816043,176.7655016333957,177.30619103184608,76857500
2015-05-21,177.59735107421875,177.80531050170612,176.77382717194772,176.94020486820656,64764600
2015-05-22,177.173095703125,177.63059623069003,177.1065471717183,177.214677429024,57433500
2015-05-26,175.26817321777344,177.1065398297752,174.8522544333493,176.68229454624878,124308600
2015-05-27,176.93186950683594,177.16478303853046,175.31810239949857,175.72570742638172,93214000
2015-05-28,176.73226928710938,176.8403995728642,176.04184237155204,176.6241263085167,74974600
2015-05-29,175.6342010498047,176.70726603429128,175.3680196018721,176.66568430602715,124919600
2015-06-01,175.99192810058594,176.63243406287347,175.20167204232382,176.29970402253807,93338800
2015-06-02,175.81719970703125,176.50762645412786,174.91049974835676,175.5343779627752,91531000
2015-06-03,176.2830047607422,176.90688289736408,175.7922236728796,176.34955328512183,87820900
2015-06-04,174.7940673828125,176.23314311090797,174.47796498168626,175.5759968848596,151882800
2015-06-05,174.4945831298828,175.16836957906196,173.8374242944559,174.64430781066267,121704700
2015-06-08,173.42149353027344,174.53616552378108,173.3466311950418,174.38642816048372,89063300
2015-06-09,173.3966064453125,173.9373086920522,172.76441421536896,173.3966064453125,105034700
2015-06-10,175.4761199951172,175.85877083412583,174.10359318232116,174.16181520768131,134551300
2015-06-11,176.04180908203125,176.42444729989205,175.6841122858548,175.91702581659672,73876400
2015-06-12,174.6942138671875,175.91701618303716,174.41970592966666,175.21827562907586,135382400
2015-06-15,173.94557189941406,174.2283936547843,172.8475401063269,173.55460718758775,124384200
2015-06-16,174.8938751220703,174.97706396858496,173.62116446597867,173.79584327368917,85308200
2015-06-17,175.17666625976562,175.78391680889797,174.1535096292943,175.17666625976562,126708600
2015-06-18,176.99844360351562,177.46427073417405,175.20999743555834,175.7756410391186,165867900
2015-06-19,176.2127227783203,176.8312815958883,175.8365774891499,176.75605508897002,130478700
2015-06-22,177.11541748046875,177.70053358826098,176.90644653093048,177.1321387277127,70696000
2015-06-23,177.24081420898438,177.5751754173251,176.84796051536992,177.32440769971356,68476800
2015-06-24,175.95352172851562,177.34944599980352,175.92844623747123,176.97330087956456,92307300
2015-06-25,175.41859436035156,176.5804724618703,175.34336787105184,176.4550949797041,97107400
2015-06-26,175.38516235351562,176.02042951258704,174.83347592995116,175.77801604409242,104174800
2015-06-29,171.707275390625,175.39352658346507,171.63204889801438,173.9056542082529,202621300
2015-06-30,172.06668090820312,173.2954310829794,171.59022103225652,173.24526734242642,182925100
2015-07-01,173.4458770751953,173.88889443964797,172.66014431421925,173.63812676525103,135979900
2015-07-02,173.287109375,174.08956362412331,172.86916737650563,173.92238937564107,104373700
2015-07-06,172.79391479492188,173.57128067258205,171.79921094792178,171.99982766856422,117975400
2015-07-07,173.88055419921875,174.005931669229,170.61224543215388,172.9945193989469,173820200
2015-07-08,170.9633331298828,172.82735065650917,170.72928665813495,172.54315319146906,164020100
2015-07-09,171.27259826660156,173.32052393269564,171.1639420376246,173.06138922156467,144113100
2015-07-10,173.42918395996094,173.84712590022323,171.3143987625998,173.27036398192914,129456900
2015-07-13,175.34335327148438,175.45200949545605,174.64956816725388,174.6913649093545,106069400
2015-07-14,176.10403442382812,176.41332017593288,175.24307492700046,175.301592929007,81709600
2015-07-15,176.0454864501953,176.6055270618989,175.56902656518767,176.14578842406027,97914100
2015-07-16,177.45809936523438,177.45809936523438,176.85626212392506,177.09866276757114,106683300
2015-07-17,177.60861206054688,177.66713005724577,177.04021711615076,177.44979207473725,89030000
2015-07-20,177.70057678222656,178.19374528191426,177.38294953483293,177.83432128353846,70446800
2015-07-21,176.99842834472656,177.82595805590807,176.69750960925847,177.56682331473462,77965000
2015-07-22,176.6807861328125,177.01514736499615,176.27956540876897,176.3129951546989,88667900
2015-07-23,175.68603515625,176.91478525207174,175.32661127678128,176.81448328655927,90509100
2015-07-24,173.86383056640625,175.84487109283845,173.52948214791607,175.78636585916124,117755000
2015-07-27,172.8524169921875,173.4876968857565,172.40939956881726,172.9778072233487,132361100
2015-07-28,174.97555541992188,175.11765413377742,172.86077045003267,173.68828723981355,123544800
2015-07-29,176.17926025390625,176.4049397326802,174.9588640988521,175.1009628370131,105791300
2015-07-30,176.22103881835938,176.38821303691228,175.05079377933856,175.66935241801707,91304400
2015-07-31,175.95352172851562,176.7476087055919,175.66932432696382,176.72253321454752,103266900
2015-08-03,175.360107421875,175.97866620411892,174.40720012492417,175.92016095360543,113965700
2015-08-04,175.01742553710938,175.74464065836813,174.5326112047436,175.28490182986783,81820800
2015-08-05,175.59413146972656,176.6306193101824,175.30992125919204,175.91175866861994,85786800
2015-08-06,174.15640258789062,175.8866754985696,173.5712736981722,175.77800651826615,116030800
2015-08-07,173.82208251953125,174.14807678298348,172.91932623122239,173.99762377888777,117858000
2015-08-10,176.01205444335938,176.09563516897882,174.9337572199016,174.9337572199016,80270700
2015-08-11,174.42385864257812,175.09256818605766,173.66320137743796,174.67462631570467,126081400
2015-08-12,174.63287353515625,174.81676902476642,171.6571287099403,173.11992562438115,172123700
2015-08-13,174.41555786132812,175.1594941084162,173.87222561057453,174.47406310873316,89383300
2015-08-14,175.05079650878906,175.12602299512452,174.08116816965813,174.2232668953725,72786500
2015-08-17,176.0287628173828,176.0287628173828,173.99757134669795,174.45730997830594,79072600
2015-08-18,175.5188751220703,176.1039912257194,175.28482868061067,175.75292156352995,71692700
2015-08-19,174.13133239746094,175.543965411561,173.32052403028706,174.77495378843668,172946000
2015-08-20,170.49526977539062,174.10628221945106,170.43675177000995,172.6184096388763,194327900
2015-08-21,165.36289978027344,170.47015049672353,165.10377783345345,168.6228416186139,346588500
2015-08-24,158.3999481201172,165.07029592613802,152.46516923647926,156.71982661296926,507244300
2015-08-25,156.5359649658203,163.37348842234678,156.2434005299375,163.35676717483423,369833100
2015-08-26,162.5459747314453,162.82180517053467,157.4554325277485,160.55656714024025,339257000
2015-08-27,166.5665740966797,166.6919515691399,163.17288779329004,164.68583548232655,274143900
2015-08-28,166.57493591308594,167.04302883764254,165.43813334434464,165.92294751751413,160414400
2015-08-31,165.2291717529297,166.44956787940615,164.67748530858103,165.5969627158288,163298800
2015-09-01,160.29742431640625,162.8050754726631,159.4280981063428,161.42585968397782,256000400
2015-09-02,163.34005737304688,163.3818541142059,160.84076020480347,162.67970202462845,160269300
2015-09-03,163.45709228515625,165.54680194680597,162.96392386610506,164.05056268650245,152087800
2015-09-04,160.98284912109375,162.04442505995004,160.16368661345783,161.20018706006013,207081000
2015-09-08,165.02854919433594,165.17901492592512,163.1394562070167,163.7830903693618,116025700
2015-09-09,162.82177734375,166.73371962083738,162.4539992362937,166.60834216995147,149347700
2015-09-10,163.7078094482422,164.8529659077779,162.37039057590414,162.6295124532089,158611100
2015-09-11,164.4518280029297,164.5187002556144,162.60451869192718,163.31502521644617,119691200
2015-09-14,163.8416290283203,164.67751308331736,163.3568147458726,164.6273620807501,79452000
2015-09-15,165.88949584960938,166.3325132199818,163.79978645933429,164.34310579897624,113806200
2015-09-16,167.3272705078125,167.51953303122775,165.8477648562851,166.1904803932473,99581600
2015-09-17,166.9510955810547,169.59249188964412,166.57495035938427,167.19350906595068,276046600
2015-09-18,164.2228240966797,166.93676131069327,163.81111992003463,164.44129193331497,223657500
2015-09-21,165.07144165039062,166.09650952499217,164.0211551034523,165.054633475793,105726200
2015-09-22,162.92892456054688,163.39105340400803,161.79460947395006,162.90371869825682,153890900
2015-09-23,162.6684112548828,163.56745001444625,162.08865093790467,163.09692361831407,92790600
2015-09-24,162.08021545410156,162.54234410080934,160.11408210725114,161.45004352337662,159378800
2015-09-25,162.03829956054688,163.84478825137367,161.16445351017586,163.54230505253565,155054800
2015-09-28,157.97152709960938,161.2484294982135,157.66064631992091,161.13919557199506,178515900
2015-09-29,158.06396484375,159.42514531239374,157.06408971646624,158.19000695761784,159045600
2015-09-30,161.01312255859375,161.18116583114053,159.17301859513876,159.95442558187725,163452000
2015-10-01,161.43328857421875,161.7357716895095,159.49236059313813,161.39127453747872,131079000
2015-10-02,163.84475708007812,163.86996294011195,158.90420337928794,159.4503602620859,211003300
2015-10-05,166.76036071777344,166.98722628735067,164.96226998386578,165.07150392864102,126320800
2015-10-06,166.1890411376953,167.18891661877046,165.52526525830743,166.6259642094443,110274500
2015-10-07,167.55014038085938,167.90303517487249,165.92849104313925,167.12161520029284,124307300
2015-10-08,169.0625762939453,169.3482512350333,166.8611663774427,167.16364949767825,153055200
2015-10-09,169.1634063720703,169.64233051907377,168.53323424856578,169.20542041114757,107069200
2015-10-12,169.3230438232422,169.52469068762636,168.81050334145897,169.2390157491594,56395600
2015-10-13,168.25596618652344,169.86080769258092,168.0879228419,168.59205287577035,88038700
2015-10-14,167.4493408203125,168.77690504339486,167.15526817132374,168.19714460448515,99106200
2015-10-15,170.0204620361328,170.02885971648277,167.7434342144632,168.11313728403783,134142200
2015-10-16,170.79344177246094,170.81023713021614,169.65912690067984,170.4237387677061,114580100
2015-10-19,170.8775177001953,170.8775177001953,169.8356410305303,170.14652193088023,76523900
2015-10-20,170.6590576171875,171.2724217181772,170.18853102898234,170.4406025072031,78448500
2015-10-21,169.60032653808594,171.2303609681213,169.43227038451462,171.07912581496848,102038000
2015-10-22,172.46556091308594,172.67561835916482,169.60038709244566,170.54983803051766,174911700
2015-10-23,174.35604858398438,174.72575167820509,173.3393778957643,174.137593492348,144442300
2015-10-26,173.92752075195312,174.2384015897442,173.5578176903174,174.17959218678527,69033000
2015-10-27,173.5914306640625,173.9275173566874,172.91083395703598,173.25533115055208,77905800
2015-10-28,175.5659942626953,175.59120012816956,173.26377307679465,173.9275489024297,135906700
2015-10-29,175.4651641845703,175.8348672921028,174.94422588989488,175.06185753130183,90525500
2015-10-30,174.70896911621094,175.97772426842752,174.54933623019386,175.65843285461585,131076900
2015-11-02,176.77590942382812,176.96915864678198,174.91059863980655,175.03664077547026,86270800
2015-11-03,177.28842163085938,177.84297616889708,176.19612073435962,176.42298628553587,95246100
2015-11-04,176.7506866455078,177.70854780880495,176.21294025244424,177.582518506089,96224500
2015-11-05,176.57420349121094,177.27159543254461,175.6835623774952,176.80946669781952,78408700
2015-11-06,176.48178100585938,176.7170570376993,175.15422981012625,176.22972243760842,110471500
2015-11-09,174.83494567871094,176.0196722814713,173.88548229652773,175.8684243134523,131008700
2015-11-10,175.23828125,175.2718976132983,174.08717081431166,174.3560376162677,75874600
2015-11-11,174.5492401123047,175.55751271225728,174.48202022952364,175.50710100539192,67846000
2015-11-12,172.11256408691406,173.97787412988546,172.09576873220726,173.50734778046592,121315200
2015-11-13,170.18006896972656,171.9697618199223,170.09605371636437,171.7008950599256,153577100
2015-11-16,172.7679901123047,172.8268123328359,169.8775985069335,169.99524294799596,117645200
2015-11-17,172.64193725585938,173.96109075779063,172.1462049828163,173.07886013728063,121123700
2015-11-18,175.3810272216797,175.52386463894456,173.07880755168398,173.12080875256,121342500
2015-11-19,175.2299041748047,175.650019019232,174.93581865535054,175.26350772116834,88220500
2015-11-20,175.86837768554688,176.54896130897967,175.49027709707093,175.98600926464783,94011500
2015-11-23,175.6667938232422,176.43139295093874,175.2046650180068,175.92726292595165,64931200
2015-11-24,175.90206909179688,176.3053757035368,174.2720216423702,174.6585200725292,98874400
2015-11-25,175.87681579589844,176.22971058860594,175.6163339247472,176.02805092668055,51980100
2015-11-27,176.0784912109375,176.2801509055882,175.49033312764547,175.96925727372445,37317800
2015-11-30,175.3474578857422,176.35573050006636,175.23822397205575,176.23809890874324,112822700
2015-12-01,177.01953125,177.13717567897376,175.7003777036247,175.9776549557406,97858400
2015-12-02,175.21307373046875,177.2884418239364,174.96100229166035,176.9691504800534,108441300
2015-12-03,172.75965881347656,175.73406682135004,172.0370606344839,175.46519993801485,166224200
2015-12-04,176.1288604736328,176.42294585483205,172.75954562082165,172.75954562082165,192913900
2015-12-07,175.06179809570312,176.221305932794,174.09552660709724,175.80119123884788,102027100
2015-12-08,173.8855438232422,175.01144860880032,172.90247655636935,173.49904531877345,103372400
2015-12-09,172.53269958496094,175.33906266598441,171.55803041713432,173.2468996936525,162401500
2015-12-10,172.97808837890625,174.28884469095505,172.36472427306558,172.5999875690288,116128900
2015-12-11,169.62554931640625,171.52446352485714,169.31465565799652,170.8606878072256,211173300
2015-12-14,170.48255920410156,170.60860132073222,168.00388476098058,169.78518000646062,182385200
2015-12-15,172.2722625732422,173.17971202028292,170.45736367916072,171.99498528490597,154069600
2015-12-16,174.79295349121094,175.09543664417558,172.07901561545526,173.39816935138043,197017000
2015-12-17,172.12939453125,175.17102084127197,172.11258635348722,175.10380095110403,173092500
2015-12-18,169.06295776367188,171.52256798272361,168.90236195305133,171.38734094495004,251393500
2015-12-21,170.45751953125,170.6350234924526,169.12205468560254,170.23776439102394,99094300
2015-12-22,172.00430297851562,172.30013863391332,170.35610707732334,171.3450246180387,111026200
2015-12-23,174.13436889648438,174.17663299550472,172.91723506897483,173.0102109279427,110987200
2015-12-24,173.8468780517578,174.3962852200451,173.6271229227537,173.88069446987208,48539600
2015-12-28,173.44970703125,173.49195822642517,172.3762609916817,173.15387128188235,65899900
2015-12-29,175.3007354736328,175.63037473039074,174.514677591052,174.5484811237396,92640700
2015-12-30,174.05821228027344,175.14011857409662,173.91452472416242,175.05559041300234,63317700
2015-12-31,172.31703186035156,174.02440003081537,172.31703186035156,173.38202988913335,114877900
2016-01-04,169.90814208984375,169.91658974704953,167.85422643642048,169.46017121139246,222353500
2016-01-05,170.1955108642578,170.65192938292125,169.0882616437573,170.22931438900892,110845800
2016-01-06,168.04867553710938,169.09675273703556,167.01749365530566,167.6429557527611,152112600
2016-01-07,164.0168914794922,166.88222079288164,163.62807998718796,165.09878489652976,213436100
2016-01-08,162.21656799316406,165.53832917185426,161.92919283899013,164.9804741804424,209817200
2016-01-11,162.377197265625,163.47599926089094,160.44162550789264,163.13789939462924,187941300
2016-01-12,163.687255859375,164.43951009387482,161.55727250549293,163.8224957637583,172330500
2016-01-13,159.60479736328125,164.70153370781395,159.2244464071734,164.3549862801032,221168900
2016-01-14,162.2249755859375,163.3491329495892,158.61585304162892,160.21333710635813,240795600
2016-01-15,158.7426300048828,159.5455958534582,156.80705915317225,157.86359655845175,324846400
2016-01-19,158.95396423339844,160.68668844906233,157.38183579391037,160.55990909796947,195244400
2016-01-20,156.91700744628906,158.48068873400786,153.00359974257418,156.39296876264322,286547800
2016-01-21,157.79598999023438,159.6385851905549,156.06326591928874,157.3902832034348,195772900
2016-01-22,161.03323364257812,161.23608060151886,159.6470568686722,160.40775875907423,168319600
2016-01-25,158.59902954101562,160.7205531726098,158.404630162925,160.5261537945192,130371700
2016-01-26,160.7627410888672,161.041668532484,158.92014590624152,159.2582327424634,141036800
2016-01-27,159.01318359375,161.9123173891218,158.1087809643096,160.23876497341794,185681700
2016-01-28,159.8414764404297,160.7627742216194,158.19328020408372,160.5599272369545,143798800
2016-01-29,163.73797607421875,163.873215985602,160.49229558414746,160.61062728231084,210529300
2016-02-01,163.67881774902344,164.4648885160024,162.14895320031806,162.73216408290494,136061600
2016-02-02,160.7289276123047,162.25879173184157,160.20487628226638,162.2503440754742,182564900
2016-02-03,161.69253540039062,162.09824227403948,158.14257123728788,161.78551123572566,205054900
2016-02-04,161.94606018066406,162.91806944389361,160.55988360763845,161.19380605683648,139531800
2016-02-05,158.86097717285156,162.0052338294124,158.2270546678544,161.4304836155311,180788300
2016-02-08,156.7226104736328,157.3142691411738,154.5081110763258,157.01844625599912,191526700
2016-02-09,156.73101806640625,158.00732382709526,154.84615847267247,154.98139838987723,184513100
2016-02-10,156.5957489013672,159.190598016285,156.468956676666,157.55931048204576,148214100
2016-02-11,154.55874633789062,155.6068360996528,153.0626857426202,154.11922316074063,219058900
2016-02-12,157.74533081054688,157.76222613011902,155.488567517376,156.33379779484181,127632400
2016-02-16,160.4077911376953,160.43314701268105,158.59055131203985,159.55411325306656,120250700
2016-02-17,163.02796936035156,163.39987263036465,161.44738046279596,161.57417270331123,136009500
2016-02-18,162.3602294921875,163.35760761031935,162.04749851565145,163.29843531898203,102343000
2016-02-19,162.28419494628906,162.43633018840046,160.9740855847328,161.5826523475565,114793000
2016-02-22,164.6339111328125,164.7775986962907,163.79712872494707,163.86474867785222,103640300
2016-02-23,162.55470275878906,164.24516341361578,162.43635813164758,163.97468351819168,111455300
2016-02-24,163.29843139648438,163.5773588406894,160.01894780722012,161.126197029946,150812200
2016-02-25,165.2762451171875,165.28470567018846,162.9856793640243,163.74638109741173,110728300
2016-02-26,164.8958740234375,166.23978627292283,164.7352783023324,166.1468233787913,129833700
2016-02-29,163.60272216796875,165.85948479522963,163.40832287272696,164.9128312909009,125918100
2016-03-01,167.44850158691406,167.5330297386058,164.354956954464,164.82828365069315,141799700
2016-03-02,168.2008056640625,168.25151741126524,166.7216528504338,167.13582028123787,102415000
2016-03-03,168.86009216308594,168.87700037868333,167.4485592446589,168.02330960307438,95172200
2016-03-04,169.40948486328125,170.1871080063001,168.22616772771258,169.05448972261064,129293600
2016-03-07,169.544677734375,169.9503974086945,168.41207266223464,168.48814026472485,100219000
2016-03-08,167.69366455078125,168.97841805089885,167.53308164830707,168.47128767517106,123974900
2016-03-09,168.52203369140625,168.86856833793735,167.71905452980644,168.50512547295367,94801200
2016-03-10,168.6572723388672,169.95048674693686,166.83158443345968,169.01228046481114,156838700
2016-03-11,171.37881469726562,171.42107877289033,168.64027799850288,170.1109698116354,137964500
2016-03-14,171.15916442871094,171.61558319242258,170.54214981754,170.87178917388536,73612000
2016-03-15,170.88018798828125,171.1844713761723,169.93353429137107,170.19555358982376,93169100
2016-03-16,171.86912536621094,172.2748451944404,170.3561688104932,170.39843290474928,129303200
2016-03-17,172.95944213867188,173.466572468125,171.38731361270996,171.7845727975683,134278500
2016-03-18,173.6391143798828,173.97894501049038,173.14635089090652,173.4606948724039,138372400
2016-03-21,173.88548278808594,174.11487558474272,173.14634406561157,173.37573686226835,72926700
2016-03-22,173.7920379638672,174.36126141225773,172.9509525979609,173.11236372451606,97471900
2016-03-23,172.64508056640625,173.596616617055,172.47515230275633,173.4097058980052,81052500
2016-03-24,172.568603515625,172.60259435302078,171.39617889959257,171.61706748784076,84360900
2016-03-28,172.67056274414062,173.19730404944426,172.22028137727668,172.98490668908556,62408200
2016-03-29,174.26776123046875,174.3782119930276,171.9568771891286,172.26272987000317,92922900
2016-03-30,175.03245544433594,175.75459883610552,174.66712517015125,175.27033949853165,86365300
2016-03-31,174.60765075683594,175.36378494996057,174.44622666554395,174.93899016812185,94584100
2016-04-01,175.7970733642578,175.9839841079192,173.2992779386992,173.6136348968796,114423500
2016-04-04,175.2278289794922,175.9244985706201,174.92197625036152,175.72059242996414,63497000
2016-04-05,173.4776611328125,175.2363044443393,173.22278172084626,173.88546041373525,99662200
2016-04-06,175.3722381591797,175.43171563832263,173.29923799902537,173.47765747274903,91839800
2016-04-07,173.27378845214844,174.64162816452992,172.54314091080727,174.2848021043923,113859000
2016-04-08,173.74105834960938,174.88800939705797,173.20581279897237,174.45471044132043,95040600
2016-04-11,173.33322143554688,175.07488218190852,173.23976608924343,174.37821269788202,83757500
2016-04-12,174.9474639892578,175.22783007301945,173.0613743084662,173.50316446745788,115350600
2016-04-13,176.71461486816406,176.79957900310268,175.72908794318658,175.8650253736056,96336400
2016-04-14,176.72312927246094,177.22439699240624,176.37480738642867,176.7741155383348,65212900
2016-04-15,176.52764892578125,176.8589882064704,176.2048008704472,176.72305081857155,75761600
2016-04-18,177.76809692382812,177.80207479698296,175.8650119345109,176.52769065252997,82531000
2016-04-19,178.32882690429688,178.58370634137805,177.5132282620851,178.1929024397327,88316100
2016-04-20,178.4987335205078,179.19539006940838,177.89551935803937,178.37128733557245,81100300
2016-04-21,177.53872680664062,178.62620037826784,177.26685193188004,178.5157495899329,85695000
2016-04-22,177.53872680664062,177.81058871769366,176.6381639704844,177.18190075629803,99251700
2016-04-25,177.23287963867188,177.2753617096552,176.32381258171915,176.9355181054966,66166500
2016-04-26,177.49623107910156,178.0059899481992,177.0204630485873,177.59817766743848,75864200
2016-04-27,177.86155700683594,178.25236089517963,176.75708812621428,177.11391414050013,77329400
2016-04-28,176.24734497070312,178.2098947059655,175.83105439880347,177.10543869065773,97216200
2016-04-29,175.29580688476562,175.97548109221796,174.191337918119,175.6271462783889,142424100
2016-05-02,176.68911743164062,176.8675239549284,175.3637599752499,175.79704592408345,62188000
2016-05-03,175.15138244628906,175.6951192326224,174.4037395036904,175.45723519883327,106422100
2016-05-04,174.17434692382812,174.88801198982688,173.6730922065313,174.15736446689803,92243800
2016-05-05,174.140380859375,174.99846168602681,173.71558606056962,174.6416356106753,67619200
2016-05-06,174.777587890625,174.8200699668526,173.21434600964184,173.36726592760976,89315000
2016-05-09,174.92198181152344,175.35526779002257,174.47170041316932,174.65011991237895,74374900
2016-05-10,177.096923828125,177.1139192474971,175.55916894946716,175.62713766324902,77472200
2016-05-11,175.440185546875,177.17334196640778,175.440185546875,176.6381095376849,81727000
2016-05-12,175.49119567871094,176.2813206126645,174.48018215348213,176.1113923507691,89586300
2016-05-13,173.96192932128906,175.74607233337468,173.63909414893814,175.19384438205137,96474600
2016-05-16,175.67808532714844,176.15385329050272,174.07236196897537,174.131839446247,77486800
2016-05-17,174.03842163085938,175.69511863327767,173.51166730323104,175.40626130233449,114924900
2016-05-18,174.08938598632812,175.27031486213005,173.00191247323167,173.6900778878326,120062100
2016-05-19,173.48619079589844,173.77504814372764,172.279775139928,173.36724877245652,115430500
2016-05-20,174.58212280273438,175.10037283251347,174.04687735586444,174.09785064343208,104990400
2016-05-23,174.34426879882812,174.8795013740327,174.15735806980203,174.59913528049358,58682600
2016-05-24,176.6041717529297,176.91852869488514,175.13438549336922,175.15987214221596,93537800
2016-05-25,177.80210876464844,178.21841233163534,176.60418432871938,177.28385859501512,76621400
2016-05-26,177.85304260253906,178.16739949712752,177.53869867165608,177.93800672836414,55280700
2016-05-27,178.61769104003906,178.62618226762407,177.96350353221763,178.01447682514024,64211200
2016-05-31,178.27789306640625,179.00004947068078,177.7171607734667,178.8895986653022,109879400
2016-06-01,178.6432647705078,178.8216713827056,177.47082660692922,177.66622864628815,69936200
2016-06-02,179.1869659423828,179.20394840243617,177.76815270533007,178.2439208610232,63044700
2016-06-03,178.65170288085938,179.00003773366728,177.44528718539402,178.62621622955234,101757100
2016-06-06,179.56069946289062,179.91752540474565,178.84703461547696,179.00845865282406,64887000
2016-06-07,179.8411102294922,180.40184244536616,179.68819033263986,179.71367698211526,60974800
2016-06-08,180.42735290527344,180.5547991331768,179.84963815598184,179.97707142017572,66170900
2016-06-09,180.18096923828125,180.29991126724124,179.42483499052656,179.69669692941702,73786900
2016-06-10,178.4733123779297,179.14448252891103,177.92956253123813,178.80465183843867,113829200
2016-06-13,177.096923828125,178.72813406776956,177.01197265867765,177.8700533632236,117751200
2016-06-14,176.7486114501953,177.34333453029458,175.7970752639697,176.71463357084795,125059300
2016-06-15,176.50222778320312,177.87006746772474,176.3153170464083,176.74860304695576,109124500
2016-06-16,177.02894592285156,177.19887418033667,174.66708833731502,176.50220462302434,149533100
2016-06-17,176.36968994140625,176.95040897544104,175.71210030370545,176.9247897845939,117055700
2016-06-20,177.50552368164062,179.00857269505818,177.42011769051902,178.33391227724638,82789600
2016-06-21,178.00936889648438,178.419288947969,177.44572068124083,177.88980833850454,72461700
2016-06-22,177.71900939941406,178.91461497918837,177.57381662154108,178.18870321431743,95560500
2016-06-23,180.0333709716797,180.08460935149466,178.71820477564012,179.17936322509908,102731400
2016-06-24,173.56854248046875,180.06754207953452,173.1244547948989,173.90160498686507,333444400
2016-06-27,170.45994567871094,172.16796111424463,169.64862792193355,172.15941269714784,230775800
2016-06-28,173.5343475341797,173.55996672054923,171.75801010286608,172.06545337042272,159382400
2016-06-29,176.48924255371094,176.71981526094208,174.83246545427784,174.93494221304724,137328600
2016-06-30,178.89749145507812,178.94872982124562,176.40379106300261,176.95890376909844,165021900
2016-07-01,179.27328491210938,179.76007552914442,178.73525592088592,178.8975194598976,106055300
2016-07-05,177.98373413085938,178.55591768190934,177.38593139327895,178.4448925195293,109803700
2016-07-06,179.05126953125,179.17083009603255,176.83084414971785,177.488433771584,96021500
2016-07-07,178.9402313232422,179.89671577185584,178.1716296100524,179.23059081212514,85593800
2016-07-08,181.60472106933594,181.85239058459535,180.0077309381104,180.23831665170167,133971000
2016-07-11,182.2452392578125,182.8174358882521,181.86093839631639,182.06590493697192,73633900
2016-07-12,183.5689697265625,183.8678776620478,182.27087425209353,183.21028802265488,101275600
2016-07-13,183.54330444335938,183.99592741065823,183.05652690712833,183.98739202620553,87324100
2016-07-14,184.5681915283203,185.0378985007962,184.17535517397832,184.8073127086486,91230900
2016-07-15,184.32049560546875,185.3282185029604,183.87640792347915,185.13180036772673,107155400
2016-07-18,184.81582641601562,184.97808997886082,184.18385596891446,184.44006090861086,58725900
2016-07-19,184.6279296875,184.6620842623495,184.1496874528655,184.39734395611424,54345700
2016-07-20,185.39649963378906,185.63562071011253,184.6278980357667,184.6278980357667,58159500
2016-07-21,184.6962432861328,185.5075479701267,184.252155646983,185.28551066611325,67777300
2016-07-22,185.52462768554688,185.57586605987336,184.55105947997558,184.81579976807757,62787500
2016-07-25,185.02073669433594,185.37088292903695,184.44001779581654,185.31964455929952,55873100
2016-07-26,185.10617065429688,185.46485232781606,184.2606983324223,184.9182879161025,70080500
2016-07-27,184.90972900390625,185.55023470322453,184.1411143460512,185.4819125315626,84083900
2016-07-28,185.123291015625,185.41365056613026,184.25219933298322,184.71335785254297,65035700
2016-07-29,185.42213439941406,185.78081604403943,184.5766751767694,184.85849926135842,79519400
2016-08-01,185.26841735839844,185.8747554783394,184.81579435693638,185.4819192659229,73311400
2016-08-02,184.08139038085938,185.17451936087704,183.24446635609203,185.0207911752767,92295500
2016-08-03,184.61941528320312,184.67920208910886,183.722717443625,184.02161237977572,53993600
2016-08-04,184.81582641601562,185.13180512400393,182.97116648755107,184.73042042574198,46585500
2016-08-05,186.32736206054688,186.3700650445132,184.81577807088328,184.81577807088328,71892200
2016-08-08,186.21636962890625,186.61775426461165,185.9516293438926,186.51526448603158,39906500
2016-08-09,186.32736206054688,186.82268800608992,186.00284805086918,186.28467210770165,51251700
2016-08-10,185.86622619628906,186.5152673252711,185.51607992898232,186.43840976350796,57941100
2016-08-11,186.7287139892578,186.97638343426493,186.13091141166637,186.39565162237693,72504300
2016-08-12,186.56651306152344,186.78001496957046,186.1651284319052,186.4213202966638,61313500
2016-08-15,187.10450744628906,187.45465366260393,186.92517316162494,186.93370854575915,49813500
2016-08-16,186.1395263671875,186.75439993028866,186.1395263671875,186.68609078081792,53213600
2016-08-17,186.48963928222656,186.62628362850955,185.33673681715914,186.1736606336789,75134300
2016-08-18,186.90814208984375,186.94229666713656,186.35304224874523,186.46405439829022,52989300
2016-08-19,186.6348419189453,186.8141892743431,185.95164616592666,186.43842379150863,75443000
2016-08-22,186.62632751464844,186.85691327433418,186.02852464798647,186.3957417549627,61368800
2016-08-23,187.00205993652344,187.5400889368396,186.94227314487813,187.24118104085886,53399200
2016-08-24,186.0455780029297,186.95082405730236,185.62710954919459,186.85688269140766,71728900
2016-08-25,185.91748046875,186.33594894822622,185.5075604065047,185.66127554317524,69224800
2016-08-26,185.5673065185547,187.13014199743318,184.67914434418842,186.10533547897305,122506300
2016-08-29,186.4811248779297,186.7458651841872,185.66127173911343,185.69543934508937,70502200
2016-08-30,186.1736602783203,186.6775216442648,185.618560540398,186.39569756726482,58114500
2016-08-31,185.64418029785156,185.96015894676873,184.86703023747037,185.8405984014118,85269500
2016-09-01,185.6527099609375,185.9430694148379,184.49125911421413,185.63562616037814,97844200
2016-09-02,186.48963928222656,186.91664309101938,185.9174557421788,186.50672308329246,79293900
2016-09-06,187.05331420898438,187.1301717780979,186.0541267171368,186.77149009111085,56702100
2016-09-07,187.03627014160156,187.21561753875966,186.42993181494552,186.8910903587244,76554900
2016-09-08,186.60919189453125,186.97642193066534,186.3017486440252,186.70313324971704,74102900
2016-09-09,182.1427764892578,185.34530563284395,182.11715729859907,185.29406725152649,221589100
2016-09-12,184.7559814453125,185.15736601719664,181.3143322251216,181.38265438960406,168110900
2016-09-13,182.10003662109375,183.7397296468542,181.47661472276025,183.4749893762381,182828800
2016-09-14,182.03170776367188,183.3554220992557,181.4766080573567,182.15126830185304,134185500
2016-09-15,183.8507843017578,184.2350851766038,181.6901457728944,181.8694931310886,134427900
2016-09-16,183.1400909423828,183.41476016392667,182.4534440824219,183.23450685016985,155236400
2016-09-19,183.17445373535156,184.43618779641704,182.84828726877788,183.7924464630959,80250500
2016-09-20,183.18301391601562,184.18724872391758,183.14868681099702,184.0327571059094,69665300
2016-09-21,185.24298095703125,185.4232211655108,183.2001712812714,183.88683120645484,110284400
2016-09-22,186.41024780273438,186.71066555155627,186.00684876700922,186.25575622696041,76678700
2016-09-23,185.38888549804688,186.15279119157253,185.29446959898425,186.01545659349085,73630900
2016-09-26,183.88681030273438,184.73654024001206,183.6893869199581,184.55630005202167,89827300
2016-09-27,185.02833557128906,185.12273834461286,183.35459849863577,183.7236834812991,78494800
2016-09-28,185.9468231201172,186.1013278453021,184.2902684316123,185.25158459916122,87411000
2016-09-29,184.26449584960938,186.1442224638383,183.71517048673903,185.7408102180015,128070600
2016-09-30,185.655029296875,186.3588464433506,184.84820461663375,185.09711220458234,117202900
2016-10-03,185.2086181640625,185.431777046321,184.57345551878453,185.24295835945435,83512100
2016-10-04,184.26449584960938,185.54339989459726,183.6722648793966,185.32024096800765,119948100
2016-10-05,185.07994079589844,185.50910171183054,184.82244162694883,184.89110894513217,72816000
2016-10-06,185.2086181640625,185.431777046321,184.3159695380813,184.85670319450523,62927400
2016-10-07,184.573486328125,185.654980015392,183.84392076610686,185.48331830062003,89788300
2016-10-10,185.5348663330078,185.9983543995605,185.38895318063098,185.5348663330078,51855000
2016-10-11,183.19158935546875,185.17432343207392,182.46202378771093,185.10565612623503,130367400
2016-10-12,183.43191528320312,183.95549198417868,182.83107968438495,183.32890778506237,73866100
2016-10-13,182.83108520507812,183.32891332078776,181.2861167527466,182.10151967968795,101357000
2016-10-14,182.925537109375,184.27310861663997,182.8482912909455,183.80960751216045,93346200
2016-10-17,182.29034423828125,183.15724433290873,182.11009094096957,182.89974523544126,58275700
2016-10-18,183.43191528320312,183.94690038611378,183.05425168289966,183.88682468440092,76869700
2016-10-19,183.92117309570312,184.23016943203046,183.33752062539025,183.6980141682805,66519200
2016-10-20,183.5778350830078,184.13573890575714,182.91692375835873,183.5692434846294,73639800
2016-10-21,183.66366577148438,183.74950317655933,182.61651229492608,183.57784146335862,89089100
2016-10-24,184.44471740722656,184.81380248424253,184.09280242836073,184.5391333016309,60146600
2016-10-25,183.8267364501953,184.52197485427587,183.66365324984093,184.26447575355573,66542300
2016-10-26,183.4576416015625,184.04129393336314,182.76239018711055,183.00273225561594,75705500
2016-10-27,182.9683837890625,184.2129472848537,182.8911380010425,184.17862018916017,77220200
2016-10-28,182.427734375,183.62080131508793,181.71533870960516,182.94273276369464,140623200
2016-10-31,182.43624877929688,182.985574049549,182.27316558865292,182.76240206363727,61272500
2016-11-01,181.11448669433594,182.81397336688,179.90426285394787,182.76246305505438,122781800
2016-11-02,180.02439880371094,181.19171684432766,179.58664635288605,180.80546160019983,103330800
2016-11-03,179.20042419433594,180.45357978386227,178.92576802899876,180.23899933405616,88939300
2016-11-04,179.00302124023438,180.15316935542643,178.85710809997437,179.31201762459438,109122100
2016-11-07,182.9512176513672,182.98555784474982,179.0029467138762,179.0029467138762,109794900
2016-11-08,183.77517700195312,184.3416722122671,182.2902847963821,182.55636230812067,106772100
2016-11-09,185.7236785888672,186.34167134365006,182.25605112070207,182.28179972740537,258429000
2016-11-10,186.1871337890625,187.38020037818183,184.72798957960677,186.51330021241645,172113300
2016-11-11,185.7579345703125,185.99826353882025,184.81378879315955,185.46610840811684,100552700
2016-11-14,185.9038848876953,186.4875504259405,185.15714923575797,186.2815485129806,94580000
2016-11-15,187.3544464111328,187.3544464111328,186.08413405189424,186.29012286331468,91652600
2016-11-16,187.0024871826172,187.2342376376212,186.61624515557435,186.7364096328087,65617700
2016-11-17,187.96385192871094,188.02392763030738,187.04544153003013,187.15702752907129,69797200
2016-11-18,187.54330444335938,188.20421586529451,187.36305111121317,188.0325541327914,86265800
2016-11-21,188.95950317382812,188.9852517751859,187.9724385299163,188.11835163659336,72402600
2016-11-22,189.32855224609375,189.50879242128624,188.5989737546482,189.2684634563987,67429000
2016-11-23,189.4315948486328,189.48309205465273,188.61619186043498,188.81360218249452,56620200
2016-11-25,190.1353759765625,190.1697030727558,189.6976236441837,189.77488253027462,37872300
2016-11-28,189.24270629882812,190.1010277337246,189.1397119176632,189.8263716849695,76572500
2016-11-29,189.61178588867188,190.06669518836574,188.97662333016285,189.2770410625397,69886700
2016-11-30,189.15692138671875,190.39290660575261,189.0968325872345,190.22982340366502,113291800
2016-12-01,188.461669921875,189.45731297095935,188.1011633438361,189.45731297095935,79040500
2016-12-02,188.55612182617188,189.0453715259651,188.19562825119576,188.5475433232978,74840300
2016-12-05,189.68907165527344,190.03239505297432,189.19124356074346,189.38865385957408,67837800
2016-12-06,190.2899169921875,190.32425719424867,189.39726819284246,189.8779262461013,59877400
2016-12-07,192.77903747558594,192.83911317744608,190.01524086325963,190.13540536392824,110738100
2016-12-08,193.2510986328125,193.72317812153088,192.4871929499584,192.75328364138,99714400
2016-12-09,194.41844177246094,194.43561187344972,193.43995556729564,193.47429576927317,88005800
2016-12-12,194.1952362060547,194.80465022376663,193.77465396301707,194.32397919017512,102016100
2016-12-13,195.49130249023438,195.98913053789093,194.83898285724317,194.85615295459598,110477500
2016-12-14,193.877685546875,195.89473343151758,193.43993315255847,195.19091653592832,142501800
2016-12-15,194.67593383789062,195.5342554988994,193.88627948139643,194.1180299970146,124972600
2016-12-16,194.29515075683594,195.19307389517814,193.97570417303768,195.1326309338425,156420200
2016-12-19,194.71820068359375,195.14126186601032,194.32968209826544,194.47645520053877,90341100
2016-12-20,195.46932983398438,195.6161161046466,195.02038148255485,195.25348472013317,89838800
2016-12-21,194.92544555664062,195.5125380525151,194.92544555664062,195.33986456397218,67909000
2016-12-22,194.58876037597656,194.89957797729542,194.19159942879057,194.77870519756837,56219100
2016-12-23,194.8736572265625,194.88228629058872,194.441966890667,194.63189851824896,36697800
2016-12-27,195.35711669921875,195.75426436649033,195.1240002667776,195.14127156618028,42672500
2016-12-28,193.7426300048828,195.63343590620065,193.63039946871237,195.61617777703253,64095000
2016-12-29,193.69944763183594,194.1656673706514,193.25911508358175,193.8116781541725,48696100
2016-12-30,192.99148559570312,194.11388313342871,192.30077840524552,194.02753979431756,108998300
2017-01-03,194.4678497314453,194.97724112010118,193.29365159666258,194.2951630733348,91366500
2017-01-04,195.62481689453125,195.77159004486924,194.78733649178588,194.79596555681337,78744400
2017-01-05,195.46932983398438,195.62474516651017,194.6750213959088,195.3570993331971,78379000
2017-01-06,196.16873168945312,196.63495146380882,195.03769192320487,195.58162597173967,71559900
2017-01-09,195.52113342285156,196.04779599985687,195.48659082893735,195.9096519724792,46939700
2017-01-10,195.52113342285156,196.37587159720445,195.13260169908438,195.5383915456691,63771900
2017-01-11,196.07369995117188,196.07369995117188,194.76998707688185,195.4347936934471,74650000
2017-01-12,195.58157348632812,195.77151824042647,194.22607302205208,195.5556731266002,72113200
2017-01-13,196.03053283691406,196.3327080884341,195.7197153494871,195.7542447706945,62717900
2017-01-17,195.33985900878906,195.79744966877882,194.95134037708073,195.39165973646453,61240800
2017-01-18,195.7715606689453,195.81473233589497,195.03768185323028,195.59024493741396,54793300
2017-01-19,195.0462646484375,195.9873461000762,194.61457445878975,195.84920207759552,66608800
2017-01-20,195.76295471191406,196.25507488562653,195.09814785002,195.72841210461988,129168600
2017-01-23,195.2535400390625,195.8233744628679,194.49377398146592,195.7629446644216,75061600
2017-01-24,196.50543212890625,196.91985113299535,195.35713433657327,195.46936485746957,95555300
2017-01-25,198.20628356933594,198.20628356933594,197.2910890998224,197.455133515812,84437700
2017-01-26,197.9990997314453,198.32718861684924,197.72281158075904,198.05952953056786,59970700
2017-01-27,197.6882781982422,198.223570011819,197.50696245620986,198.0767968750042,59711100
2017-01-30,196.46226501464844,197.0234571545579,195.47801162329733,196.99755678958624,79737300
2017-01-31,196.4449462890625,196.50538924216661,195.40026335635784,195.97008442231504,75880800
2017-02-01,196.522705078125,197.36018538702106,195.93561254256352,196.44500397914956,79117700
2017-02-02,196.65219116210938,196.93710832392662,195.8319822761067,196.52267617538791,69657600
2017-02-03,198.0077362060547,198.1890519584961,197.24797011152236,197.55878770560432,80563200
2017-02-06,197.6537322998047,197.99909247550636,197.31701436233536,197.60193156698534,57790100
2017-02-07,197.662353515625,198.28398859163022,197.4724087327266,198.04224308142176,57931200
2017-02-08,197.92140197753906,198.0509038165239,197.11845105339995,197.662385125425,51566200
2017-02-09,199.09561157226562,199.39778693840265,197.92141319373198,197.92141319373198,65955200
2017-02-10,199.8812713623047,200.1057587872664,199.11286302687384,199.44095192542116,66015900
2017-02-13,200.96913146972656,201.2281483174449,200.34749630486021,200.37339667221764,55182100
2017-02-14,201.77207946777344,201.7807217067615,200.44247890394354,200.78782593570213,71109000
2017-02-15,202.82540893554688,203.01535375890472,201.50443741119582,201.55623814953978,86785800
2017-02-16,202.6527099609375,203.0325995599349,201.90157300101112,202.85128382436127,84722400
2017-02-17,202.9720916748047,202.9720916748047,201.9705672657849,201.98783856225467,77204100
2017-02-21,204.18087768554688,204.3535511663621,203.33475523351058,203.3433974707437,88946100
2017-02-22,203.99957275390625,204.22404697342085,203.61105410799365,203.77509853439167,62115200
2017-02-23,204.13771057128906,204.53485826860089,203.37793142979874,204.5176001420342,74615900
2017-02-24,204.39674377441406,204.43990226843368,203.2484459068218,203.29161757498488,82381600
2017-02-27,204.7161865234375,204.8888600186721,204.06002197188874,204.31039656385744,56515400
2017-02-28,204.1636199951172,204.57803901152806,203.77510134384804,204.33629348744313,96961900
2017-03-01,207.02145385742188,207.48768688200394,205.8040837283026,205.82135503362124,149158200
2017-03-02,205.71771240234375,206.8401098889274,205.6659116708949,206.8314676509237,70246000
2017-03-03,205.84718322753906,206.0112276351819,205.25144855731665,205.63133809624927,81974300
2017-03-06,205.23423767089844,205.58821375534086,204.62986062486473,205.05292192225946,55391500
2017-03-07,204.62120056152344,205.28600730695996,204.4139844764914,204.9320181020003,65103700
2017-03-08,204.24131774902344,205.17377040129966,204.1031736877656,204.91475357997692,78168800
2017-03-09,204.50033569335938,204.82842454711275,203.5333536075299,204.3621916313429,90683900
2017-03-10,205.21693420410156,205.50185137922537,204.2672102870221,205.45867971496864,81991700
2017-03-13,205.32054138183594,205.36371304729602,204.82842128319064,205.1564969575733,57256800
2017-03-14,204.5348663330078,204.8284257600669,203.9218734621619,204.77661185589673,59880800
2017-03-15,206.30474853515625,206.72780968325893,204.87153387747583,205.10465027942135,96081800
2017-03-16,205.8989715576172,206.5206065522453,205.5708959362205,206.44290547145192,78344000
2017-03-17,205.5373992919922,206.35250986082218,205.5373992919922,206.1617387391192,89002100
2017-03-20,205.31199645996094,205.82360402785622,204.92178752226891,205.53744727849318,52537000
2017-03-21,202.67587280273438,206.04036769204072,202.54580758029502,205.91896907394496,131809300
2017-03-22,203.15277099609375,203.43892767511824,202.08619663351524,202.7105360729405,97569200
2017-03-23,202.93597412109375,204.07192093148615,202.56311174028892,203.15275826754893,100410300
2017-03-24,202.78857421875,203.811789098104,202.00815653895305,203.23948897426524,112504900
2017-03-27,202.58045959472656,202.8406032355756,200.8375196945119,201.11499654168372,87454500
2017-03-28,204.05455017089844,204.47943855162063,202.16418588136804,202.27691785084215,93483900
2017-03-29,204.245361328125,204.47949192913052,203.54298275656367,203.76844675436723,61950400
2017-03-30,204.89573669433594,205.09518767334725,204.01126673659485,204.18469144018388,56737900
2017-03-31,204.41880798339844,205.0864937077872,204.36676866759603,204.55753979783736,73733100
2017-04-03,204.06329345703125,204.67028653720263,202.83196085683875,204.47084878902993,85546500
2017-04-04,204.19338989257812,204.28010887362666,203.39562554647517,203.7771678927546,56466200
2017-04-05,203.5863037109375,205.8495304751742,203.3781861903751,204.8696620091071,108800600
2017-04-06,204.15866088867188,204.67893495482306,203.28284437874893,203.72509255115142,69135800
2017-04-07,203.9505615234375,204.6442735716667,203.4649670591141,203.90720203952503,74412300
2017-04-10,204.07196044921875,204.86972467488317,203.54300650018013,204.08930688910144,67615300
2017-04-11,203.82916259765625,203.93321477372265,202.33768632723948,203.69041754192986,88045300
2017-04-12,202.93597412109375,203.74241802626318,202.71052337210392,203.5516469188663,81864400
2017-04-13,201.61793518066406,203.33487525261768,201.61793518066406,202.59780381684874,92880400
2017-04-17,203.404296875,203.404296875,201.93883348420877,202.13827125452727,68405400
2017-04-18,202.7972412109375,203.3348749236641,202.11220908904167,202.66717600787345,83225800
2017-04-19,202.4244384765625,203.73381042203994,202.19897441618463,203.3609479090441,68699900
2017-04-20,204.07196044921875,204.51420866175764,202.71922923042013,203.0400655952371,92572200
2017-04-21,203.42160034179688,204.0459398398568,203.0227248594819,203.99391375359454,110389800
2017-04-24,205.65884399414062,205.86696160031948,203.39561629884614,205.66751059926793,119209900
2017-04-25,206.85545349121094,207.20230286363807,206.21376759761978,206.30048655645427,76698300
2017-04-26,206.7253875732422,207.70525629530476,206.68204132265512,206.82077314115497,84702500
2017-04-27,206.8988037109375,207.20229359036477,206.36117000684501,207.04621534919443,57410300
2017-04-28,206.4479217529297,207.18498006128496,206.3178432998386,207.15896701695812,63532800
2017-05-01,206.9681854248047,207.39308717979222,206.55196350512594,206.9681854248047,66882500
2017-05-02,207.04620361328125,207.22829488432527,206.63864836472018,207.10689629314456,57375700
2017-05-03,206.79473876953125,207.14160135864626,206.11837326007554,207.04621580057147,73137700
2017-05-04,207.0375213623047,207.17626638816398,206.18773123396085,207.09822727291336,61462700
2017-05-05,207.8526611328125,207.87000757135223,206.96817800766829,207.41042618596828,62001300
2017-05-08,207.8179931640625,208.04344395192322,207.39309140042783,207.8960322946924,48385700
2017-05-09,207.627197265625,208.27754973957022,207.28033467398123,208.07811201903442,51363200
2017-05-10,208.00006103515625,208.00006103515625,207.3757215975435,207.58383915389945,54293800
2017-05-11,207.57513427734375,207.73989232514825,206.49121368015895,207.54912124152753,62358300
2017-05-12,207.22828674316406,207.618495540097,206.95947653264255,207.32367229187687,53912700
2017-05-15,208.3729705810547,208.49436920082206,207.6358990265303,207.6532454669134,61918900
2017-05-16,208.18215942382812,208.69376684942557,207.79195059466826,208.66775380957856,51241800
2017-05-17,204.48814392089844,208.18214079461765,204.42743801238458,208.18214079461765,172174100
2017-05-18,205.31199645996094,206.16178687138375,204.1500230206345,204.4101667229153,107047700
2017-05-19,206.64732360839844,207.3150225035401,205.74550735498167,205.79753343459836,115011400
2017-05-22,207.69654846191406,207.861306522099,207.08955552816983,207.15891480792322,61010600
2017-05-23,208.15618896484375,208.3209470718812,207.68792768889972,208.0694699933112,48341700
2017-05-24,208.6417694091797,208.7458215828506,208.0521095516462,208.39030557898954,46927700
2017-05-25,209.6389923095703,209.91648244236814,208.94529344049135,209.15339780863192,64071700
2017-05-26,209.59561157226562,209.76035642612135,209.37014756859512,209.44818669380922,46629900
2017-05-30,209.41346740722656,209.66493117357808,209.1186441690343,209.27472238991734,35201900
2017-05-31,209.36148071289062,209.74302296652962,208.6677687273157,209.7083300899503,91796000
2017-06-01,211.02639770507812,211.0437441446966,209.53492145284687,209.82107816499718,68962000
2017-06-02,211.7288055419922,211.88489705716796,210.78362954003703,211.0784528969198,88666100
2017-06-05,211.5726776123047,211.84148785882437,211.373226654634,211.55533117436477,44698800
2017-06-06,210.89630126953125,211.56398693426056,210.81824891852972,211.00902003172516,50375400
2017-06-07,211.2865447998047,211.51199559267457,210.56681970571725,211.23451871156217,54144300
2017-06-08,211.39060974121094,211.86753763132825,210.8616557597095,211.38194313646613,65950700
2017-06-09,211.0697784423828,212.45718942806715,209.80375285188111,211.6594251342206,132256400
2017-06-12,211.02639770507812,211.07842379247697,210.1766074041648,210.82695995956365,86108100
2017-06-13,212.0583038330078,212.11032992317647,211.21718009139528,211.5640295134911,60067000
2017-06-14,211.7895050048828,212.33579221266734,210.96571442778435,212.32712560765611,78602300
2017-06-15,211.38192749023438,211.50332610496415,210.15926150737687,210.43673838470633,66464900
2017-06-16,211.42811584472656,211.5936774103937,210.54804151184246,211.5413976098634,84553100
2017-06-19,213.18826293945312,213.24925160382472,212.1600448487952,212.25589557507703,65123800
2017-06-20,211.75047302246094,212.83967962820253,211.73305528987402,212.83097076190907,56906400
2017-06-21,211.69821166992188,212.25588496879118,211.22768022549286,212.14261651319507,55977600
2017-06-22,211.60240173339844,212.2036460753738,211.4281312869086,211.7069746380786,44148100
2017-06-23,211.85504150390625,212.18615126391856,211.27993723696764,211.6633400815934,66986800
2017-06-26,211.99449157714844,212.9442900095876,211.7853723814404,212.5260250262087,56700500
2017-06-27,210.28662109375,212.0729228867936,210.26919006225233,211.7766485352585,82247700
2017-06-28,212.16873168945312,212.36914197613868,211.07080295374374,211.30607529653554,70042600
2017-06-29,210.3040008544922,212.36913216812624,209.09280373232187,212.31685238236003,106949700
2017-06-30,210.69619750976562,211.4891433695941,210.5044960206646,211.11444926053903,86820700
2017-07-03,211.05343627929688,212.07293228339097,211.05343627929688,211.6372495485141,39153800
2017-07-05,211.54136657714844,211.7504857485922,210.60899928452872,211.41937596181293,54427600
2017-07-06,209.60693359375,210.89655056421648,209.4239410235178,210.7745599493883,65400800
2017-07-07,210.96627807617188,211.1144085990406,209.61565904345244,210.18205453251846,57972300
2017-07-10,211.1928253173828,211.56751934898887,210.66129189764914,210.96627510253822,36663300
2017-07-11,211.0360107421875,211.34970285130638,209.86838417334928,211.1928501487558,50354600
2017-07-12,212.62185668945312,212.78741823519627,212.00319472965325,212.00319472965325,59610400
2017-07-13,212.9791259765625,213.09240773141693,212.4040216309671,212.63058514067592,39471600
2017-07-14,213.9724884033203,214.3297514132089,212.88328163852415,212.97913236566546,60262700
2017-07-17,213.94638061523438,214.27750377614365,213.77211016590743,213.8941008100346,33531900
2017-07-18,214.0596466064453,214.11192640779015,213.19698999630938,213.53682200103287,42742500
2017-07-19,215.218505859375,215.2272147252408,214.364558349304,214.3732805111482,51034300
2017-07-20,215.3143768310547,215.59320682076344,214.7654124223429,215.4712162072697,47135200
2017-07-21,215.12269592285156,215.14883582138162,214.5127295012009,214.73929301643605,82340800
2017-07-24,215.0704345703125,215.2098429424349,214.59988976445536,215.04428137355856,46622300
2017-07-25,215.59324645996094,215.9243695986017,215.3666962206701,215.8197966992518,54915600
2017-07-26,215.60194396972656,215.91563605928576,215.3405449750784,215.88078729199316,47575400
2017-07-27,215.40150451660156,216.09859943202983,214.0770255068858,216.06375066944926,70766600
2017-07-28,215.1488494873047,215.27954898825683,214.46918549038995,214.92228595767858,50088400
2017-07-31,215.02684020996094,215.6455021888008,214.8177077305891,215.5496514644196,65838700
2017-08-01,215.50608825683594,215.662927640322,214.98326371992184,215.6280788759852,55050400
2017-08-02,215.61062622070312,215.75004785602735,214.67825899244878,215.63676611532904,47211200
2017-08-03,215.19244384765625,215.52355371811026,214.91360048729155,215.497413815074,40856000
2017-08-04,215.58448791503906,215.9155976814008,215.20108506306107,215.68033862803355,60191800
2017-08-07,215.98533630371094,215.98533630371094,215.54965360600968,215.6542264947249,31995000
2017-08-08,215.4538116455078,216.8915725839997,215.07913089231317,215.6716530032204,61719400
2017-08-09,215.44515991210938,215.49743972446757,214.4082326470555,214.76549575948303,62632600
2017-08-10,212.404052734375,214.73931922391805,212.35177293093446,214.6086064193342,120479500
2017-08-11,212.7177276611328,213.31026307620152,212.3953267019813,212.6305990944337,74869900
2017-08-14,214.82640075683594,215.04424208745883,213.96375759699626,213.99860635966488,73291900
2017-08-15,214.80029296875,215.2272668271467,214.49532303787947,215.20983579521703,55242700
2017-08-16,215.17495727539062,215.72392168942733,214.74798347603098,215.32308778635706,56715500
2017-08-17,211.82022094726562,214.87872214140077,211.82022094726562,214.56503005215566,128490400
2017-08-18,211.4890899658203,212.77870696105012,211.04468512785718,211.65463821371043,136748000
2017-08-21,211.65467834472656,211.91609065850906,210.7223241572808,211.42812809730577,65469700
2017-08-22,213.8678741455078,214.02471349748055,212.22099446990597,212.23842549656214,63140100
2017-08-23,213.10110473632812,213.52807853810498,212.75256391984325,212.9006944316483,50203800
2017-08-24,212.60443115234375,213.6413447239777,212.39529868708377,213.48450534701752,50741700
2017-08-25,213.10110473632812,214.01604099957572,212.95297422452305,213.39736575993825,64445900
2017-08-28,213.1097869873047,213.6587380056602,212.69152213068085,213.6325981141184,40565600
2017-08-29,213.3538055419922,213.61520450319526,211.6807724144142,211.79405416158866,51135700
2017-08-30,214.3645782470703,214.63471266572543,213.153380980378,213.3363735483728,62030800
2017-08-31,215.6542205810547,215.8982018213985,214.3994523187264,214.98326552211907,103803900
2017-09-01,215.95924377441406,216.3862176983676,215.81111322022213,216.02895461685446,62007000
2017-09-05,214.4081573486328,215.68035661849729,213.44094127173,215.45379311653255,91398800
2017-09-06,215.14013671875,215.47125986359848,214.5563234290314,215.087856916086,57916900
2017-09-07,215.11398315429688,215.4625373098888,214.7044403314648,215.44510627811383,58034700
2017-09-08,214.8612518310547,215.32307436468693,214.61727061690857,214.8263897741887,63832800
2017-09-11,217.15296936035156,217.23138905249075,216.11604244435443,216.13346017862068,71364800
2017-09-12,217.8848876953125,217.91973645576547,217.33592332233192,217.5189158786517,56896000
2017-09-13,217.98947143554688,218.0243334958429,217.4840779290966,217.5973596810883,59228000
2017-09-14,217.9197998046875,218.12022344748598,217.4928392091226,217.66710965400515,95446300
2017-09-15,218.21315002441406,218.30071098989268,217.67022660776115,217.775305111122,95432400
2017-09-18,218.6772918701172,219.02756249970312,218.29198616039184,218.58096544268585,46235200
2017-09-19,218.89617919921875,218.98375352353474,218.57217825078814,218.92244882412038,47108100
2017-09-20,218.97499084472656,219.08883479538468,217.97670499993538,218.9837562944486,59574100
2017-09-21,218.38827514648438,218.9049289132353,218.21313986171728,218.81736795183463,48211400
2017-09-22,218.4320831298828,218.59846634295977,218.0642949882233,218.09056461534422,51214000
2017-09-25,217.98550415039062,218.52844103370043,217.24117567145052,218.17815701834428,57064400
2017-09-26,218.1167755126953,218.65969880962976,217.8803355703037,218.41450678121012,54082000
2017-09-27,218.9662322998047,219.35153794116275,217.93291141052939,218.81736664054645,81001400
2017-09-28,219.22897338867188,219.30778227336725,218.59847558717362,218.68603656062376,44778800
2017-09-29,219.99957275390625,220.07839500104708,219.03632186830936,219.2202092670468,85578000
2017-10-02,220.95407104492188,220.95407104492188,220.0520981995578,220.22724686046223,59023000
2017-10-03,221.4269561767578,221.45322580569356,220.8752672451714,220.95408949394655,66810200
2017-10-04,221.68960571289062,221.93479775778118,221.16418655271696,221.27803048854625,55953600
2017-10-05,223.00315856933594,223.02066274400573,221.72464563427442,222.0223769472458,63522800
2017-10-06,222.7491912841797,223.0381704971402,222.29384224736145,222.55653847553936,80646000
2017-10-09,222.3814239501953,223.03819130584384,222.11871433554268,222.97689996753897,35803100
2017-10-10,222.9680633544922,223.34461679977082,222.4076225910231,222.9505591845438,43057400
2017-10-11,223.31845092773438,223.31845092773438,222.7054706457304,222.8718405092995,47674300
2017-10-12,222.98562622070312,223.3534142938193,222.74918625871257,223.00314375617472,47065100
2017-10-13,223.2571258544922,223.53735302182952,222.9856641373634,223.42350906485288,54800400
2017-10-16,223.5548553466797,223.74750818213673,223.14329341125787,223.4848119173923,38221700
2017-10-17,223.71250915527344,223.75629632449372,223.28341627606332,223.5023387601968,31561000
2017-10-18,223.93141174316406,224.13281666932104,223.73875890528632,224.08902950399124,40888300
2017-10-19,223.99266052246094,224.02769559285423,222.73167858955216,223.15200590052174,61903800
2017-10-20,225.14859008789062,225.17488643668273,223.97518233287232,224.78958078944234,89176400
2017-10-23,224.27291870117188,225.49890589243145,224.19410982012243,225.47263626541496,63915300
2017-10-24,224.66696166992188,224.9033882834358,224.30792566307667,224.70199674286374,66935900
2017-10-25,223.5548553466797,224.44806273271078,222.42522132237863,224.3342187766771,103715300
2017-10-26,223.84381103515625,224.43927365517973,223.72121500385936,224.16782533084222,69798000
2017-10-27,225.6739959716797,225.831640435457,223.85257306649734,224.58814924304772,85562500
2017-10-30,224.8333740234375,225.57771575739636,224.53564267464077,224.5881819289029,54285700
2017-10-31,225.1836700439453,225.43762761750023,224.88593866154235,225.20993967404152,60304800
2017-11-01,225.48135375976562,226.30450429401682,225.1135790161657,225.96299917495975,54202700
2017-11-02,225.56895446777344,225.70906805636824,224.34299397248694,225.41133670207972,56449500
2017-11-03,226.32203674316406,226.36581054305816,225.31497210628373,225.72654737622838,59589700
2017-11-06,226.6723175048828,226.80366563440188,226.12062863696988,226.1906720647358,49652600
2017-11-07,226.5146942138672,227.11015686909025,226.00677916022886,226.77739046648557,57502200
2017-11-08,226.8999481201172,226.9962878847408,226.05929348051524,226.33952060169227,50469600
2017-11-09,226.07684326171875,226.26949608312867,224.49182016688687,225.69153761889893,95085500
2017-11-10,226.0067596435547,226.18190827946347,225.37626196778473,225.6915241676346,59984700
2017-11-13,226.2169647216797,226.44465265198207,225.28873554666524,225.32377062608148,50228600
2017-11-14,225.69149780273438,225.79657628243262,224.63189410994792,225.41127070758787,61315200
2017-11-15,224.5619354248047,225.24497252447838,223.85262869529498,224.7195532038209,80811500
2017-11-16,226.47091674804688,226.83871826309365,225.46387871189867,225.507652517148,67777000
2017-11-17,225.8053436279297,226.44460675902482,225.72653475816674,226.12060583091156,75756800
2017-11-20,226.19068908691406,226.38334193268457,225.80538339537304,226.05060222083983,48075500
2017-11-21,227.6705780029297,227.8544920984872,226.15565178250472,226.9612714170117,69176800
2017-11-22,227.46917724609375,227.8106823510006,227.3027940562393,227.67933423372872,45033400
2017-11-24,227.9945831298828,228.09968835381474,227.81946120452662,227.95957477917068,27856500
2017-11-27,227.8807830810547,228.33613219002166,227.6793647915844,228.0384008429355,52274900
2017-11-28,230.19256591796875,230.21883554215188,228.24853355662276,228.34487332791497,98971700
2017-11-29,230.0524139404297,230.85806015409528,229.60583040387328,230.32387558631203,77512100
2017-11-30,232.06651306152344,232.97721101847878,230.89309218612138,230.97190104447753,127894400
2017-12-01,231.58493041992188,232.32927213776017,228.3448940068808,231.8476534094766,164390900
2017-12-04,231.30474853515625,233.6340602076984,231.25218255388125,233.2049806981147,94040600
2017-12-05,230.47280883789062,232.1891534245384,230.34146070798212,230.47280883789062,77994500
2017-12-06,230.5165557861328,230.94566192575616,230.05244129856732,230.5690950319757,75898600
2017-12-07,231.24339294433594,231.55862841900824,230.25385927562056,231.24339294433594,77218600
2017-12-08,232.50437927246094,232.51311799713196,231.2083489043539,232.19788253468707,76563900
2017-12-11,233.20494079589844,233.26624549361682,232.4781300444395,233.20494079589844,83077500
2017-12-12,233.61651611328125,234.08939607247345,233.23997592537404,233.99305630118846,85195800
2017-12-13,233.59024047851562,234.29954703708705,233.5026661588548,233.86170216271307,102905400
2017-12-14,232.6357421875,234.0018160595599,232.58320294041542,233.8879721162332,100666700
2017-12-15,234.57302856445312,235.03951542888447,233.58724702909123,233.64005483559046,144610300
2017-12-18,236.06051635742188,236.4125773620688,235.86687877578615,235.97249439112693,83653600
2017-12-19,235.1538848876953,236.3508973619144,235.08345658890252,236.3068998205633,82382900
2017-12-20,235.03065490722656,236.17485961736992,234.73140178088948,236.12205182216493,76751500
2017-12-21,235.51475524902344,236.22771426568343,235.26830989703402,235.65558500166438,67032300
2017-12-22,235.4531707763672,235.56759663243676,234.91625565031677,235.5323824781393,78720900
2017-12-26,235.17144775390625,235.39148915291545,234.90740881930415,235.0482116774104,45244400
2017-12-27,235.28591918945312,235.64679037704607,235.01306995063143,235.33872698661037,57751000
2017-12-28,235.77000427246094,235.81402867797968,235.4003496850609,235.78762477887966,45116100
2017-12-29,234.88099670410156,236.36847882828334,234.68738604371111,236.35088518475453,96007400
2018-01-02,236.56216430664062,236.5973784613616,235.35634139761444,235.74361651795525,86655700
2018-01-03,238.05844116210938,238.20808116432923,236.72938223016916,236.72938223016916,90070400
2018-01-04,239.06182861328125,239.54593593694952,238.12007158752897,238.70098425961316,80636400
2018-01-05,240.6549835205078,240.77819278482892,239.36113851220546,239.85402929055562,83524000
2018-01-08,241.094970703125,241.25339406310965,240.26761289806453,240.55805572470302,57319200
2018-01-09,241.64080810546875,242.2657185142006,241.23591236073528,241.5175719586705,57254000
2018-01-10,241.2710723876953,241.5351382742084,240.2148894232378,240.88379724256805,69574300
2018-01-11,243.03143310546875,243.03143310546872,241.65837628593212,241.8256099757955,62361500
2018-01-12,244.61569213867188,244.78289892979492,242.99616342156756,243.29544343228133,90816100
2018-01-16,243.77951049804688,246.5256233589057,243.084172029904,245.87430929487635,106555100
2018-01-17,246.10313415527344,246.49040923677632,243.77951052678327,244.71248407935101,113258800
2018-01-18,245.68951416015625,246.41122976047913,245.19659656063544,245.98876733307662,100728000
2018-01-19,246.80734252929688,246.80734252929688,245.68954141873647,246.2704273208626,140920100
2018-01-22,248.81410217285156,248.81410217285156,246.54325909295474,246.59609375901607,91322400
2018-01-23,249.34219360351562,249.63263651822,248.532429194971,248.85808626496785,97084700
2018-01-24,249.24533081054688,250.5831999422078,248.06591192799587,249.98466681779405,134816100
2018-01-25,249.35098266601562,250.20474464268864,248.5588387473728,250.10793928909638,84587300
2018-01-26,252.2379608154297,252.28198523181229,249.93193018987827,250.18718585118629,107743100
2018-01-29,250.56558227539062,252.10587235640565,250.4071588850128,251.66578947611563,90118300
2018-01-30,247.99554443359375,250.61842153870128,247.52024734225674,248.7348805420454,131796400
2018-01-31,248.11878967285156,249.3510166989814,247.04498607996672,248.8493424937056,108364800
2018-02-01,247.83709716796875,249.139752342768,247.04495324648897,247.38823083343112,90102500
2018-02-02,242.4416961669922,246.64888789097682,242.4064820117474,246.5168415239415,173174800
2018-02-05,232.30218505859375,242.79377465444557,231.75648648531626,240.68138181637397,294681800
2018-02-06,236.87911987304688,237.38082102428388,227.69899338957586,228.7903908184795,355026800
2018-02-07,235.5939178466797,239.72186944639785,235.5146793121883,236.3244434136498,167376100
2018-02-08,226.75714111328125,236.034097056527,226.7219269569538,235.89326729174834,246449500
2018-02-09,230.16334533691406,232.02048219017414,222.61152153411334,229.54721856312062,283565300
2018-02-12,233.54319763183594,235.0130863835661,230.3041938305799,232.2141386358816,143736000
2018-02-13,234.12408447265625,234.66978292825414,231.75643650715458,232.33734911294388,81223600
2018-02-14,237.28387451171875,237.64474568212884,232.62779030685115,232.63660055946704,120735700
2018-02-15,240.31167602539062,240.3204862790797,236.56216098587512,239.0266414316785,111200300
2018-02-16,240.38204956054688,242.32723516288615,239.6427135708152,239.68673797361885,160420100
2018-02-20,238.8769989013672,240.8749925095738,238.08485503306727,239.4315076673359,86369700
2018-02-21,237.68875122070312,241.7991371121962,237.59194588077656,239.31706323837452,98883700
2018-02-22,237.99684143066406,240.32927557049345,237.32793364711858,238.61296827236853,110511300
2018-02-23,241.79031372070312,241.79031372070312,238.74494789704653,239.22024489952148,92766400
2018-02-26,244.59805297851562,244.69488517707467,242.27442939994546,242.8641254019329,86491400
2018-02-27,241.5438690185547,245.49583131620943,241.48225097241271,244.7828723804004,99099200
2018-02-28,239.0970458984375,243.09300634693332,238.78019908798586,242.64411317159698,121907800
2018-03-01,235.62039184570312,240.4348997734121,234.12409926408978,238.8857993934386,176855100
2018-03-02,236.83505249023438,237.3983716162241,233.08556364243586,233.94810912087289,139083200
2018-03-05,239.57225036621094,240.18837696240507,235.54107732132377,235.64671974450067,97307400
2018-03-06,240.1796417236328,240.62853486564214,238.68334915728698,240.54929630838222,79213200
2018-03-07,240.09156799316406,240.44362885622,237.82075259500968,238.01439009876876,87063500
2018-03-08,241.2534637451172,241.37667299607364,239.7747915704599,240.7693564135305,66901200
2018-03-09,245.451904296875,245.451904296875,242.34491918655516,242.66179293491425,113625300
2018-03-12,245.14378356933594,246.36722699736953,244.75650844539223,245.7423167630409,71924800
2018-03-13,243.55950927734375,246.80732360191908,242.9521926566162,246.3056225916604,91968900
2018-03-14,242.30963134765625,244.70368337191348,241.75514946256,244.5188560768814,105895100
2018-03-15,242.04563903808594,243.46269334085287,241.54393799427896,242.82018938069317,83433000
2018-03-16,242.30813598632812,243.35973066378793,242.25511667218015,242.57323255706797,100343700
2018-03-19,239.02957153320312,242.4848066021143,237.3770736672259,241.5569418332519,109208400
2018-03-20,239.43612670898438,240.07238541259784,238.75566726721883,239.42728116773122,59757300
2018-03-21,238.9765625,241.48624182819262,238.76448527928557,239.39189836930612,78709600
2018-03-22,233.00282287597656,237.5979999945079,232.72885384939002,236.74966416722836,148785900
2018-03-23,228.0364532470703,233.77162621271538,227.8420401470805,233.4446648554846,183534800
2018-03-26,234.27537536621094,234.5581630397943,229.2383514000773,231.64199268930201,141956100
2018-03-27,230.28985595703125,235.74221375579822,228.73455132957181,235.21202078562462,129941400
2018-03-28,229.60943603515625,232.0926327220534,228.50482221120828,230.4224436755508,146452300
2018-03-29,232.5432586669922,234.40786051928043,229.61824389857856,230.7493671899762,111601600
2018-04-02,227.52389526367188,232.52558895343842,225.0495580668502,232.0130331334397,186286300
2018-04-03,230.44009399414062,230.91729468859214,226.96719481188146,228.76108647586676,119956900
2018-04-04,232.90560913085938,233.6125511780007,226.7551270227763,226.8876752856015,123715300
2018-04-05,234.74365234375,235.62734320129803,233.57717393944145,234.66409643463845,82652600
2018-04-06,229.51222229003906,234.27530264645085,227.99227272647158,232.78188970165434,179521200
2018-04-09,230.64334106445312,234.03671112210202,229.70663080225304,230.970302405471,105442900
2018-04-10,234.3106231689453,235.09712096907836,232.39302912916128,233.5329709070938,103529000
2018-04-11,233.08236694335938,234.7437104819056,232.75540555998597,232.82608898012964,91140200
2018-04-12,234.99993896484375,235.94549479836687,234.23113211691503,234.4078811025094,68890500
2018-04-13,234.3106231689453,236.42265724229674,233.3032296247137,236.3077731170544,85079200
2018-04-16,236.23709106445312,237.00592484828672,235.12365879979507,235.94548491535662,63405300
2018-04-17,238.76443481445312,239.3653381248785,237.49191782290248,238.00444665400536,64682000
2018-04-18,238.9412384033203,239.74537353512525,238.48170179301928,239.20633493379327,57303900
2018-04-19,237.61561584472656,238.49046104687676,236.58168581373903,238.28720246831307,77655900
2018-04-20,235.60081481933594,237.765868283229,234.71712393090704,237.54494556112178,99953100
2018-04-23,235.56546020507812,236.73193851944254,234.48735636327513,236.17520900721848,65558000
2018-04-24,232.39305114746094,236.81150581015282,230.89076577490286,236.59058307701824,112885500
2018-04-25,232.9674530029297,233.40929848464276,230.51079320332934,232.33119443053855,103840900
2018-04-26,235.33570861816406,236.16638017642003,233.55066280579726,233.99250823175876,67731900
2018-04-27,235.55665588378906,236.2459337414099,234.61994564056346,235.94548205661184,57053600
2018-04-30,233.74510192871094,236.73198165607022,233.67439155053606,236.17525204240047,82182300
2018-05-01,234.16038513183594,234.26642370716084,231.62417002084163,233.17947437387755,74203400
2018-05-02,232.58746337890625,234.7789996239809,232.19863721256587,233.96601907116514,86368900
2018-05-03,232.0749053955078,232.728828047359,228.920122334684,231.7567896085878,136311500
2018-05-04,235.07952880859375,235.75998830808783,230.7759568789304,231.1029183156721,91222100
2018-05-07,235.8748016357422,236.84684011200807,235.1589871513474,235.8482919858096,55304900
2018-05-08,235.8748016357422,236.2370911954513,234.31065138539753,235.5036395685785,67499200
2018-05-09,238.15469360351562,238.48165491620054,236.0249953336343,236.54636971982185,59666100
2018-05-10,240.38156127929688,240.70854952792098,238.79092862937145,238.89696721028608,72063900
2018-05-11,241.1150665283203,241.38016301005507,239.99276183006265,240.50531765222445,59871500
2018-05-14,241.2300262451172,242.20206496145374,240.6821150643434,241.54814212287508,54790600
2018-05-15,239.56861877441406,240.01928281464853,238.62306299805707,240.00161870440058,87036100
2018-05-16,240.57598876953125,241.0355252718733,239.57741379249362,239.6039504074176,53942600
2018-05-17,240.37278747558594,241.45089152917097,239.59513511324812,240.31092263582997,56536400
2018-05-18,239.77183532714844,240.39042973225517,239.4183643677041,240.02811323419044,64368000
2018-05-21,241.57456970214844,242.1136351582383,240.86762779080024,241.25645393247333,58025900
2018-05-22,240.90293884277344,242.35220471630439,240.5759775578704,242.0959268302574,52966400
2018-05-23,241.56573486328125,241.59227148003484,239.47139171583964,239.6304765758288,64694200
2018-05-24,241.07089233398438,241.44205441736767,239.28584623493438,241.16811236672407,76043800
2018-05-25,240.49649047851562,241.12390351193636,239.9927801566488,240.49649047851562,56374800
2018-05-29,237.73052978515625,239.63048690313875,236.6170975258855,238.87049866232422,115908600
2018-05-30,240.90293884277344,241.344784247908,238.96768077893915,239.03836417779522,69678400
2018-05-31,239.42721557617188,240.79692568949417,238.82631223407603,240.49647401844624,93519900
2018-06-01,241.77786254882812,242.0783142521023,240.65555772130298,240.726268103314,71258400
2018-06-04,242.92660522460938,243.18288311790948,242.36105711344487,242.59964393045277,45385200
2018-06-05,243.1033477783203,243.48332835514094,242.2903403653031,243.05914705685763,51135000
2018-06-06,245.13583374023438,245.24187232618866,243.0945100563013,243.71310443184038,62732200
2018-06-07,245.109375,245.91353706797386,244.1991743240489,245.62193089603647,72969400
2018-06-08,245.8341064453125,245.88712577050876,244.48205971656606,244.64996323572782,72139700
2018-06-11,246.1609649658203,246.87675252466192,245.94004221387883,246.0549263597859,58892500
2018-06-12,246.47909545898438,246.8413850221631,245.8339913469702,246.57628852029868,72329000
2018-06-13,245.692626953125,246.97398979103377,245.48936829863752,246.71771182982977,79070600
2018-06-14,246.31117248535156,246.84136544703483,245.71908772066405,246.55860485683905,77097600
2018-06-15,245.99691772460938,246.33423244421797,244.4168859505481,245.5264595865237,120041600
2018-06-18,245.49093627929688,245.61522152460049,244.0618184934996,244.54113478173028,52917600
2018-06-19,244.55007934570312,244.77199411824915,242.80138985447235,243.21859071042707,97531500
2018-06-20,244.96722412109375,245.63296828632238,244.62990940977267,245.23351095150542,53785500
2018-06-21,243.43157958984375,244.97612456960783,242.93449274945104,244.95835405367882,71061400
2018-06-22,243.87547302246094,244.80753140955053,243.65355822875506,244.69213138255017,54898500
2018-06-25,240.5556182861328,242.88128081499514,238.86907139864692,242.72150867695257,137854200
2018-06-26,241.0881805419922,241.94032556422917,240.36917894679195,241.1236944856026,68547400
2018-06-27,239.09097290039062,243.10318209396516,238.94005894114787,241.6740640121467,105110700
2018-06-28,240.45797729492188,241.22135108855673,238.32757386601412,239.03771737205167,76650500
2018-06-29,240.8041534423828,242.91678638094555,240.68875342804373,241.54978381672169,97592500
2018-07-02,241.31893920898438,241.4787384011984,238.99327719000505,239.23296243372596,63554800
2018-07-03,240.46688842773438,242.31323486088476,240.04082931947724,242.2155782557686,42187100
2018-07-05,242.42852783203125,242.49067046122133,240.52006646800746,241.59415332388662,56925900
2018-07-06,244.4790802001953,244.85188185065252,242.07350454521062,242.4552185443817,66493700
2018-07-09,246.68043518066406,246.73369255449904,245.43771797584225,245.48209009097027,50550400
2018-07-10,247.56813049316406,247.66578708564802,246.84024349176497,247.1331861800095,51966800
2018-07-11,245.75732421875,246.80478270989968,245.45552332781205,246.01475298336572,77054700
2018-07-12,247.98532104492188,248.03857842434638,246.41417417348606,247.0177758664348,60124700
2018-07-13,248.18060302734375,248.48240386882594,247.35508657071247,247.80780137753868,48216000
2018-07-16,247.95867919921875,248.36699478287807,247.51484966809195,248.2249931714177,48201000
2018-07-17,248.9617919921875,249.35236423098902,247.13321609653062,247.18647348462076,52315500
2018-07-18,249.48544311523438,249.5919578638405,248.5977840912453,249.04161360323985,44593500
2018-07-19,248.5445556640625,249.20141474977135,248.0652121503039,248.81972782641117,61412100
2018-07-20,248.26052856445312,248.97067220661148,248.10075640342126,248.34041464496903,82337700
2018-07-23,248.72201538085938,248.92615957498407,247.71007131030174,248.05627125734443,47047600
2018-07-24,249.9737091064453,250.81699623204753,249.10382037604575,250.13350835970348,68026900
2018-07-25,252.10400390625,252.42354809608824,249.68068544318126,249.72505755092584,78882900
2018-07-26,251.5093536376953,252.19284146729845,251.28743883843612,251.3850954364988,57919500
2018-07-27,249.80502319335938,251.93539950765498,248.88185019112294,251.83774292521235,76768700
2018-07-30,248.50015258789062,250.04467060857164,247.97640992948166,249.88489848695707,63742500
2018-07-31,249.72503662109375,250.33752335614912,248.88177702022958,249.26346380027957,68570500
2018-08-01,249.3079071044922,250.4352514320276,248.65993333683917,249.92927927348987,53853300
2018-08-02,250.6660614013672,250.8346917050347,247.7989128117331,248.00308415289646,63426400
2018-08-03,251.7401123046875,251.79336968061608,250.61276797272257,250.79031061862074,53935400
2018-08-06,252.6632843017578,252.97394329704213,251.38505310612766,251.77562525419268,39400900
2018-08-07,253.4976806640625,253.8793946751064,253.19587981266517,253.32905035260498,43196600
2018-08-08,253.39112854003906,253.7905859225437,252.92955561582255,253.3290129983272,42114600
2018-08-09,253.04493713378906,253.8438247512355,252.91179371241478,253.45325265573712,35717000
2018-08-10,251.3494873046875,252.1483748648411,250.63934395961866,251.6069159603499,77076000
2018-08-13,250.40858459472656,252.2371597870531,250.1156419836955,251.62467297038836,65732900
2018-08-14,252.00634765625,252.2460328881242,250.74588723139615,251.13645930114777,43842000
2018-08-15,250.12449645996094,250.79912581887615,248.68649353317588,250.65709715967313,102925400
2018-08-16,252.14842224121094,253.01833784391988,251.52705008367542,251.5625640299013,69967900
2018-08-17,253.0360565185547,253.47988599074597,251.53591073541207,251.94422626485172,65618500
2018-08-20,253.57754516601562,253.84383201638548,253.03605911799497,253.48877385282518,39807500
2018-08-21,254.1722869873047,255.03331734212685,253.61305745623818,254.0924009241815,67272000
2018-08-22,254.02142333984375,254.54513897210413,253.49768061837668,253.76399460900163,44993300
2018-08-23,253.68405151367188,254.70485385858763,253.36448021459879,253.84382361860813,49204900
2018-08-24,255.21084594726562,255.35287463696199,254.20778695011208,254.26104432259785,57487400
2018-08-27,257.225830078125,257.33234482639574,256.24939973697053,256.40917185937667,57072400
2018-08-28,257.3501892089844,257.79401884697023,256.88858904838384,257.68747697891615,46943500
2018-08-29,258.7348327636719,258.9656056631164,257.3234583260667,257.56311648329,61485500
2018-08-30,257.68743896484375,258.62835549143284,257.0927225076336,258.2555538204787,61229500
2018-08-31,257.69635009765625,258.140179714729,256.7909474309434,257.27914917403945,66140800
2018-09-04,257.25250244140625,257.6075606923249,256.24944324288515,257.27913113299496,57594400
2018-09-05,256.5600891113281,257.10157520760544,255.54817190054018,256.897403877992,72452400
2018-09-06,255.78785705566406,256.9684317742553,254.75816921857063,256.66663092205306,65909900
2018-09-07,255.29074096679688,256.26717131198063,254.50071143185613,254.74039670565793,73524800
2018-09-10,255.73463439941406,256.56903625847275,255.53934828156608,256.3027222309289,50210900
2018-09-11,256.57781982421875,257.0216493185275,254.7403863055744,255.08655922474992,50530500
2018-09-12,256.6400451660156,257.2436469713986,255.8500424979255,256.58678777667075,59810800
2018-09-13,258.15789794921875,258.3443258744238,257.42115277604205,257.70521020465293,51034200
2018-09-14,258.2022399902344,258.548412894725,257.4210957791152,258.3620120999993,55079900
2018-09-17,256.8353271484375,258.1845594721034,256.5601549448557,258.14907260591986,68244000
2018-09-18,258.2288513183594,258.82356760557764,257.0216211398096,257.0482498229806,61930400
2018-09-19,258.50408935546875,258.9212902243807,258.1578892967261,258.2821745760306,49080600
2018-09-20,260.59893798828125,260.91850934003577,258.52181901409443,259.76456338411145,100360600
2018-09-21,260.3608703613281,261.45764333870767,260.2003749632241,261.34172092502115,105479700
2018-09-24,259.49591064453125,259.9239255325764,258.9163258584371,259.78125390322805,53409600
2018-09-25,259.255126953125,260.05763093211067,259.0143839229773,259.9506340298228,44370000
2018-09-26,258.47943115234375,260.58377660882445,258.0603417149148,259.3978577222201,79739700
2018-09-27,259.20159912109375,260.28944619075577,258.67551293659324,258.95193064011346,59249500
2018-09-28,259.2285461425781,259.7278834855477,258.54196409895604,258.57761161499366,70091400
2018-10-01,260.12896728515625,261.1989634661565,259.4602094675966,260.46778172145326,62078900
2018-10-02,259.9774475097656,260.6907785092049,259.60295825920167,259.9774475097656,47258200
2018-10-03,260.1200256347656,261.4486157086013,259.7633602632728,261.0295264138458,64694600
2018-10-04,258.0870361328125,259.69204411596644,256.4998518963773,259.6385456639831,111545900
2018-10-05,256.64251708984375,258.8271097227561,255.21582824502414,258.30994896257005,105951700
2018-10-08,256.64251708984375,256.99918249809207,254.57381962544665,255.95590828684374,87742200
2018-10-09,256.2680358886719,257.5698770527391,255.70627486797824,256.2591376202274,74339000
2018-10-10,248.15383911132812,255.83119659050328,247.77934979732228,255.7598471513721,214731000
2018-10-11,242.68777465820312,248.68874428334433,241.07381402990762,247.06588538785635,274840500
2018-10-12,246.0583953857422,247.07489349625513,242.8661749776503,246.78955019049047,183186500
2018-10-15,244.6762237548828,247.03026467764224,244.58705059050632,245.70164711563956,102263700
2018-10-16,250.02633666992188,250.40085314985933,246.16538551421965,246.63797344614395,118255800
2018-10-17,250.0708770751953,250.69503477674286,247.49391695240018,250.06195159557254,110626000
2018-10-18,246.4595947265625,249.73206231706183,245.18450274712131,249.13462656631208,134557500
2018-10-19,246.32589721679688,249.04550257282693,245.63038988959937,247.1105777319605,139901600
2018-10-22,245.2201385498047,247.3155580556742,244.68512682437614,246.9945673475131,82415800
2018-10-23,243.9718017578125,245.09532381186685,239.51341546309573,241.59996419543393,146352700
2018-10-24,236.57986450195312,244.1056242594676,236.02702884400423,243.72218227993628,177806700
2018-10-25,240.82424926757812,242.36686115191208,237.39131263295704,238.4167363242791,138061500
2018-10-26,236.5886688232422,241.64448986483495,233.87799007926512,237.1147822494278,201574600
2018-10-29,235.27793884277344,240.97576935563563,231.70233168496316,239.682826498413,160749100
2018-10-30,238.76443481445312,239.07652733010562,234.6181405688793,235.10857943971416,157116000
2018-10-31,241.31463623046875,243.63300269297002,240.85987209180985,241.3324599805179,128296300
2018-11-01,243.88272094726562,244.07889108510727,241.09176602736096,242.17961366233064,99495000
2018-11-02,242.4381561279297,245.41635506870088,240.38728199417207,244.98834016496485,122634100
2018-11-05,243.77569580078125,244.32853143115284,241.95666629775653,242.92859139177023,65622500
2018-11-06,245.31825256347656,245.47874794542096,243.65082037900277,243.71324432036943,60085900
2018-11-07,250.5702362060547,250.65048389424823,247.06592388395393,247.49393876614997,102752100
2018-11-08,250.11550903320312,250.7575178453981,248.97416305728257,249.76774178784,65584900
2018-11-09,247.67227172851562,248.99193658998522,246.26340649142955,248.80469199431192,98812600
2018-11-12,243.0445098876953,247.4047981237727,242.52732176890174,247.1640550275417,99673600
2018-11-13,242.58973693847656,245.50551206799565,241.86748046408346,243.50816351775626,98176600
2018-11-14,240.9312286376953,244.86350176859753,239.37079328955437,244.46226329188963,125335900
2018-11-15,243.44561767578125,243.90930707979146,238.08665800566664,239.66491632392888,135101400
2018-11-16,244.0787811279297,244.9882819690097,241.83173743188132,242.34892538585214,126668000
2018-11-19,239.95040893554688,243.76678736008276,239.03198224402044,243.47251856087186,103061700
2018-11-20,235.509765625,238.07780018311473,234.64483769691037,236.6154365884777,136021300
2018-11-21,236.3123016357422,238.21157858547755,236.30340336703676,237.06130728135892,75563700
2018-11-23,234.73406982421875,236.13400983891086,234.57357442697398,234.6716458769011,42807900
2018-11-26,238.52365112304688,238.74657042316187,236.59762510463386,236.98996524978256,79981400
2018-11-27,239.326171875,239.326171875,236.8829848828991,237.48931889071778,75502400
2018-11-28,244.83673095703125,244.83673095703125,239.2637480620135,240.39619560185264,127629600
2018-11-29,244.30181884765625,245.70173188521753,242.91970235254936,244.06104849958857,82346400
2018-11-30,245.79086303710938,246.3526241373916,243.82918913872507,244.15017993212408,98204200
2018-12-03,249.04547119140625,250.02632171176697,247.4493883388265,249.91932478442453,103176300
2018-12-04,240.975830078125,248.64426156553154,240.6637375292736,248.2162465946637,177986000
2018-12-06,240.6101837158203,240.7261061111731,234.0117775673874,237.11482416580566,204185400
2018-12-07,235.01937866210938,241.8407041633417,234.1811998724855,240.2713434999047,161018900
2018-12-10,235.4652862548828,236.437211473952,230.6056329476989,234.8411011140533,151445900
2018-12-11,235.51873779296875,238.85360230315126,234.0474756391725,238.66635768295276,121504400
2018-12-12,236.7046661376953,239.86121163503108,236.6244184401148,238.49694635249477,97976700
2018-12-13,236.62437438964844,238.51472570119017,235.50977788880272,237.64979772806078,96662700
2018-12-14,232.2552032470703,235.42957247444892,231.70236763728906,234.47547116758975,116961100
2018-12-17,227.69869995117188,232.4156665517509,226.06692897355805,231.3010700046853,165492300
2018-12-18,227.44906616210938,230.0081894771695,225.84404416794135,229.33943144675922,134515100
2018-12-19,224.0428466796875,231.30109978443372,222.3397532769953,227.52930839320615,214992800
2018-12-20,220.39584350585938,224.363804173707,218.14881323769646,222.79445725954528,252053400
2018-12-21,215.8800506591797,223.96098705013893,215.23429286121228,221.29723955486546,255345600
2018-12-24,210.17588806152344,216.00563669064812,210.11311326960217,214.39124202550883,147311600
2018-12-26,220.79501342773438,220.79501342773438,209.6557098934448,211.6378306042303,218485400
2018-12-27,222.49012756347656,222.68742954792995,214.31950984244187,217.55726318862372,186267300
2018-12-28,222.203125,225.47674780536732,221.03717246474218,223.844425204303,153100200
2018-12-31,224.14930725097656,224.39146982728232,221.95194360365346,223.82642837769134,144299400
2019-01-02,224.38253784179688,225.30634138582334,220.5887205734624,220.6156260112586,126925200
2019-01-03,219.0281524658203,222.93856912435655,218.54382721026855,222.633618017562,144140700
2019-01-04,226.3646240234375,227.01038180312378,221.6828869633961,222.05957672065173,142628800
2019-01-07,228.1494598388672,229.5575612415073,225.73683859430514,226.6337230013322,103139100
2019-01-08,230.29298400878906,230.77730922015044,227.80862422016872,230.33784464859812,102512600
2019-01-09,231.3693084716797,232.21238213838788,229.77285506741734,231.00158252166915,95006600
2019-01-10,232.18545532226562,232.43658187833222,229.15398144284202,229.83562239676925,96823900
2019-01-11,232.27513122558594,232.3020366626938,230.5261957013551,231.10916508585217,73858100
2019-01-14,230.8580322265625,231.6652226884312,229.97012545558084,230.37370700114573,70908200
2019-01-15,233.50387573242188,233.81779076904533,231.2257815295091,231.23475913278858,85208300
2019-01-16,234.06881713867188,234.95672361956758,233.7279968088287,233.934262630038,77636700
2019-01-17,235.8446807861328,236.70570939522244,233.15402796688343,233.1988886029791,96118400
2019-01-18,238.98385620117188,239.45025369746918,235.88064323534442,237.65648454739053,127900300
2019-01-22,235.75497436523438,237.72813060952987,234.14059370770855,237.5128871540556,115531200
2019-01-23,236.24830627441406,237.4860110376435,233.78187434995297,236.78644235026223,86030300
2019-01-24,236.37387084960938,236.95686760170713,235.05544969694287,236.06893344044875,59204100
2019-01-25,238.37393188476562,239.19907756601734,236.4725413588362,238.22144949546475,96883400
2019-01-28,236.56227111816406,236.62503223316102,234.7954075087443,236.23042822316916,85613700
2019-01-29,236.24830627441406,237.27074018486155,235.4142104107552,236.70572604449566,66136300
2019-01-30,239.98834228515625,240.8314159041773,237.0017289455445,237.76408624411582,92473700
2019-01-31,242.0959930419922,242.5803182688337,239.7102773173702,239.92554817971035,104012100
2019-02-01,242.21258544921875,243.23504674650184,241.42332284164686,242.2933017562561,85782500
2019-02-04,243.91665649414062,243.97944496667355,241.5847517450605,242.25741499744487,60744800
2019-02-05,244.939208984375,245.24414648785108,243.8450085915499,244.34726181736326,79552800
2019-02-06,244.6162872314453,245.15442344400466,243.88086269071712,244.66114788209305,58347800
2019-02-07,242.2843475341797,243.54893036100768,240.625106039328,243.00184405429718,95482000
2019-02-08,242.58026123046875,242.67890535067852,240.21247389664293,241.0376193716608,75788900
2019-02-11,242.7148895263672,243.4951746958544,242.1857309329304,243.23509788652132,68021400
2019-02-12,245.83595275878906,246.21262877689057,244.2574278847918,244.32919394491842,72270200
2019-02-13,246.63417053222656,247.47724384641123,246.24851690594056,246.6700535630329,65277200
2019-02-14,246.08709716796875,247.217180046123,244.7327932343543,245.54896116071745,83234400
2019-02-15,248.76882934570312,248.8047123866205,247.6567014139301,247.86296731503862,97088700
2019-02-19,249.19931030273438,249.8540183299107,247.96160557911756,247.97058318082802,59120800
2019-02-20,249.70155334472656,250.1589730818855,248.66116430516524,249.1634173076106,76610800
2019-02-21,248.8136749267578,249.42354973172925,247.8540020781846,249.06480145649542,64214700
2019-02-22,250.35635375976562,250.55364207487054,248.79575610960802,249.43253644408577,78114600
2019-02-25,250.6970672607422,252.30249767796232,250.6163509654497,251.78231687361028,69030700
2019-02-26,250.5177459716797,251.39667512709303,250.14104249740362,250.3473357536427,56844100
2019-02-27,250.41006469726562,250.75983528168447,248.8674228701719,249.80016267577685,56921600
2019-02-28,249.9437713623047,250.63438995969776,249.62090607319368,250.19489793297214,69268300
2019-03-01,251.5042724609375,251.9168315177378,250.06925230642395,251.52220029097825,78880500
2019-03-04,250.58950805664062,252.80481372706458,248.29348607078518,252.56266478077004,106494600
2019-03-05,250.24864196777344,250.91235494711546,249.70155569489256,250.7150393106737,59114600
2019-03-06,248.73292541503906,250.3742391075912,248.41006018612026,250.36526150543068,75039800
2019-03-07,246.6521453857422,248.42795867652117,245.80907200438315,248.2844539125946,94885100
2019-03-08,246.15882873535156,246.329238922226,244.32920468269987,244.79557461108948,85795800
2019-03-11,249.72850036621094,249.88993299300893,246.84950903868537,246.87641447648502,65098900
2019-03-12,250.67030334472656,251.1905118134962,250.0963113527994,250.28464948147476,79667500
2019-03-13,252.32936096191406,253.26212805849102,251.3965938653371,251.55805379968692,80639200
2019-03-14,252.1680450439453,252.7779199246628,251.72858040500805,252.35638312195522,67518400
2019-03-15,253.41384887695312,254.22459474184677,252.53102082909683,252.72021594090037,81309000
2019-03-18,254.33273315429688,254.63002409907617,253.40487420504172,253.6300829547765,62199800
2019-03-19,254.39581298828125,256.1614419912601,253.50399508471358,255.3957541907001,90268100
2019-03-20,253.6300506591797,255.38668967995292,252.52204134600487,254.17957423403706,84609200
2019-03-21,256.4947509765625,256.90011021839473,252.76528100389675,252.81033924719029,79550400
2019-03-22,251.55810546875,255.65689260968165,251.49504043795537,255.13442054767106,122659300
2019-03-25,251.3689727783203,252.40492739274285,250.10780944374943,251.21581875244794,85575200
2019-03-26,253.2427215576172,254.19760442345822,251.83742120821717,253.12560861328362,68125900
2019-03-27,251.91842651367188,253.8192020876901,250.36898967985053,253.23363752069528,72224700
2019-03-28,252.87342834472656,253.32384592166056,251.39607298786274,252.5491408851615,56238500
2019-03-29,254.46780395507812,254.79209126145514,253.26068871807334,254.38673212848389,82186800
2019-04-01,257.48553466796875,257.7828254730624,256.19734782266823,256.46761469014336,77617900
2019-04-02,257.61175537109375,257.84598124041696,256.81901626689137,257.67482041149606,40070400
2019-04-03,258.0172424316406,259.2243583584691,257.41367072257145,258.8279886521899,68243200
2019-04-04,258.7016906738281,258.95392327859906,257.6477295183286,258.34136230862566,48997500
2019-04-05,259.953857421875,260.00790530071373,259.0800467255943,259.36832040692826,58621700
2019-04-08,260.15216064453125,260.26025645144784,258.87296278297543,259.5305822634568,53566300
2019-04-09,258.81890869140625,259.51254176340643,258.2694125222834,259.18825435041,66142300
2019-04-10,259.70172119140625,259.791810186664,258.818893023963,259.2332694125867,52601500
2019-04-11,259.6295166015625,260.1970467637038,259.0619864394212,260.1880296210385,55093100
2019-04-12,261.38629150390625,261.66554815952185,259.67471047201315,261.24215460241066,69727800
2019-04-15,261.2150573730469,261.5573789816548,260.4133012380131,261.4582728622337,49596700
2019-04-16,261.38629150390625,262.15200676565667,260.7917370944754,262.0979588640087,52153200
2019-04-17,260.7466125488281,262.53024764423844,260.33220879685194,262.50322370313506,58268300
2019-04-18,261.2601013183594,261.53036825574327,260.0349791743683,261.3321834981804,68708500
2019-04-22,261.4853515625,261.63850560047865,260.404366115119,260.49445510855935,40160100
2019-04-23,263.8365173339844,264.07074319403506,261.62047128318324,261.8546696519358,52246600
2019-04-24,263.2509765625,264.08874637015623,263.1068396883929,263.7554418762262,50392900
2019-04-25,263.0888671875,263.74648667544756,261.8997858066131,263.151932239352,57770900
2019-04-26,264.31396484375,264.386019537816,262.35914106238647,263.1338733529149,50916400
2019-04-29,264.7284240722656,265.25092386020106,264.3140475962291,264.40413661049115,57197700
2019-04-30,264.8634033203125,265.1516770164797,262.97167248103574,264.38596203847624,81111700
2019-05-01,262.87261962890625,265.7012542994581,262.86360248304516,265.4940523837412,71671900
2019-05-02,262.3050231933594,263.67430943701567,260.80963439590346,262.755440512185,65030200
2019-05-03,264.8724670410156,265.15172364225464,262.4131780296907,263.78246458162147,56543700
2019-05-06,263.7825927734375,264.22399326255777,260.25130638654264,260.5666042321904,107198100
2019-05-07,259.3774108886719,261.97182004663614,257.46764511719874,261.37726565699415,144729900
2019-05-08,259.0169982910156,260.7285787101996,258.42244409442253,259.0169982910156,91568300
2019-05-09,258.23333740234375,258.83688139411777,255.20651782330074,256.94515008492795,103471100
2019-05-10,259.5305480957031,260.2872461358025,254.30568902173113,257.2964675787668,112429300
2019-05-13,253.00852966308594,255.3777303435396,252.17075962901603,254.41385769260685,127290500
2019-05-14,255.2965850830078,256.82801528908266,253.90030209434335,254.02640467494984,77003200
2019-05-15,256.79193115234375,257.43151607626385,253.45883184669495,253.66603371953337,73956400
2019-05-16,259.1702575683594,260.53049981387437,257.4226353539373,257.49469006251053,76749600
2019-05-17,257.4946594238281,259.98097268898067,256.8460571586275,256.8640914521032,100353000
2019-05-20,255.7920684814453,257.60272784879845,255.0443601554767,255.89114711983015,62877600
2019-05-21,258.0982666015625,258.4766019386151,257.23344513426133,257.4856778560646,46847100
2019-05-22,257.3054504394531,258.2603331360052,256.8280090911771,257.1433067720303,49482500
2019-05-23,254.16156005859375,255.1254324633682,252.74724273347388,255.08040171698275,98733800
2019-05-24,254.7381134033203,256.0173111653613,254.11653507060132,255.60290728268083,55268100
2019-05-28,252.36888122558594,255.97222067550697,252.3508744252037,255.01733792058175,70029400
2019-05-29,250.67527770996094,251.6571842952598,249.26997768959785,251.25182514974838,104972900
2019-05-30,251.36000061035156,252.2698527997743,250.2609807597185,251.43205531752093,62523800
2019-05-31,247.9728546142578,249.63940495701888,247.94583066237755,248.81065210515442,86862800
2019-06-03,247.34230041503906,249.125936321561,246.00905456795837,248.0089095929266,96428000
2019-06-04,252.7112579345703,252.8463776951236,249.1889895558583,249.63940708523882,77231900
2019-06-05,254.90023803710938,254.92726198471507,252.52204817390717,254.3327076460896,71169700
2019-06-06,256.5578308105469,257.2334571495753,254.54898609027154,255.1975884753911,69430400
2019-06-07,259.1250915527344,260.2061041708792,257.40449400602193,257.57565479541637,74272200
2019-06-10,260.3141784667969,261.98072799429406,260.2240895074988,260.67450681269855,60799100
2019-06-11,260.25128173828125,262.5033697205982,259.6026792997217,262.1340239925412,58641300
2019-06-12,259.7917785644531,260.57550049432666,259.2782960961573,260.01698727953396,47096300
2019-06-13,260.8638000488281,261.22415605961413,259.99900610381013,260.7016563387567,48945200
2019-06-14,260.5755310058594,261.1790750378197,259.8098157866652,260.5755310058594,52324700
2019-06-17,260.674560546875,261.44027562181344,260.5033997363136,260.8096802680297,39205700
2019-06-18,263.4040832519531,264.4580720370348,262.1339029176426,262.4942588214182,85434800
2019-06-19,263.9986877441406,264.53017706467074,262.5663634753288,263.5392531233006,78674400
2019-06-20,266.5209655761719,266.92635222484796,264.06170421417744,266.68313673041985,116570000
2019-06-21,266.13360595703125,267.50952485915224,265.9163628738044,266.251288502116,83309500
2019-06-24,265.8077697753906,266.65864781741556,265.653870824963,266.3418441621465,47582700
2019-06-25,263.2006530761719,265.8891461105345,263.09203155963263,265.8619907313997,82028700
2019-06-26,262.938232421875,264.60382743242513,262.829610864124,264.0969084129105,51584900
2019-06-27,263.8705139160156,264.3774327619087,263.31834531156267,263.6985206334799,40355200
2019-06-28,265.2283630371094,265.72622092796087,264.33220778357355,264.8481600545442,59350900
2019-07-01,267.6362609863281,268.7768423916626,266.43230780847284,268.55957168944997,78705600
2019-07-02,268.333251953125,268.38756271925695,266.74912348259073,267.59096798264414,61504500
2019-07-03,270.4786376953125,270.4967597025448,268.8673536772652,269.01219161006856,40898900
2019-07-05,270.1708068847656,270.3337667882715,267.9530438718223,269.247496348255,51677300
2019-07-08,268.6863098144531,269.9898235013948,268.1431745073926,268.8583031221058,45841800
2019-07-09,269.02117919921875,269.3198883619145,267.4732673788795,267.5275781357333,41101300
2019-07-10,270.30657958984375,271.25707311636285,269.5552623450755,270.0893365552128,58448500
2019-07-11,270.94024658203125,271.18464500017757,269.9354699046471,270.9493075836309,50826100
2019-07-12,272.1532287597656,272.22566152144543,271.12129671836635,271.42906689299434,40326000
2019-07-15,272.2437744140625,272.5877609929242,271.7368555478473,272.5877609929242,33900000
2019-07-16,271.36578369140625,272.36152730192515,271.05801341633924,272.15331757540326,36650100
2019-07-17,269.5190124511719,271.5014377706892,269.5190124511719,271.3385055149757,36036300
2019-07-18,270.5057067871094,270.885909692556,268.5776197577081,269.02116679322734,51392600
2019-07-19,269.0031433105469,271.6282650875979,268.8311500014461,271.60110970326673,58678600
2019-07-22,269.6639404296875,270.2070757552025,268.88546764229045,269.40141995777003,43638100
2019-07-23,271.5920715332031,271.5920715332031,269.953632082453,270.7864433136411,44564500
2019-07-24,272.86846923828125,272.86846923828125,270.741204897207,270.8317320739579,47213200
2019-07-25,271.56488037109375,272.4700966389974,270.75922463265556,272.41578587292383,55394100
2019-07-26,273.3843688964844,273.58351757677167,272.12610504716736,272.2528485823537,45084100
2019-07-29,272.8865051269531,273.38439067984694,272.33433642966406,273.2667081377991,38126500
2019-07-30,272.21661376953125,272.62397210504514,271.10318791079754,271.4833908656109,45849000
2019-07-31,269.23846435546875,272.6511473201297,267.21984978486825,272.46103201638994,104245200
2019-08-01,266.89398193359375,272.35243534985585,266.0973871356964,269.3923878679063,142646600
2019-08-02,264.8843688964844,266.24219324196565,263.32739587533223,265.99779480478156,116749700
2019-08-05,256.91851806640625,260.8924035858546,255.01755815476298,260.7837820409055,178745400
2019-08-06,260.5212097167969,260.73848038847234,257.334858657285,258.8103654742626,120711700
2019-08-07,260.6750793457031,261.4445185495751,255.30715454545978,257.44345126444256,140572300
2019-08-08,265.7895202636719,265.7895202636719,261.6164877202808,262.1686562260222,87713900
2019-08-09,263.97918701171875,265.4456330756324,262.1959097009694,264.8481869708878,93730000
2019-08-12,260.7657470703125,263.9701938764454,259.81525308542814,262.476592043076,65527600
2019-08-13,264.821044921875,266.26939667676976,260.1229696286607,260.46695627826205,94299800
2019-08-14,256.99090576171875,261.3721494020812,256.8641898428909,260.7656699423151,135622100
2019-08-15,257.6698303222656,258.5660133001021,255.62406014182483,257.8780400292399,99556600
2019-08-16,261.47174072265625,261.90622687818694,257.72413188114456,259.3263824546937,83018300
2019-08-19,264.6219177246094,265.3008300750685,263.81628943373863,264.4952017841978,53571800
2019-08-20,262.5941467285156,264.64897742124305,262.46743083392226,264.114903213662,51596400
2019-08-21,264.73052978515625,265.1016441746903,264.06971191169754,264.7576851703663,49524700
2019-08-22,264.6489562988281,266.07015215515014,262.8747405410961,265.4365174827469,51666400
2019-08-23,257.8509216308594,265.01118735203045,256.60171845984394,263.34559233234813,149161500
2019-08-26,260.7023010253906,260.7023010253906,258.5116653687146,260.04148316459356,72423800
2019-08-27,259.6794128417969,262.46749470133955,258.9190344141973,262.0963526786402,66668900
2019-08-28,261.5079345703125,261.67086686459277,258.21293417482644,259.0185898937804,59696700
2019-08-29,264.8481750488281,265.37321597709513,263.0648978183525,264.0697022845135,57899400
2019-08-30,264.73052978515625,266.35084714437403,263.7981580595969,266.33275276257075,62901200
2019-09-03,263.1826171875,263.94299567707674,261.8519479244874,263.0287458637237,69101400
2019-09-04,266.16986083984375,266.1879552243926,264.60382638840616,265.35517153491077,46887300
2019-09-05,269.591552734375,270.50580250609715,266.13361948386745,268.6591809547892,83258100
2019-09-06,269.7996826171875,270.4424060217157,269.22941960508075,269.9083317683097,49584300
2019-09-09,269.9354553222656,270.87686018760576,268.9940228319221,270.78636067651786,51260300
2019-09-10,269.87213134765625,269.93550311664103,267.9168608869009,269.1750971388404,57947100
2019-09-11,271.7911682128906,271.87263435713766,269.52812767822877,270.17988445721164,68821100
2019-09-12,272.73272705078125,273.791815041222,271.9361319938573,272.6965106504612,72908700
2019-09-13,272.551513671875,273.5291625350344,272.18037175391663,273.1761149941704,62104800
2019-09-16,271.7096862792969,272.59680806233507,271.0669905398025,271.42001047769196,58191200
2019-09-17,272.3975830078125,272.4880824985541,271.33846824116347,271.510461473568,41475500
2019-09-18,272.5606384277344,272.6692599657147,269.97170539749584,272.0084421096551,73375800
2019-09-19,272.54254150390625,273.94564349864027,272.2076158559735,272.9498999338318,76560500
2019-09-20,271.2548522949219,273.4283237750673,270.4636815896256,273.1463852597346,89565000
2019-09-23,271.19122314453125,271.9096544168928,270.3363878970603,270.5910179014609,43476800
2019-09-24,269.0632019042969,272.673507976676,268.09924360560893,272.2824740494429,94869400
2019-09-25,270.6546630859375,271.10025862379086,267.66273993263906,269.1450611127477,71854000
2019-09-26,270.0907287597656,270.87279633662166,268.6811754514435,270.6636529278499,56179700
2019-09-27,268.6357421875,270.9547201008358,267.08068181796534,270.8455691998778,84746600
2019-09-30,269.8816223144531,270.5909505610847,269.1086573970001,269.1541161265272,51662400
2019-10-01,266.6715087890625,271.41856119584054,266.4532624378596,270.763794389644,88242400
2019-10-02,261.96075439453125,265.0981834304404,260.66942690190984,265.08908058458655,122539500
2019-10-03,264.10699462890625,264.1342754190595,259.0143676971502,261.73345487523494,85278800
2019-10-04,267.680908203125,267.9355381538089,264.7071634101348,264.7617527412515,65091200
2019-10-07,266.5259094238281,268.50841485168297,266.24399873388415,266.88058737396443,59610500
2019-10-08,262.3881530761719,265.4073559101464,262.35176944794006,264.6707470157687,95708100
2019-10-09,264.8798828125,265.8165600063333,263.77952092519905,264.4070066694013,62359400
2019-10-10,266.6715087890625,267.55362479529134,264.6344688376012,264.7981536010034,55296300
2019-10-11,269.4360046386719,271.6731123470301,269.3087035549438,269.4269017924842,98720400
2019-10-14,269.1358642578125,269.7906307481246,268.790289200068,269.1176585689368,40394800
2019-10-15,271.8004455566406,272.54615738895194,270.06349481421915,270.1817208062417,46754500
2019-10-16,271.3638610839844,272.0550111800969,270.92736860439646,271.3365803040101,48928200
2019-10-17,272.16424560546875,273.0372586742496,271.47309522670037,272.5279987380787,45736600
2019-10-18,270.972900390625,272.27333084102725,270.11806538415243,271.6276670391448,64304000
2019-10-21,272.8099060058594,273.0099743891221,271.85505057590547,272.2915709810018,39048600
2019-10-22,271.918701171875,273.6374464088708,271.82775595636684,273.34643282027804,48594700
2019-10-23,272.7098693847656,272.76443096306724,271.45489757866204,271.664068797207,34352200
2019-10-24,273.1554260253906,273.79201468518664,272.3278718686874,273.64650791287386,35453100
2019-10-25,274.27398681640625,274.81963026068695,272.52793334522363,272.58249491439386,45205400
2019-10-28,275.8199157714844,276.32010044076753,275.4652656084277,275.4925463902013,42147000
2019-10-29,275.7380676269531,276.6656696928972,275.4197733445718,275.5471021585543,44284900
2019-10-30,276.58380126953125,276.9566293265824,274.6285770417982,275.93810992106086,49643900
2019-10-31,275.84722900390625,276.57476285774817,274.39221680138,276.57476285774817,69053800
2019-11-01,278.40264892578125,278.4481076482956,277.1294716644442,277.2931841211673,71141500
2019-11-04,279.5212707519531,280.0941951369652,279.1484147592851,279.95779117686374,60606900
2019-11-05,279.2120361328125,280.02141242557303,278.9210225610841,279.72129600704636,42933200
2019-11-06,279.27569580078125,279.5485036742687,278.32991558505597,279.2120313794404,46487100
2019-11-07,280.25787353515625,281.59468781901455,279.7849972333301,280.61255157596486,54272300
2019-11-08,280.948974609375,281.0035361826021,279.2120238547651,279.9122492128996,49032100
2019-11-11,280.4123840332031,280.5851715685112,279.4302203848651,279.5666520462166,35797300
2019-11-12,281.0035095214844,281.9038031468933,280.230516970667,280.7761604037485,46484600
2019-11-13,281.0945129394531,281.4946496897508,279.78497952985765,280.0123286946821,53917700
2019-11-14,281.503662109375,281.5855322127574,280.1759510531311,280.8125396739401,51219900
2019-11-15,283.540771484375,283.5862302129895,282.1493958072757,282.8405183461568,62023600
2019-11-18,283.7498779296875,283.9863298938384,282.8495843009252,283.3042825380905,49228000
2019-11-19,283.6680603027344,284.35921056429345,283.0223965204034,284.35010771793173,67804700
2019-11-20,282.6131896972656,283.5953536303308,281.05812918125986,283.07699087413437,79406200
2019-11-21,282.1584167480469,282.8313889694195,281.35817121201325,282.72226583962293,54664700
2019-11-22,282.7859802246094,283.0406101816487,281.77656324396247,282.90420623191045,44850200
2019-11-25,284.9776611328125,284.9776611328125,283.7136140549297,283.7136140549297,48647200
2019-11-26,285.6231994628906,285.80508983778327,284.69562515711766,285.01391943689237,37569000
2019-11-27,286.8964538574219,286.8964538574219,285.88700918425144,286.1052554908473,44444600
2019-11-29,285.83245849609375,286.57817040881315,285.6051093338683,286.3326155519564,36592700
2019-12-02,283.4043273925781,286.15069472322455,282.9769099443492,286.08703031011913,75767800
2019-12-03,281.503662109375,281.5855322127574,279.30293822530007,280.6852108487473,73941700
2019-12-04,283.2406005859375,283.8408055521402,282.2039031007338,282.54947817999374,49080000
2019-12-05,283.7498779296875,283.9590491097116,282.4403447864453,283.94087117115305,40709000
2019-12-06,286.3416748046875,286.7418114894914,285.6505245759209,285.6596274218507,48927000
2019-12-09,285.44146728515625,286.6236720044926,285.36870000091517,285.9507272644938,34838500
2019-12-10,285.1231689453125,286.05074366224494,284.4684021590699,285.38690178003736,52649800
2019-12-11,285.93255615234375,286.18718614809717,285.04133729091274,285.577878076515,53429100
2019-12-12,288.3968505859375,289.1789180759951,285.70504533174443,285.94146949596734,96389600
2019-12-13,288.56976318359375,289.7974542607273,287.3875308397455,288.1605235736877,81503900
2019-12-16,290.5522155761719,291.14331781947243,288.5060732129594,290.29758563663097,82749700
2019-12-17,290.6158752441406,291.2342582653961,290.53403288126106,290.9341696015044,61097700
2019-12-18,290.63409423828125,291.2342994034276,290.57953265532115,291.0069502235654,48133000
2019-12-19,291.8253479003906,291.8981151659742,290.57037621858717,290.825006142969,85310500
2019-12-20,293.1047668457031,294.23795375085035,291.88018760229625,292.8580047434994,147142100
2019-12-23,293.5526428222656,293.94559931902836,293.4064206141374,293.8907694771096,52990000
2019-12-24,293.56170654296875,293.82670807350945,293.2601146095581,293.7810258479753,20270000
2019-12-26,295.1243896484375,295.13353724845075,293.9363729857451,293.9454926967339,30911200
2019-12-27,295.05126953125,295.91030727604016,294.52123861313635,295.8554774530982,42528800
2019-12-30,293.42462158203125,295.2706521393171,292.94027282858093,295.1335775655158,49729100
2019-12-31,294.1375427246094,294.38430493496236,292.5748362448729,292.9221105490451,57077300
2020-01-02,296.88818359375,296.906478796011,294.7497366062965,295.67275187158805,59151200
2020-01-03,294.64007568359375,295.7641429457349,293.4429112798059,293.4977411082979,77709700
2020-01-06,295.7640686035156,295.84631332558087,292.76655665791674,292.88536388612897,55653900
2020-01-07,294.9325256347656,295.67275622250656,294.4847115081981,295.19752718117184,40496400
2020-01-08,296.50433349609375,297.71976504897265,294.8776503960096,295.12438459091834,68296000
2020-01-09,298.5148620605469,298.5879870903448,297.48218715461246,298.0670758368869,48473300
2020-01-10,297.6557922363281,299.25506045062673,297.18973874984056,299.09971858480566,53029300
2020-01-13,299.702880859375,299.7120005705417,297.8477308070792,298.2772496807154,47086800
2020-01-14,299.2459716796875,300.31518120708546,298.6884979136288,299.264238992548,62832800
2020-01-15,299.9222412109375,300.68073912701385,299.07235094750735,299.15459569341715,72056600
2020-01-16,302.4171142578125,302.4171142578125,301.0737276112458,301.30219453828755,54050300
2020-01-17,303.3583984375,303.56857016247767,302.3531383755547,303.1299315092865,95846000
2020-01-21,302.7643737792969,303.5685818598415,302.3257351092037,302.39883225787577,77742400
2020-01-22,302.8008728027344,304.2722140708887,302.64553093599403,303.6233480257216,48914900
2020-01-23,303.148193359375,303.5594449783584,301.03716121185505,302.15208091700214,51963000
2020-01-24,300.4522705078125,303.8884219479204,299.16371371777205,303.80617720247466,87578400
2020-01-27,295.6361389160156,297.1165998171226,294.86849355577584,295.20662007158137,84062500
2020-01-28,298.73431396484375,299.61161940671633,295.727680535974,297.0619199626398,63834000
2020-01-29,298.4874572753906,300.3243402372707,298.28640527016483,300.0958733171972,53888900
2020-01-30,299.45611572265625,299.6663153017545,295.67271852206113,296.42206872649126,75491800
2020-01-31,294.0187072753906,298.9901505066073,293.104839444491,298.8347807041798,113845600
2020-02-03,296.2027893066406,298.0670871911225,295.3803139687608,295.49912122993766,69083000
2020-02-04,300.7172546386719,301.5854399692841,299.492675464825,299.8125346860519,62573200
2020-02-05,304.18994140625,304.4001409842499,302.1885971158361,303.6507628947107,65951100
2020-02-06,305.2135314941406,305.40543589404376,304.1351464583818,305.14955406449695,50359700
2020-02-07,303.5867919921875,305.22259472273987,303.0384659191935,304.153385374973,64139400
2020-02-10,305.8532409667969,305.91721840038207,302.6638515575527,302.700414075177,42070000
2020-02-11,306.38330078125,307.9916890041701,305.85324188570775,307.20577615157714,54864500
2020-02-12,308.35723876953125,308.5674104828042,307.4524908196525,307.81803230663076,43992700
2020-02-13,308.02825927734375,308.9969568539677,306.6574576626084,306.93160682994335,54501900
2020-02-14,308.5216979980469,308.6405052446944,307.2422889745831,308.4394532632197,64582200
2020-02-18,307.7266845703125,308.58572245034776,306.33758779968736,307.52563255819723,57226200
2020-02-19,309.19805908203125,309.8743123972908,308.41214608203063,308.6954428972899,48814700
2020-02-20,307.927734375,309.4721730276708,304.9393691304808,308.6496697818951,74163400
2020-02-21,304.756591796875,306.8858911350751,303.93408860649663,306.5751794829659,113788200
2020-02-24,294.6492614746094,304.8297340268577,293.5708763000979,295.3072473908234,161088400
2020-02-25,285.7207946777344,296.65064700332005,284.8434892986095,296.03837112534984,218913200
2020-02-26,284.6697692871094,290.7104209886197,283.93868633219154,287.11892786401404,194773800
2020-02-27,271.8847351074219,284.72456262234533,271.8847351074219,279.14996516623097,284353500
2020-02-28,270.7424011230469,272.2320096468705,260.9457401669116,263.83356488451,384975800
2020-03-02,282.4673156738281,282.53129309523894,269.0974290501747,272.52443233830087,238703600
2020-03-03,274.379638671875,286.8082453931347,271.9396274475978,282.84206278668677,300139100
2020-03-04,285.9126281738281,286.1319753809504,277.20347032348707,279.753168952443,176613400
2020-03-05,276.40838623046875,281.9007394258582,274.1694273459628,278.71135042930734,186366800
2020-03-06,271.8390808105469,273.0453928793516,265.231835125878,267.9003132173233,228667200
2020-03-09,250.6099090576172,259.71202207505866,249.89709348195655,251.58772614350622,309417300
2020-03-10,263.5777282714844,263.6690927281698,249.94281022843532,260.1233095601224,276444100
2020-03-11,250.7286834716797,257.65581500361225,247.54844229941548,256.5226281848996,255316300
2020-03-12,226.73968505859375,243.69193139870373,226.34671474938688,233.95009968243195,392220700
2020-03-13,246.12281799316406,248.09677526977262,227.11436995312613,240.42941305337604,329566100
2020-03-16,219.19119262695312,234.7726271214884,216.91565683455985,220.40662450326886,297240000
2020-03-17,231.02572631835938,234.1054695359692,216.65059323263955,223.93410499439116,262070500
2020-03-18,219.3282470703125,226.97731522464503,208.38011597518343,215.90124320983887,327597100
2020-03-19,219.7942657470703,226.0725449069811,212.2183103648007,218.64279772577996,289322000
2020-03-20,210.3224639892578,224.72697702090403,210.0466887261092,222.94364621592393,347158800
2020-03-23,204.94485473632812,211.13134505091108,200.63361059089686,209.76168442600684,326025200
2020-03-24,223.51356506347656,224.38685570948732,214.91866545634184,215.48859069772814,235494500
2020-03-25,226.85955810546875,235.64751686488069,220.3881054153029,225.09461646269625,299430300
2020-03-26,240.1059112548828,241.57667533640435,228.9371176727837,229.369162336313,257632800
2020-03-27,232.9541473388672,239.74734053233655,230.77554977075565,232.8162667433577,224341200
2020-03-30,240.51954650878906,241.23655379734308,233.05530959383546,235.050062078814,171369500
2020-03-31,236.9344940185547,242.0638491887975,235.52805566114748,239.5175603608972,194881100
2020-04-01,226.2712860107422,236.85176448420262,224.20299266868236,227.9534996121323,189554600
2020-04-02,231.49261474609375,232.2739616933411,224.8373004856705,225.38885105850346,177660400
2020-04-03,228.14654541015625,232.8622586960982,225.4163970895069,230.50898872250409,135561200
2020-04-06,243.47024536132812,245.4374352742941,228.12811933562622,237.01718131949536,188061200
2020-04-07,243.71847534179688,252.81895953411126,243.49786638414741,252.06517485811415,201427200
2020-04-08,251.89967346191406,253.71057980948646,243.8287365741532,246.31987245584386,153774500
2020-04-09,255.7329559326172,258.4906799949257,253.2234169368293,255.16300272853678,189999200
2020-04-13,253.3981170654297,255.09871946317554,249.49134066253833,254.75860459423126,114839100
2020-04-14,260.87158203125,261.89192674380104,253.260262690421,258.2885153744186,134143400
2020-04-15,255.32850646972656,261.0094117275876,253.21423436633597,255.15384835522406,121775000
2020-04-16,256.5602722167969,257.415159958969,253.4900094044969,256.6062230641316,131798300
2020-04-17,263.4913635253906,264.09803815159717,259.5937609848719,262.33311040568213,146684800
2020-04-20,258.8492126464844,263.6292797051415,258.6286036617239,259.786828884741,100109300
2020-04-21,250.9896697998047,255.58587661831038,250.05202565489662,254.3816726761035,126385700
2020-04-22,256.5602722167969,258.30682521082116,254.5471313703784,255.8708411886541,92951600
2020-04-23,256.5418395996094,261.00936672997125,256.2385023258337,257.8379731481398,104709700
2020-04-24,260.1177673339844,260.78882372538203,256.00875672334155,258.0586753592096,85063200
2020-04-27,263.8682556152344,264.98973134296574,261.6345055515394,262.09412629154366,77896600
2020-04-28,262.65484619140625,267.86692903854635,262.3514808302591,267.51761283020494,105270000
2020-04-29,269.5307312011719,271.0658765011641,266.9568668064149,267.9864125643177,118745600
2020-04-30,267.0212707519531,269.63191314520935,265.2838909183048,268.1519197995434,122901700
2020-05-01,259.9522705078125,267.1866954796315,258.78481603360234,262.2687486221893,125180000
2020-05-04,260.6693115234375,260.9726488665371,256.58787713450204,258.06784244223917,80873200
2020-05-05,263.0777282714844,265.8906050294555,260.7979992424974,263.4913981694902,79569900
2020-05-06,261.2944030761719,265.1644020355753,260.86235843797067,264.7783363053678,73632600
2020-05-07,264.44732666015625,266.3777389730855,263.9417551736114,264.511680282958,75250400
2020-05-08,268.822998046875,269.2918202089729,266.4513391653479,267.5820163579853,76452400
2020-05-11,268.8782043457031,270.25706693209133,266.46979551663003,266.89263885494034,79514200
2020-05-12,263.5189514160156,270.47758767684087,263.3810427599695,270.0639458677684,95870800
2020-05-13,258.8583984375,263.9969547866996,256.4315875392969,262.95820745768185,144721100
2020-05-14,261.9561462402344,262.08482541101597,250.94362739105318,256.422324730339,121977900
2020-05-15,263.1604309082031,263.2063817576998,258.61937607827673,259.56619361268525,111146300
2020-05-18,271.1762390136719,272.78491161799025,269.06199481206295,269.3837068905075,119703800
2020-05-19,268.3908996582031,272.28847402813193,268.3725249301823,270.57869857253786,95189300
2020-05-20,272.9504089355469,273.8144983071531,271.7002537911972,271.930064197411,85861700
2020-05-21,271.0657958984375,273.63048619370943,269.9718968426875,272.8215496093219,78293900
2020-05-22,271.58074951171875,271.7554076657255,269.5400319702441,270.781013781808,63958200
2020-05-26,274.92669677734375,277.7855520274972,271.59904750423533,277.54654029417327,88951400
2020-05-27,279.017333984375,279.0541114942936,272.8951830483843,277.72120027669484,104817400
2020-05-28,278.5025329589844,282.0599922398802,277.83147672252164,280.0468515835098,90405200
2020-05-29,279.7435302734375,280.3318301412633,275.2852041805372,278.03372679987336,119090800
2020-06-01,280.8741760253906,281.4808786671015,278.5852740999053,279.10004699838373,55758300
2020-06-02,283.199951171875,283.2459300855402,280.46062904766694,281.7935125894445,74267200
2020-06-03,286.96875,287.92476883249293,284.909658409725,285.18541958591584,92567600
2020-06-04,286.2150573730469,287.72262709548625,284.1191876013095,285.98524696801854,75794400
2020-06-05,293.5505676269531,295.324696931107,291.5466279553278,291.6109815909454,150524700
2020-06-08,297.098876953125,297.2919098216804,293.81717792255563,294.3595270647997,73641200
2020-06-09,294.883544921875,297.1724477167715,293.56900800568155,294.43309742484524,77479200
2020-06-10,293.238037109375,296.3542792450485,292.52102986489626,295.46261387215606,95000800
2020-06-11,276.3331604003906,286.94121464894255,275.7816379696527,286.306935800571,209243600
2020-06-12,279.642333984375,284.11903376188354,274.48540475326934,283.3468745854459,194678900
2020-06-15,282.2530822753906,283.38375938311225,272.7757049594633,273.9523329194972,135782700
2020-06-16,287.6858215332031,290.149410155266,282.82305403498947,290.0023281440216,137627500
2020-06-17,286.4908142089844,289.000353646456,285.75540416445665,288.7061896286449,83398900
2020-06-18,286.60107421875,287.07906963373426,284.51440640064004,284.9740270872474,80828700
2020-06-19,284.9631652832031,290.26282089573067,283.01501607269654,290.0689386157883,135549600
2020-06-22,286.79132080078125,287.18832733403883,283.21820564851276,284.36307218217655,74649400
2020-06-23,288.11163330078125,290.37369722062647,287.7053848565929,289.44116854058365,68471200
2020-06-24,280.76220703125,286.68971915216207,278.9248757908203,286.07110475847367,132813500
2020-06-25,283.7721252441406,284.03988623160495,278.16776915357684,280.18976894126644,89468000
2020-06-26,277.0321960449219,282.885859215094,276.4505490229153,282.6734931052813,127961000
2020-06-29,281.1039123535156,281.24239974862263,275.9981370930579,278.2878986725835,79773300
2020-06-30,284.7047119140625,286.4035844678509,280.5130100144226,280.6699529958901,113394800
2020-07-01,286.6989440917969,287.9638703985175,285.3601954313995,285.8218387301167,72396500
2020-07-02,288.2778625488281,291.4816690368275,287.6130948915451,290.1336499523645,69344200
2020-07-06,292.7280578613281,293.3097330320879,291.3523695965938,292.10022962286325,61713800
2020-07-07,289.7088317871094,293.16191422037843,289.33028094753945,291.18609579662257,82910000
2020-07-08,291.9247741699219,292.0355640626978,288.71175457352604,290.4752073276655,54638600
2020-07-09,290.2628173828125,292.77415781586666,286.84664602686377,292.534094306912,83354200
2020-07-10,293.2265930175781,293.49435402565143,288.767131059591,290.1982140439162,57550400
2020-07-13,290.68756103515625,297.95382235069326,290.03203541314804,295.57175522796825,102997500
2020-07-14,294.4545593261719,295.23011664805574,288.0654039937912,289.2656652398442,93657000
2020-07-15,297.1598205566406,298.2585339487308,294.777725167758,297.6768588380392,87196500
2020-07-16,296.18109130859375,296.63349268794474,294.61149295046425,295.2578047865102,54622500
2020-07-17,297.039794921875,297.82459424337384,295.21167713283364,297.1875241733961,62774900
2020-07-20,299.4403381347656,300.18819807974637,296.02416620162734,296.7720261466081,56308800
2020-07-21,300.07745361328125,301.850148500667,299.0895299692351,301.40698886705917,57292200
2020-07-22,301.78546142578125,302.09940368262994,299.6065184526506,299.7173083426101,57792900
2020-07-23,298.1847229003906,302.1271759112681,296.81827635082294,301.42546886593584,75738000
2020-07-24,296.2641906738281,297.28902521270993,294.7592290992445,296.32882749424476,73766600
2020-07-27,298.4246826171875,298.6001093174505,296.1626192778823,296.95666037009426,48293000
2020-07-28,296.5319519042969,298.81247079634437,296.2364934476947,297.6952737904054,57495000
2020-07-29,300.178955078125,300.74217459378013,297.37215573588736,297.4090950917843,48454200
2020-07-30,299.1079406738281,299.5234309444589,295.1193636875488,297.2059723944225,61861700
2020-07-31,301.4715270996094,301.5731032762325,296.6796674453573,300.8990939222795,84986800
2020-08-03,303.56744384765625,304.33375941571626,302.5887621937607,303.13349796893095,53077900
2020-08-04,304.7400817871094,304.7400817871094,302.708839271014,302.708839271014,41917900
2020-08-05,306.6327209472656,306.89126826301356,305.7740711107244,306.0418321331255,42697700
2020-08-06,308.682373046875,308.8024048039593,305.72787305800415,306.05102897866146,43679400
2020-08-07,308.90399169921875,309.19020827921787,306.8081131712944,307.71294414525704,57308300
2020-08-10,309.8273620605469,310.0120025169385,307.41756883105035,309.35647677026515,44282100
2020-08-11,307.2698059082031,311.6462040748988,306.5404296941491,311.0091339906926,69601100
2020-08-12,311.55389404296875,312.3294515588477,309.6796230021421,309.7073204785493,53774400
2020-08-13,310.9906005859375,312.30167990291056,310.06731402303166,310.7874764150394,41816100
2020-08-14,310.9999084472656,311.5354305461862,309.87349747449144,310.6029019033432,47260400
2020-08-17,311.9878234863281,312.3848300193641,311.00914180297326,312.01552096127307,35481000
2020-08-18,312.6617736816406,313.0864776091208,310.7874749185557,312.38477080822076,38733900
2020-08-19,311.3599853515625,313.5573840389721,310.7967658103232,313.0403457388199,68054200
2020-08-20,312.3293762207031,312.8094750881142,309.50412160274976,309.63336706931557,42207800
2020-08-21,313.4373779296875,313.6589577204171,311.65541319099066,311.99705293699736,55106600
2020-08-24,316.61346435546875,316.68731488840734,313.4096586142327,315.8748181437234,48588700
2020-08-25,317.7213439941406,317.8044363974734,316.01325834394123,317.176608343536,38463400
2020-08-26,320.90673828125,321.1744711148294,317.76756939870836,318.3123051250386,50790200
2020-08-27,321.6083679199219,323.0579344592056,319.94646352268916,321.77458090081905,58034100
2020-08-28,323.685791015625,323.8150646592131,321.4422114288014,322.6332589850596,48588900
2020-08-31,322.5132751464844,324.35060666428654,322.28245347132435,323.4735012045628,66099200
2020-09-01,325.5509338378906,325.6524818619685,322.44867551408413,323.34426484408283,54908700
2020-09-02,330.2596435546875,331.22908325949226,326.31719155514446,327.46208615275333,69540000
2020-09-03,318.8939514160156,329.0408614690771,316.3087321994255,328.5699763174422,148011100
2020-09-04,316.2902526855469,321.14672035614166,309.18093559831357,319.57715026354145,139156300
2020-09-08,307.6483154296875,316.35492934972956,307.34364325395643,310.87981848066687,114465300
2020-09-09,313.7236022949219,316.18876205705584,310.78752911291656,311.65542088332745,91462300
2020-09-10,308.2761535644531,316.25333454581227,307.3159276821659,315.59780899777945,90569500
2020-09-11,308.4330749511719,311.11984195166,305.60782061590953,310.0580681497682,84680200
2020-09-14,312.49560546875,314.2683283126777,308.58087891635495,311.6000162516437,65605700
2020-09-15,314.0744323730469,315.78249013570075,312.504833796234,314.9515377853473,52920900
2020-09-16,312.8279113769531,316.7426367786588,312.55090854525963,315.3115540992047,82096000
2020-09-17,310.0765075683594,311.7938349594203,307.44513563897925,307.97141566014835,91523300
2020-09-18,306.5067443847656,310.9933360912378,304.0224381842765,310.8821027224487,105877900
2020-09-21,303.09552001953125,303.2438406391325,298.23813995696975,301.9182622311076,99450800
2020-09-22,306.1822814941406,306.73847660305466,302.0664772931383,304.57862001536944,63612100
2020-09-23,299.0816345214844,307.01660211722344,298.58105607201094,306.7384904056228,93112200
2020-09-24,299.8788146972656,302.937845386202,296.448968406663,297.7652958983576,76681300
2020-09-25,304.7268981933594,305.514810507984,298.15459715590544,299.02593448186957,71069400
2020-09-28,309.7883605957031,310.50212711319176,307.89730790676646,308.8891862166308,64584600
2020-09-29,308.1011657714844,310.3259180903288,307.40592890376666,309.58434341380087,51304000
2020-09-30,310.4371643066406,313.5888989589638,308.57392054129775,308.7685789335807,104081100
2020-10-01,312.4301452636719,314.00599831587897,310.54837218800964,313.0326781450821,88698700
2020-10-02,309.4638671875,312.4024144710618,307.0073689601297,307.4801391377748,89431100
2020-10-05,314.9515686035156,315.13694812133673,311.47538439020013,311.5217221973405,45713100
2020-10-06,310.4742736816406,317.1856469045774,309.9644445702148,315.0906571878008,90128900
2020-10-07,315.8785705566406,316.6850408176242,313.40351479672364,313.4313231405762,56999600
2020-10-08,318.6781005859375,318.74299616214427,316.8982814154723,317.8160134938171,45242500
2020-10-09,321.52386474609375,321.9873559657683,319.706987085962,320.32804947834086,59528600
2020-10-12,326.6964416503906,328.1703404575897,323.5725150946358,324.0638146970355,80388500
2020-10-13,324.5643615722656,326.73349705593574,323.60029192754826,326.55736813172996,73255500
2020-10-14,322.5250549316406,326.2329853972063,321.7927590329618,325.1391526992879,57727900
2020-10-15,322.1263732910156,322.60839393885817,318.07546486396797,318.61310219082094,60357700
2020-10-16,321.9317932128906,325.1391450693449,321.7556642567683,323.4798383039487,89501900
2020-10-19,317.0373229980469,323.8228140214689,316.13814875888556,323.19247265299344,68425600
2020-10-20,318.3072204589844,321.55165885307974,317.6212625367953,318.381366603576,60051900
2020-10-21,317.70477294921875,320.43010419590195,317.3988528335673,318.2609399062844,63575000
2020-10-22,319.44744873046875,320.0314522737697,315.7766056873438,317.9179331532719,55399300
2020-10-23,320.5320129394531,320.7266713466308,318.0755149322923,320.6710546588657,49143900
2020-10-26,314.6085205078125,317.9363834022532,311.11377930795504,317.14844282914396,91473000
2020-10-27,313.5240783691406,315.28533977636755,313.3108621718636,314.9516395955158,65994100
2020-10-28,302.80810546875,313.5518292002192,302.3168058775529,307.8508925089764,127094300
2020-10-29,305.8857116699219,309.0559761451705,301.35275342695843,303.0398684553781,90597700
2020-10-30,302.6968688964844,305.61685806950385,299.0445556385391,304.30980936954535,120287300
2020-11-02,306.0896301269531,308.09188741481535,303.34574158278815,306.0896301269531,86068300
2020-11-03,311.4939270019531,313.55182927466103,306.1730565274314,309.324791356006,93294200
2020-11-04,318.45562744140625,322.5343454427772,314.79403465889675,315.9712924400372,126959700
2020-11-05,324.66632080078125,326.473947874862,323.38708050703286,323.7393383605878,82039700
2020-11-06,324.59210205078125,325.8435337229844,322.26536759375745,324.3788859530939,74973000
2020-11-09,328.67095947265625,337.7739357009492,328.20746815703154,337.39386942742516,172304200
2020-11-10,328.18890380859375,329.24564918548936,324.9166565996286,327.6790464420353,85552000
2020-11-11,330.62689208984375,331.4518918826983,329.13443541283425,330.37658868596975,58649000
2020-11-12,327.4195556640625,330.67327403455096,325.611956349888,329.61650016441143,67546200
2020-11-13,331.95245361328125,332.6940283304285,328.80996922022456,329.3290771800801,62892200
2020-11-16,336.0960388183594,336.2906972148393,333.33362089104185,334.622140095063,74541100
2020-11-17,334.288330078125,335.49342396084904,332.1748117074544,333.6857972813894,66111000
2020-11-18,330.2654113769531,335.1042624391809,330.22832414614453,334.5573460141445,70591300
2020-11-19,331.6557922363281,332.02657957234703,328.29084129066734,329.63497720915376,59940900
2020-11-20,329.3846740722656,331.60017579109797,329.3105279207122,331.3962385127505,70417300
2020-11-23,331.35906982421875,332.6197804047516,328.95818917215445,331.19221980730003,63230600
2020-11-24,336.6985778808594,337.2454941499389,333.05554351994675,333.9083515604822,62415900
2020-11-25,336.1794738769531,336.6429651228615,335.085641326032,336.61515677967736,45330900
2020-11-27,337.1157531738281,337.5884950330975,336.1053173094643,337.2733243638305,28514100
2020-11-30,335.6232604980469,336.60585962287183,332.9442959525929,336.33702679385095,83872700
2020-12-01,339.29412841796875,340.83292278060395,338.28372087591083,338.87700326166663,74231400
2020-12-02,340.0079345703125,340.16550576049775,337.6070531807557,338.18177783063066,45927000
2020-12-03,339.91522216796875,341.30569594652076,338.81211070717654,339.90594329021474,62882000
2020-12-04,342.8445129394531,342.8445129394531,340.4065442272832,340.4992481431544,50749900
2020-12-07,342.1399841308594,342.6312837481267,340.8700225705228,342.07508856328803,48944300
2020-12-08,343.1411437988281,343.7065895768302,340.8236874183033,340.8700252302088,42458900
2020-12-09,340.0635070800781,343.95681627791015,339.2292285583469,343.79924510819586,74098300
2020-12-10,339.952392578125,340.999859317976,337.82031528905617,338.69168133331823,57735400
2020-12-11,339.5537109375,339.961585539684,336.7357042360189,338.2559409711253,57698600
2020-12-14,338.033447265625,342.7981226816186,337.8573183246596,341.7228478589244,69216200
2020-12-15,342.60345458984375,342.60345458984375,339.2014446984404,340.5733606765333,63865300
2020-12-16,343.1411437988281,344.058847472952,341.93604950739774,342.8166942477022,58420500
2020-12-17,345.06005859375,345.26399593551366,343.95694683001983,344.7819750773765,64119500
2020-12-18,343.6822204589844,345.51616164558806,341.67139953282106,345.3486003375375,136542300
2020-12-21,342.45343017578125,352.32133806079884,337.0260964644425,339.7630451973212,96386700
2020-12-22,341.8762512207031,342.89096604412015,340.7498288438613,342.7792584906953,47949000
2020-12-23,342.1834716796875,344.0918753195968,341.8576390458393,342.8444269701643,46201400
2020-12-24,343.5146484375,343.5425753213041,342.0717120912017,342.6581766510882,26457900
2020-12-28,346.46575927734375,346.85673569296256,345.44172607715615,346.06543601964245,39000400
2020-12-29,345.8047180175781,348.1692982115266,345.2182250819667,347.9924184877755,53680500
2020-12-30,346.29815673828125,347.3315083324772,345.90718033712307,346.62398934581523,49455300
2020-12-31,348.05755615234375,348.7836834268124,345.5905871051007,346.1025893642061,78520700
2021-01-04,343.3191833496094,349.51920765992713,339.6233739583343,349.38886325350404,110210800
2021-01-05,345.68365478515625,346.7728598923991,342.6301928867929,342.6767566253038,66426200
2021-01-06,347.7503356933594,350.9434604581976,343.62630546858566,344.17555304257576,107997700
2021-01-07,352.91705322265625,353.66178899148537,349.9473717579539,350.12425147477427,68766800
2021-01-08,354.9278869628906,355.14198358914405,351.05519832067495,354.30414871589034,71677200
2021-01-11,352.53533935546875,354.294789546003,351.6323323911676,351.7533583363595,51034700
2021-01-12,352.60986328125,353.6245779387695,350.3663089172504,352.7215992262628,52547700
2021-01-13,353.559326171875,354.55540366276205,351.75331247872055,352.5352933958839,45303600
2021-01-14,352.3211975097656,354.8068032526865,351.9860749789511,354.30409104661976,49989100
2021-01-15,349.75189208984375,351.5020240301078,347.8900242126763,350.7014344796534,107160000
2021-01-19,352.49810791015625,353.0380654699637,350.72933922047633,352.20952068020125,51233300
2021-01-20,357.37615966796875,358.21399433461085,354.3971603978608,354.7881366510339,61836100
2021-01-21,357.7020263671875,358.36300987967786,356.7804109135132,357.93475983810305,47840100
2021-01-22,356.4360046386719,357.5996721065897,355.4678253506062,355.8495116892653,52860500
2021-01-25,357.8416748046875,358.19540580199936,352.3212155048195,357.1714012989788,70402000
2021-01-26,357.28314208984375,359.2008637189769,357.0504086066009,358.79125051568155,42665300
2021-01-27,348.55096435546875,354.05278710492604,346.31672868098127,353.95968803310404,123351100
2021-01-28,351.54864501953125,355.55165024335554,349.9288287937746,350.36634054269865,94198100
2021-01-29,344.51068115234375,350.6548499672451,342.83498325200054,349.6866708521476,126765100
2021-02-01,350.2452697753906,351.2785927627981,344.7993008040637,347.90861660624154,75817600
2021-02-02,355.1978759765625,356.75254834286187,350.32910906965094,353.4291069607294,64450700
2021-02-03,355.4770812988281,357.19931453059735,354.20170652374054,356.02632883796133,52427100
2021-02-04,359.517333984375,359.56386931140645,355.5887921301405,356.5104075201895,47142600
2021-02-05,360.9323425292969,361.63986132194566,359.47079802689495,361.3885194186946,48669800
2021-02-08,363.5390625,363.5855978382445,361.52824155640604,362.38468496710107,38365200
2021-02-09,363.29693603515625,363.89274733764177,362.2915399745202,362.7011247326708,35551100
2021-02-10,363.1387023925781,365.18676844469576,360.73690530404883,365.0378156036463,59154400
2021-02-11,363.7252502441406,364.63757587962465,361.29552590667186,364.21864417530406,42913300
2021-02-12,365.52191162109375,365.7639351240039,362.8501073798465,362.9245980037026,50593300
2021-02-16,365.2052917480469,366.94616169138556,364.48848300185534,366.75064515255275,50972400
2021-02-17,365.2891540527344,365.54049596951603,362.4404702799734,363.455213196624,52290600
2021-02-18,363.7345275878906,364.479263411607,360.9603340863235,362.68256763974955,59712800
2021-02-19,363.0921325683594,365.27983282306974,362.64527408765895,364.9912455990278,83241000
2021-02-22,360.2993469238281,362.71046232061997,360.02936813751376,360.3272738044918,67414200
2021-02-23,360.7369384765625,362.0868041909318,353.9411313866223,358.0930892269746,107284100
2021-02-24,364.7119445800781,365.1401946066292,358.6608745485557,359.64766215783163,72433900
2021-02-25,355.9239196777344,364.8143548239755,354.4809836013045,363.44588095381306,146670500
2021-02-26,354.0899963378906,358.9494723193458,352.1071310412466,357.8044418312601,152701600
2021-03-01,362.67327880859375,363.92075545040086,354.2855822417415,358.9588609981536,105348800
2021-03-02,359.8432312011719,363.12942703807903,359.34051889355743,362.8966935413863,79595300
2021-03-03,355.0767822265625,360.11310908007255,354.9743647355209,359.1449583838965,119940200
2021-03-04,350.682861328125,357.47866839991167,346.1957524741158,354.89067292653556,183433000
2021-03-05,357.1342468261719,358.1862068855953,346.90329034460194,354.18317328256677,152039600
2021-03-08,355.3561096191406,360.9044680233819,355.0768407972248,358.09305771331407,123149200
2021-03-09,360.42974853515625,362.9804987402697,358.698196429531,359.2009087711451,113633600
2021-03-10,362.67327880859375,364.3675856171588,361.3606867838893,362.77569632837776,109899400
2021-03-11,366.3503723144531,368.32394739867954,364.683992879817,365.14016975445605,86245000
2021-03-12,366.8438415527344,366.98347596763745,364.18138400908146,364.99129202536955,64653600
2021-03-15,369.03143310546875,369.29209340626124,364.9539389353393,367.0950750911458,73427200
2021-03-16,368.56610107421875,370.3534785306605,367.79340990754196,369.64598797533466,73722500
2021-03-17,369.82275390625,370.62334330164754,366.1362357683659,367.2812945185965,97959300
2021-03-18,364.4420471191406,369.32013211532865,363.76245508171684,367.2348490775415,115349100
2021-03-19,363.7676696777344,365.71969051583625,361.59147356195604,364.141257136667,113624500
2021-03-22,366.67230224609375,368.05460704440395,364.2252718824728,364.2813085699684,73778600
2021-03-23,363.786376953125,367.48494163658637,363.0018346568089,366.0372793939017,90686600
2021-03-24,361.9371032714844,366.821844910974,361.8904155198871,365.18737456445785,97588600
2021-03-25,363.9731750488281,364.76703777153006,358.556056717537,360.4987572580339,116128600
2021-03-26,369.8385925292969,370.2401983720078,364.5242270663124,365.12196135499164,114409100
2021-03-29,369.65179443359375,370.5577590931056,366.877863754709,368.3628933197625,108107600
2021-03-30,368.6711120605469,369.34358094645273,367.07398064220894,368.381579616897,76262200
2021-03-31,370.1654357910156,371.7251997987825,369.21278347970974,369.2408018270159,112734200
2021-04-01,374.16290283203125,374.2189680327331,371.89333106228867,372.0988084552015,99682900
2021-04-05,379.53326416015625,380.0749901846481,376.75001345829463,376.82471954638225,91684800
2021-04-06,379.3091735839844,380.35522998954474,378.63670467999566,378.9729533834397,62021000
2021-04-07,379.74810791015625,380.0936770263506,378.68338221439245,379.1410247193097,55836300
2021-04-08,381.5506896972656,381.60672639186373,380.06566028462163,380.9996431984528,57863100
2021-04-09,384.32464599609375,384.4927845941178,381.3078992229351,381.4293215703808,61104600
2021-04-12,384.46478271484375,384.73561726762654,383.11984489042715,383.7269281507639,56704900
2021-04-13,385.60418701171875,386.2299681294225,383.979065799831,384.36200222963515,56551000
2021-04-14,384.2873229980469,386.6316009841835,383.7455968876172,385.5761956165632,61659900
2021-04-15,388.41552734375,388.6863904096903,386.3794511307246,386.4261388821726,60229800
2021-04-16,389.7137451171875,390.3208283501207,388.28475230611167,389.7043961665137,82037300
2021-04-19,387.7990417480469,389.228034481116,386.4728019580856,388.77974091961784,78498500
2021-04-20,384.9598083496094,387.68702290879025,383.4840991609738,386.5849297445035,81851800
2021-04-21,388.6023864746094,388.8078639132317,384.2033051981361,384.3434254767139,66793000
2021-04-22,385.0531311035156,389.26540322576255,383.98840538810305,388.43417324213044,97582800
2021-04-23,389.22802734375,390.6383506535276,385.5388119647193,385.6135180559668,73209200
2021-04-26,390.0406188964844,390.61036333622997,389.293443913069,389.88185775138544,52182400
2021-04-27,389.9565124511719,390.535605765326,388.8170522247635,390.33944884314224,51303100
2021-04-28,389.84454345703125,391.3482710819515,389.3775519031769,390.2274799515401,51238900
2021-04-29,392.3288879394531,392.94532012603673,388.94787411541165,392.5717326349584,78544300
2021-04-30,389.75103759765625,390.90919573054396,388.8544220293682,390.05926790428015,85527000
2021-05-03,390.5916748046875,392.12339199652814,390.0966649892705,391.7404555728437,68128300
2021-05-04,388.1819763183594,389.09728984022036,384.49276088924864,388.60228003315905,101591200
2021-05-05,388.3034973144531,390.0593902091358,387.7431017199729,389.8258944200111,60162200
2021-05-06,391.4042663574219,391.5350091571525,386.37008425835495,388.37814202679203,74321400
2021-05-07,394.2529296875,394.90672923888695,391.4883477759264,392.17016567934985,67733800
2021-05-10,390.3488464355469,394.8319533096077,390.22742408846256,394.60780651677413,81852400
2021-05-11,386.86505126953125,387.85507086903533,382.9890279126543,385.82834392591514,116888000
2021-05-12,378.64605712890625,385.35204832878026,377.3291376588085,384.0818451111226,134811000
2021-05-13,383.1945495605469,385.12790123879364,380.14975581622974,380.19647206863493,106394000
2021-05-14,389.07861328125,389.9285412046908,385.9030768823611,385.93109523135814,82201600
2021-05-17,388.088623046875,388.90121223521504,386.0712162573868,387.9672291939465,65129200
2021-05-18,384.74493408203125,388.59293922934893,384.5861444411635,388.3500945443385,59810200
2021-05-19,383.73626708984375,383.9137261518179,378.5713418982046,380.0564000490199,106467100
2021-05-20,387.8644714355469,389.1253542262279,384.4928063797059,384.6142002311314,78022200
2021-05-21,387.546875,390.59166843930177,387.089232490251,389.34945519441624,76578700
2021-05-24,391.49761962890625,392.57169424932044,389.5455703108136,389.7884149825735,51376700
2021-05-25,390.6290283203125,392.9359673967326,390.0499634392748,392.5810493076067,57451400
2021-05-26,391.4042663574219,391.9085966601107,390.18075089606674,391.2174583544931,43088600
2021-05-27,391.6097106933594,392.9452994425397,391.3294987126263,392.4316202322079,56707700
2021-05-28,392.3102722167969,393.44038379537267,392.0767764400637,393.1788696655476,58520200
2021-06-01,391.9646301269531,394.81326667212426,391.5256570082224,394.67317493272026,54216600
2021-06-02,392.58099365234375,393.42160100863873,391.60967202316226,392.6183609466643,49097100
2021-06-03,391.1240234375,392.2634837583409,388.79841505022597,390.26477509890356,58138800
2021-06-04,394.70123291015625,395.0001143194918,391.18944760771376,392.973358609629,55938800
2021-06-07,394.3182678222656,394.86931434784225,393.38428486307185,394.69185530536356,51555000
2021-06-08,394.40228271484375,395.27087993776814,392.57168428200526,395.17747595077844,47134300
2021-06-09,393.81390380859375,395.3176311744139,393.5897570222941,395.242896577049,48436300
2021-06-10,395.6445617675781,396.5972427580908,393.720558888761,395.0374784616624,51020100
2021-06-11,396.2983093261719,396.410382721431,394.90668383020704,396.1955848814836,45570800
2021-06-14,397.1855773925781,397.2883018302443,395.1681709071251,396.4103556235315,42358500
2021-06-15,396.45709228515625,397.3723773329353,395.5791460332352,397.33503853707737,51508500
2021-06-16,394.2435302734375,396.8213323424478,392.19813383077667,396.59718555484613,80386100
2021-06-17,394.11273193359375,395.0934024940287,391.63768315967735,393.83254848858195,90949700
2021-06-18,388.7960510253906,391.52280806426444,388.5899013988071,390.82940868218697,118676300
2021-06-21,394.3620300292969,394.5494491775668,389.74243684552914,390.5576558078238,72822000
2021-06-22,396.4703674316406,397.3043454678535,393.6311417670724,394.352679752593,57700300
2021-06-23,395.9925231933594,397.3512120232172,395.9081931498081,396.5453725429614,49445400
2021-06-24,398.3350524902344,398.756702636822,397.88526373773,398.13828242182683,45110300
2021-06-25,399.7499694824219,400.1997582443463,398.75671098813206,399.0846801731096,58129500
2021-06-28,400.5558776855469,400.72453776466034,399.07536933086004,400.274777553691,53159600
2021-06-29,400.7713623046875,401.577201657203,400.23724351738144,400.9400223650543,35970500
2021-06-30,401.1087341308594,401.78340305544015,400.2841356012442,400.3122456149289,64827900
2021-07-01,403.3295593261719,403.48886848690523,401.8021816752853,401.86778124712555,53441000
2021-07-02,406.4123229980469,406.76840218909126,403.41378848033645,404.49140558885847,57697700
2021-07-06,405.672119140625,406.68413685470637,402.9359824093808,406.4686076794865,68710400
2021-07-07,407.1057434082031,407.38687211913964,404.34149695894274,406.35612403799763,63549500
2021-07-08,403.78875732421875,404.5477564364172,400.60280264528495,401.7834806403287,97595200
2021-07-09,408.09906005859375,408.3989192878367,403.5919064673389,405.2973236629894,76238600
2021-07-12,409.560791015625,409.8138097220538,407.58365342944904,408.01468314938586,52889600
2021-07-13,408.16461181640625,410.27294851905754,407.9022421705888,408.7736811446095,52911300
2021-07-14,408.7736511230469,410.3478974784806,407.5274025459791,409.8606191747878,64130400
2021-07-15,407.37750244140625,408.10839135369446,405.4753153622365,407.4337224657248,55126400
2021-07-16,404.1822509765625,408.60507458251783,403.7887107543716,408.5582340881167,75874700
2021-07-19,398.2132568359375,404.24778712950507,395.40214130525,399.35644496226297,147987000
2021-07-20,403.91986083984375,405.19424821912867,398.0821000063619,398.87858854389634,99608200
2021-07-21,407.1900939941406,407.33067265477706,403.8729980876093,405.1192467876088,64724400
2021-07-22,408.0428466796875,408.28648588193806,406.3842985469024,407.3681777009672,47878500
2021-07-23,412.2406921386719,412.5780122497424,409.2890267822298,409.97304653950414,63766600
2021-07-26,413.2527160644531,413.26209560038063,411.6035477215418,411.6503882088871,43719200
2021-07-27,411.36932373046875,412.2407627628377,408.5394488652319,412.21265274876606,67397100
2021-07-28,411.2005920410156,412.57803977875034,409.7763038167769,411.9970804846023,52472400
2021-07-29,412.90606689453125,413.9836556005954,412.1189578762892,412.12833741336397,47435300
2021-07-30,410.9008483886719,412.3532469313262,410.20742030714354,410.33861945094543,68951200
2021-08-02,410.0386962890625,413.16840161930367,409.68261706413523,412.61555230549715,58783300
2021-08-03,413.37451171875,413.4963312941715,408.6424789249471,410.83514549410086,58053900
2021-08-04,411.34124755859375,413.3464954516936,411.1069878900075,412.09086705960937,46732200
2021-08-05,413.9461669921875,414.0304970317783,412.18452990878626,412.5031195904007,38969700
2021-08-06,414.6301574707031,415.0518362349307,413.9835986168319,414.26472732503214,46930000
2021-08-09,414.2928771972656,414.920677039973,413.5244986888596,414.60208735027624,41222600
2021-08-10,414.8082275390625,415.52038600343246,414.05860812109773,414.74262797604996,43339300
2021-08-11,415.8389892578125,415.9326988371535,414.75202104898426,415.87647880877864,44034300
2021-08-12,417.0852355957031,417.22581426197354,414.78950819398324,415.68905723891174,38909400
2021-08-13,417.84429931640625,417.8630297953268,417.0478107219428,417.5350605392358,39470300
2021-08-16,418.8281555175781,418.95932605512974,414.9862914344037,416.5417789840265,73740000
2021-08-17,416.08258056640625,416.9446399663895,413.0934254851267,416.26997110737653,92673900
2021-08-18,411.5286560058594,416.63552844125934,411.28504538533383,415.07066120484444,89351900
2021-08-19,412.165771484375,413.36520830572493,408.66125638495504,408.8018064511608,92812200
2021-08-20,415.4454345703125,415.7734038110684,412.02524927934286,412.512527670003,72008700
2021-08-23,419.09991455078125,420.00884318252696,415.52042005494565,417.1321276721808,54973000
2021-08-24,419.7652282714844,420.299347194437,419.2498684240996,419.7652282714844,38744700
2021-08-25,420.64593505859375,421.1612947689073,419.5776974968097,419.95253575464955,40529700
2021-08-26,418.1628112792969,420.59908850889707,418.06910170981706,420.36482888327043,57829600
2021-08-27,421.90167236328125,422.2764821219972,418.91251663896753,418.96873667296734,77235100
2021-08-30,423.7569580078125,424.5440669661629,422.33264109600447,422.5762802722132,48357400
2021-08-31,423.1291198730469,424.0005588501911,422.5294300788062,423.6632387027082,59300200
2021-09-01,423.3539733886719,424.5814915085135,423.1197137689136,424.06613178350335,48721400
2021-09-02,424.6565246582031,425.4623641266029,423.45711639620544,424.77834425136786,42501000
2021-09-03,424.5534973144531,425.0688857762042,423.1198291942796,423.52277758325664,47170500
2021-09-07,423.0354309082031,424.30043871518234,422.3607619842241,424.20672913760086,51671500
2021-09-08,422.5200500488281,423.2322084875442,420.599103890751,422.5013195727054,56181900
2021-09-09,420.7115783691406,424.0755433312676,420.46793919543404,422.32328581858627,57970400
2021-09-10,417.39453125,423.06360408825856,417.2727116405704,422.6419538204089,89948200
2021-09-13,418.46270751953125,420.655403124016,416.1482209113753,420.39303344599693,83738600
2021-09-14,416.2044982910156,420.1119337155956,415.31430007401667,419.9057840546144,78197100
2021-09-15,419.6808166503906,420.1774459218341,415.5203633365021,416.6260619263352,78792200
2021-09-16,419.01556396484375,420.1306135920383,416.0638694935535,419.15611403582216,77786700
2021-09-17,414.9339294433594,418.6658919018536,414.5767094129711,418.2428908298914,118425000
2021-09-20,408.0152282714844,410.3841202455259,403.145796182089,408.8048589294982,166445500
2021-09-21,407.6297607421875,411.6531328768098,407.1033403647797,410.3558724154265,92526100
2021-09-22,411.6062316894531,413.6461327527761,407.7426779520701,409.9047602159598,102350100
2021-09-23,416.6071472167969,418.21463714747955,413.2418148065021,413.4768249344985,76396000
2021-09-24,417.29339599609375,418.0078359804858,414.7552750846295,414.97149473457984,62094800
2021-09-27,416.0995788574219,417.4250108387706,415.40392931593607,416.2593696919336,61371100
2021-09-28,407.7144470214844,413.65551103539497,406.98121643473854,413.3264910581115,130436300
2021-09-29,408.40069580078125,410.83539778442844,407.83666564017506,409.0963167424617,82329200
2021-09-30,403.4090270996094,410.58151260645667,403.0705975741562,409.8764821735044,140506000
2021-10-01,408.2031555175781,409.8858359543711,401.61349147576334,405.1386431605833,129240100
2021-10-04,402.93896484375,407.9399583912579,400.79564501055677,407.03752756364304,128570000
2021-10-05,407.131591796875,409.3782739253751,403.64404918460883,404.4430607487151,90682500
2021-10-06,408.82366943359375,409.03047952232674,401.9049840791868,403.53123602954014,113032200
2021-10-07,412.3581237792969,415.1970354491902,411.92571322947015,412.10432319982914,72437500
2021-10-08,411.6062316894531,413.51454196456314,410.97642044802546,413.12912181203603,74557400
2021-10-11,408.6262512207031,413.8622842543227,408.56044149355773,410.9481526531211,65233300
2021-10-12,407.62042236328125,409.9517335045939,406.8307916592311,409.5475229098595,71181200
2021-10-13,409.0867919921875,409.9046225853422,405.6650597065649,408.6449718376633,72974000
2021-10-14,415.96795654296875,416.11836647826146,412.2829848477017,412.7530051375808,70236800
2021-10-15,419.1358642578125,419.50249383265776,417.4625932709582,418.0830234599393,66260200
2021-10-18,420.3767395019531,420.71514033276804,416.69176789132155,417.34980775714325,62213200
2021-10-19,423.6198425292969,423.6856235581585,421.39192256312816,422.0029718063698,46996800
2021-10-20,425.2837219238281,425.58454176597354,423.9676709741409,424.08047124300566,49571600
2021-10-21,426.39300537109375,426.6186059313377,424.2497139854905,424.6821246218787,41305400
2021-10-22,425.9512023925781,427.40828257050583,424.0053114184127,425.9606119788899,58845100
2021-10-25,428.2354431152344,428.56446303148596,425.26494034706053,427.0416019944035,45214500
2021-10-26,428.62078857421875,430.9990895045557,428.24477817297964,429.78645811214113,56075100
2021-10-27,426.72198486328125,429.7489164065924,426.6467655584889,429.0814956872959,72438000
2021-10-28,430.83935546875,430.91454608380144,428.1414439075538,428.1508248045862,51437900
2021-10-29,431.71368408203125,432.0050943990197,428.24493166341136,428.5363419803998,70162400
2021-11-01,432.45623779296875,433.07666796283195,430.7265667229376,432.70062881424144,48433600
2021-11-02,434.2047119140625,434.51494135185385,432.4938312768331,432.62545072020157,48908400
2021-11-03,436.8556823730469,437.25989295856164,433.198910555134,433.6407307983925,52509800
2021-11-04,438.9143371582031,438.9989373652711,437.10944667746986,437.4572570913363,52847100
2021-11-05,440.4371643066406,442.4300455313022,438.9237129061649,441.14219466561576,66390600
2021-11-08,440.8132019042969,442.0352718144265,440.1269906728055,441.53705147758245,50405200
2021-11-09,439.3561706542969,441.4148618185051,437.9461097849906,441.17985167362065,51149100
2021-11-10,435.8215637207031,439.35612511347824,434.3363123816006,437.6640350330447,69429700
2021-11-11,435.9624938964844,437.3913735594925,435.9437034174595,437.31615426788454,34848500
2021-11-12,439.2527160644531,439.80733651939306,436.2821846286871,437.2316347180003,53466700
2021-11-15,439.4031982421875,440.70045894132767,438.2751666643262,440.5406680944853,46980500
2021-11-16,441.14227294921875,442.27971409763927,439.06479115534836,439.1399817843683,48857500
2021-11-17,440.070556640625,441.0575876528418,439.4501264917785,440.87897766963937,47858300
2021-11-18,441.56524658203125,441.8284567817868,438.3784954289363,441.1046072166389,50625600
2021-11-19,440.7756042480469,442.70267579983584,440.4089746825623,441.4524058684626,57315600
2021-11-22,439.53472900390625,445.1467717517106,439.32791895320247,442.65567024625074,72762000
2021-11-23,440.1175842285156,440.9730245653836,436.60184177692975,439.20574375407494,73206500
2021-11-24,441.2926330566406,441.4148429167893,437.2974607646824,438.115291443818,61858800
2021-11-26,431.45037841796875,436.0847710795946,430.32231837166336,434.61831023205275,112669600
2021-11-29,436.7427978515625,438.5852690969573,434.0448863560093,436.2445775616634,86268800
2021-11-30,428.2449035644531,436.20704878218436,428.00048382259115,434.29876746658414,148559600
2021-12-01,423.4882507324219,436.8086374124799,423.290850257439,433.9603158081163,131939200
2021-12-02,429.97454833984375,431.54442870471775,423.3096641820062,423.7044938415965,127637800
2021-12-03,426.23321533203125,432.70067046910617,422.00303269299377,431.63844870413465,137331600
2021-12-06,431.2812194824219,433.16130061518345,426.3647969926562,428.78070813331755,98977500
2021-12-07,440.2021789550781,440.7662090115453,431.1495840464495,436.5642266881175,95484700
2021-12-08,441.3678283691406,441.8190581603877,438.83911699656346,440.5970169214314,72238800
2021-12-09,438.387939453125,441.4712714729504,438.190538959741,440.0800010576555,61272600
2021-12-10,442.5146789550781,442.66508888548304,438.53832579208637,441.0952372334483,77159800
2021-12-13,438.5947265625,442.3454791791736,438.3126971846737,441.99766876550603,87724700
2021-12-14,435.5771179199219,437.8144187233226,432.65360596586527,435.3233173325535,97264100
2021-12-15,442.3830871582031,442.6274781927471,433.11427244709614,435.63360291576834,116899300
2021-12-16,438.48193359375,444.5169779638093,436.930843709259,444.23497726904446,116568600
2021-12-17,433.8152160644531,438.40929266529145,432.1077672413191,435.400025670144,135511600
2021-12-20,429.2022705078125,429.59845850346267,425.5798363191293,428.7305989396733,107134800
2021-12-21,436.8244323730469,436.9659280734673,430.456866757222,432.6265442664553,69806300
2021-12-22,441.192138671875,441.30533523820264,436.37164043974565,436.56976321936594,58890200
2021-12-23,443.9372253417969,445.43713726995674,442.08828110682884,442.19203501921226,56439700
2021-12-27,450.2199401855469,450.2670958254494,445.26738887680665,445.3145445167092,56808600
2021-12-28,449.85198974609375,451.68207754216996,449.087884188701,450.653837085784,47274600
2021-12-29,450.4275207519531,451.4463187392995,448.95590766548065,449.9558491527363,54503000
2021-12-30,449.18231201171875,451.8614033073912,448.7200830453062,450.85201915066745,55329000
2021-12-31,448.05023193359375,449.84257807075835,447.77668316160356,448.6917271226337,65237400
2022-01-03,450.6444396972656,450.7765215542985,447.0031490248722,449.31432242601716,72668200
2022-01-04,450.4934997558594,452.78584543871375,448.635112640116,452.06889544831097,71178700
2022-01-05,441.84295654296875,450.8990542315734,441.7486164943137,450.1255061365595,104538900
2022-01-06,441.42791748046875,444.14474987590535,439.06011738234776,441.38076184676675,86858900
2022-01-07,439.6827697753906,442.6165817047028,438.32435344615055,441.43740286255314,85111600
2022-01-10,439.13568115234375,439.3526316532516,430.7304901894249,436.48488919074714,119362000
2022-01-11,443.13543701171875,443.2297770827889,435.8716833675285,438.8715364116939,74303100
2022-01-12,444.3334655761719,446.38997545502053,442.3713245554861,444.87117806328797,67605400
2022-01-13,438.211181640625,446.0881025089078,437.18294108680465,445.4371934481838,91173100
2022-01-14,438.390380859375,438.7394131797268,433.8434604749311,435.06038106331687,95890900
2022-01-18,430.62664794921875,433.90004939507276,429.5135100897984,433.6925127781855,109709100
2022-01-19,426.1552429199219,433.5699058238336,425.88166536173696,432.17377646871046,109357600
2022-01-20,421.43853759765625,432.749212360242,419.3160155840139,428.04193941787696,122379700
2022-01-21,413.1654052734375,422.6742906855869,413.1371061330772,420.3159330270776,202271200
2022-01-24,414.9200439453125,415.4294573025682,396.9210694706066,407.5525363125253,251783900
2022-01-25,409.85430908203125,414.80686073493035,402.9490301538802,408.52419175491247,167997300
2022-01-26,408.82611083984375,418.88215354974477,404.56218083601084,415.75024698500334,186391100
2022-01-27,406.8072509765625,416.570857381139,405.1186876310889,413.42953766606337,149878300
2022-01-28,416.9105529785156,416.9577086247044,403.5811085016075,408.1657427915105,164457400
2022-01-31,424.4194641113281,424.7684964246404,414.891693794857,416.24066741224294,152251400
2022-02-01,427.28729248046875,427.9287589149775,421.61779092107525,425.1458850994215,123155400
2022-02-02,431.4379577636719,432.16432156191325,427.3815652994968,429.6927673307446,117361000
2022-02-03,421.2970886230469,427.3061803398797,420.4574993371218,425.40063739567904,118024400
2022-02-04,423.2780456542969,427.1268727004783,418.68394073588917,421.06118368926354,118454400
2022-02-07,421.91961669921875,425.4382678088837,420.58949956003295,424.04213853628335,84472900
2022-02-08,425.3911437988281,426.31563040935833,419.99522006477935,421.4196773714475,81012000
2022-02-09,431.6172790527344,431.9380123033958,429.23062177963686,429.42871580152007,92589900
2022-02-10,423.8630065917969,431.7776416870408,421.863123457987,425.7685496405388,140103700
2022-02-11,415.50494384765625,426.0232149227556,414.0710725267029,423.947877125735,153214600
2022-02-14,414.1465148925781,416.58035643251037,410.67501887953995,414.995546790282,123006300
2022-02-15,420.8253479003906,420.9951427431811,418.0707734780917,418.5896294380124,88482700
2022-02-16,421.2970886230469,422.6743616661116,416.90110575473415,418.7783495538221,84863600
2022-02-17,412.297607421875,421.2688111349309,411.69388269891886,418.10860542165693,102259100
2022-02-18,409.6279602050781,413.8069639993618,407.3544994602663,412.55230132343786,132642900
2022-02-22,405.2318420410156,410.8258588818676,401.73201893335295,407.42040461641034,124391800
2022-02-23,398.043701171875,408.7129111688608,397.4776894566013,408.146899453587,132578000
2022-02-24,404.0338134765625,404.4677720037459,387.3744006844994,387.73284685817333,213942900
2022-02-25,412.9483947753906,413.03329219005104,403.61871876539095,405.26956900150043,121804500
2022-02-28,411.89190673828125,413.37296233027865,406.29788900505855,407.5525226744369,145615000
2022-03-01,405.6186828613281,412.4013221597528,402.9112639395008,410.3919967190823,137785900
2022-03-02,413.0805358886719,414.8068411449072,407.1186004140651,407.8732634005898,117726500
2022-03-03,411.0240478515625,416.1180952528959,409.22225892771945,415.51437058927706,105501700
2022-03-04,407.6846008300781,408.8165952787163,403.63765086397046,407.2883840604993,113978200
2022-03-07,395.6663818359375,407.80720269087345,395.60034091096946,407.09969537962036,137896600
2022-03-08,392.6665954589844,403.00562856631194,391.60061306814714,395.8456573433794,164772700
2022-03-09,403.1942138671875,405.175239820648,398.8642731796688,401.05283573374976,116990800
2022-03-10,401.3736267089844,402.2697853678107,396.61916949340304,398.5813104458791,93972700
2022-03-11,396.2701416015625,404.4772092709991,395.7607282684723,403.8640420157582,95636300
2022-03-14,393.37408447265625,400.4963135753872,392.2326473482891,397.04370305998077,95729200
2022-03-15,402.0245666503906,402.6565904451957,394.71365716973366,395.98714740326733,106219100
2022-03-16,410.9391784667969,410.9957767582318,400.7321976792803,405.5338401149026,144954800
2022-03-17,416.0803527832031,416.0803527832031,408.6468044640496,409.02413595065417,102676900
2022-03-18,420.6375732421875,420.9593028336933,413.7297868077792,414.4678791360529,106345500
2022-03-21,420.51458740234375,422.47335203270006,417.00389114982016,420.4672563901048,88349800
2022-03-22,425.4352111816406,426.37201295183075,421.9055997031732,421.9055997031732,74650400
2022-03-23,419.956298828125,424.3943252385868,419.871137651901,422.89922534823637,79426100
2022-03-24,426.2867736816406,426.2962456583462,420.86464457725936,421.9812404653612,64736900
2022-03-25,428.36865234375,428.64307980820996,424.33751705816746,426.92085470819296,77101300
2022-03-28,431.4156494140625,431.4156494140625,425.8799424500739,427.77248986490883,68529800
2022-03-29,436.7526550292969,437.24473588066155,432.61744319877937,435.30485728967426,86581500
2022-03-30,434.05572509765625,436.4214091697429,431.94552450928234,435.6075988323958,79666900
2022-03-31,427.3750915527344,434.11255605182595,426.9208697553412,433.2893025074121,121699900
2022-04-01,428.5863342285156,429.0973012788602,425.00942048618305,428.9553659870978,89048800
2022-04-04,432.2578430175781,432.3619481479705,427.96178092937987,428.78503448200854,59601000
2022-04-05,426.7978515625,433.2325015603828,425.6528684021026,430.7627409154782,74214500
2022-04-06,422.5301208496094,424.8106439250677,419.64399762453365,422.8802663750546,106898000
2022-04-07,424.6592102050781,426.4760682966739,419.7007455820255,421.65006696641547,78097200
2022-04-08,423.5236511230469,426.41924581714,421.9812206473223,423.9021547597825,79272700
2022-04-11,416.28472900390625,421.09178658035466,415.7832051098399,420.24958914576314,89770500
2022-04-12,414.74237060546875,421.8015653862198,413.1904676419976,419.27500151988085,84363600
2022-04-13,419.4926452636719,420.2496527692532,414.31652630785027,414.49632064407325,74070400
2022-04-14,414.2691650390625,420.8363067294956,414.16505991706254,419.71968183285964,97869500
2022-04-18,414.439453125,416.12381899160926,412.20623239424935,413.3417722746959,66002500
2022-04-19,421.129638671875,421.848787018053,414.1650495021856,414.33537183065033,77821000
2022-04-20,420.8173522949219,423.52370998577396,419.6534541721469,422.9086378808468,65224400
2022-04-21,414.5246887207031,425.83267191463915,413.61627398000866,424.4416483063958,85417300
2022-04-22,403.15045166015625,414.54356611501663,402.5826816695929,413.43644206750025,132471800
2022-04-25,405.48773193359375,405.6580542602697,396.33725301076987,400.9077709224342,119647700
2022-04-26,393.7445068359375,403.1504700703284,393.71611977901205,402.95173179386785,103996300
2022-04-27,394.8516540527344,400.198124069915,392.7130949238464,394.8232669941469,122030000
2022-04-28,404.8253173828125,406.5570142890086,395.1638717530579,399.6018973665393,105449100
2022-04-29,389.86480712890625,402.9896201658994,389.1172427381389,400.83211704855785,145491100
2022-05-02,392.2115478515625,393.5741843394114,383.2597775315031,389.93102468617633,158312500
2022-05-03,394.0094299316406,396.4224162058567,391.1516650055243,392.71303964199615,100028200
2022-05-04,406.0081787109375,406.5759486887727,391.48287209472454,394.67180974349054,144247900
2022-05-05,391.5775451660156,402.16635092774,387.44233342518896,401.7405161814466,172929100
2022-05-06,389.2402648925781,392.5143641838962,383.9316826887412,389.01316841951103,151770800
2022-05-09,376.77783203125,384.5751184962438,375.19754216123187,383.3355021930368,155586100
2022-05-10,377.6483459472656,384.26278949238593,373.60776787459224,382.7582178604821,132497200
2022-05-11,371.6490478515625,382.3324875102671,370.90148343777554,376.6832315730373,142361000
2022-05-12,371.2610778808594,374.5351773075326,364.45736660676437,368.45064339852814,125090800
2022-05-13,380.13702392578125,381.5185752675218,374.35527733219214,375.3961840463711,104174400
2022-05-16,378.5946350097656,382.26618152652463,376.2384227760437,378.49055876588955,78622400
2022-05-17,386.3825378417969,386.6191062996921,380.9509064114928,384.68869959743125,83029700
2022-05-18,370.8067932128906,382.1053033485448,369.5671769928699,381.82143279357103,117674500
2022-05-19,368.5357360839844,372.96431881468,366.31198717995636,367.7408696651366,98510700
2022-05-20,368.6966552734375,375.69907542713753,360.09503013105126,372.12216171567013,131432200
2022-05-23,375.59490966796875,376.36138893220135,369.40627257344516,371.72462544104593,76414900
2022-05-24,372.7277526855469,373.92003788214953,366.1700541533183,371.4691925228241,91448800
2022-05-25,376.0207824707031,377.9890479746067,370.83522098115014,371.2326397707966,91472900
2022-05-26,383.5341491699219,385.1712128882923,377.04272615796106,377.2509075043551,82168300
2022-05-27,392.94964599609375,393.0631942254229,385.7958187685275,385.99452816985354,84768700
2022-05-31,390.7447814941406,394.0851264101224,388.0005936135915,391.3314665518741,95937000
2022-06-01,387.5842590332031,393.87697365023195,385.06716741079504,392.8644826922193,86585800
2022-06-02,394.96514892578125,395.01245105424977,385.1712114606002,387.4233472328848,79609600
2022-06-03,388.4831848144531,391.7951425251517,387.50852412899536,390.2432399078514,71874300
2022-06-06,389.6661071777344,394.22712507510215,388.492707995611,392.4954566785765,57508900
2022-06-07,393.40380859375,393.8580303540427,385.7105989918035,386.1742927298047,59272400
2022-06-08,389.1266784667969,393.47954333395916,388.33181201108613,391.6910721501235,64350000
2022-06-09,379.8721008300781,389.61870798841755,379.8721008300781,387.34765697732666,86289800
2022-06-10,368.857421875,374.5161481558554,368.8101197482245,373.6645077280553,132893900
2022-06-13,354.8526306152344,361.2967520769685,353.2439538052529,359.4420637467876,170004900
2022-06-14,353.7833251953125,357.6346658846879,350.679548775885,356.60323107069917,104011800
2022-06-15,358.8269348144531,363.27440308718553,352.1273020375545,357.085766103299,125666800
2022-06-16,346.95123291015625,351.01075501197846,344.51930266450194,350.60386426743156,134473300
2022-06-17,347.69915771484375,351.0444479219139,344.19235133733406,347.3665544750161,111113900
2022-06-21,356.4520263671875,357.83954577017596,353.35383919081494,353.4298843377524,76811900
2022-06-22,355.8058166503906,359.9208687301767,351.80477429485757,352.2229356289405,90059400
2022-06-23,359.2936096191406,360.0253774175742,354.380257681737,357.944112743824,79292100
2022-06-24,370.7169494628906,370.7264623574381,362.4393100729595,362.46781975387455,98050300
2022-06-27,369.30096435546875,371.93345521638525,368.20805445306024,371.6388454775464,66009600
2022-06-28,361.7550354003906,373.6440649503389,361.6409966809316,370.859513206885,86548900
2022-06-29,361.46044921875,363.29463974904866,359.63577158326706,362.3062847809654,65676000
2022-06-30,358.5238342285156,361.7645700473963,354.06663699104956,357.5639599441416,112508300
2022-07-01,362.3157653808594,362.7529525002182,355.2450743514729,357.8680810567147,74839700
2022-07-05,363.00006103515625,363.01908682641243,354.3897883879628,357.2218760257325,81438000
2022-07-06,364.22601318359375,366.7159554565062,360.75719981096245,363.1425872465519,70426200
2022-07-07,369.6810302734375,370.4793302796413,364.2449625145711,366.0031367080708,64525900
2022-07-08,369.37701416015625,371.24922746104284,366.5164167860133,368.0464848680788,72397800
2022-07-11,365.15728759765625,367.6662260380733,364.4635134934426,366.69686807289065,58366900
2022-07-12,361.92608642578125,366.99152847059673,360.17742508846254,364.6061122917404,62219200
2022-07-13,360.0254211425781,362.9620635927919,356.0624300737601,356.48059143871535,84224600
2022-07-14,359.1510314941406,360.23442826193605,352.6220542011667,355.06446062617965,89704800
2022-07-15,366.0126647949219,366.12670351443825,361.6505097570627,363.56071631441466,79060400
2022-07-18,362.9905090332031,369.7760736131692,361.764534839165,369.1013252129824,63203600
2022-07-19,372.7982177734375,373.3684403556091,366.2597563730755,366.9154789894388,78506000
2022-07-20,375.17413330078125,376.5901914099878,371.619791193265,372.98831383414614,71843800
2022-07-21,378.9945983886719,379.0421048535145,372.1900078667484,374.59442084284586,64903900
2022-07-22,375.478271484375,380.31560739398503,373.2544293512537,379.1181717855212,72197300
2022-07-25,375.9344177246094,376.78973707432243,373.6915500269605,376.1054757940071,53631500
2022-07-26,371.48675537109375,374.4993845551237,370.59341339787153,374.29030390175836,52946400
2022-07-27,381.1329040527344,382.8815653652331,374.4898588407444,374.7844685236655,82342100
2022-07-28,385.9132080078125,386.6069531734175,378.3863339855172,381.94070485844315,73966600
2022-07-29,391.5393981933594,392.5277822061919,386.5785103442153,387.3483007860886,87003700
2022-08-01,390.3799133300781,392.8888811641739,388.1275616169894,388.84033261494034,69997500
2022-08-02,387.804443359375,392.49923066625485,386.6260045869153,388.81182405248916,63435400
2022-08-03,393.87725830078125,395.0461841555904,389.6481388511842,389.9332356443753,67820600
2022-08-04,393.6112365722656,394.4855529137482,391.967100730618,393.80129147128156,45656600
2022-08-05,392.9458923339844,393.59213106466996,389.2679987016488,389.3250180600784,56814900
2022-08-08,392.48974609375,396.8899240250277,391.3873233872075,394.63757214293867,53886100
2022-08-09,390.93121337890625,392.26171369385696,389.8573002309609,391.7580232530995,44931800
2022-08-10,399.1422424316406,399.284819832152,396.0345713490144,397.9923133525369,68665700
2022-08-11,399.1422424316406,403.8560554717358,398.40096176043045,401.99332639825303,59489700
2022-08-12,405.8992919921875,406.00381780743163,400.13059229638225,401.08095353775815,61694500
2022-08-15,407.5719299316406,408.0946460440883,403.6279363687809,403.6849557261061,54048300
2022-08-16,408.3702697753906,410.29950209001703,405.69024389909407,406.4980568196023,59289000
2022-08-17,405.47161865234375,408.1801539962864,403.46637035029323,404.7683606131751,63563400
2022-08-18,406.6501159667969,407.33434826924736,404.37873850839094,405.6712159722093,49023200
2022-08-19,401.1855773925781,404.1507003354797,400.31123213885485,403.88460030221233,68016900
2022-08-22,392.831787109375,396.5191930114004,391.9289324158871,396.3481059623517,77695600
2022-08-23,391.8814697265625,394.7990857432436,391.33024395653683,392.4041568162922,49105200
2022-08-24,393.13604736328125,394.5045412160434,390.96922434253923,391.65345676755487,49177800
2022-08-25,398.6860656738281,398.73357213624024,393.53509482903235,394.62800448902925,50942300
2022-08-26,385.19091796875,399.1137045548559,385.1338986136642,398.57202068154095,103087000
2022-08-29,382.64398193359375,385.69463364222986,381.28497221012304,382.2353335276929,65370800
2022-08-30,378.443359375,384.0410012678557,376.34306905482566,383.8034109464827,85652400
2022-08-31,375.5638122558594,381.3230000374987,375.43077674086555,380.07802891985665,76029700
2022-09-01,376.74224853515625,377.08436469022797,370.678938652205,373.3874742240931,78740100
2022-09-02,372.76971435546875,381.62708880615634,370.95452075647603,380.4106274783638,99632100
2022-09-06,371.36322021484375,374.5564205138696,369.1393780774377,373.61557203339373,76637400
2022-09-07,378.03472900390625,378.80451936163286,370.8310028776724,371.04956742201074,70964200
2022-09-08,380.5057067871094,380.9618617031352,374.5564350669581,375.7634126219765,80821700
2022-09-09,386.4169006347656,387.28173287628084,382.48239103068937,382.7484910278691,76706900
2022-09-12,390.570068359375,391.29235238310486,388.1846517040693,388.4887743459273,69256300
2022-09-13,373.5870361328125,383.0906492168183,372.46561674955393,381.88367179340526,122947100
2022-09-14,375.0125427246094,376.5331264751755,371.70527524233233,374.8889911257345,85023700
2022-09-15,370.7549743652344,376.30508130578556,369.4814936051546,373.4539971854713,87633800
2022-09-16,367.926513671875,368.58495903524056,364.6342868550473,366.57147330224217,103084800
2022-09-19,370.7797546386719,370.7797546386719,364.701089599931,364.77744712887517,73278500
2022-09-20,366.5237731933594,368.4609306805626,363.7659614872204,367.44941174370973,77274900
2022-09-21,360.1301574707031,371.50498233585387,360.1206054997159,368.45132204995605,106746600
2022-09-22,357.10516357421875,360.9985532046951,356.36083780125125,359.35721571534805,89472600
2022-09-23,351.12188720703125,353.6697589480902,346.675007940967,353.6315801864885,122346900
2022-09-26,347.64837646484375,353.27853570562985,346.42691809015844,349.6523393463072,92581200
2022-09-27,346.760986328125,353.4599193505363,344.3657707127198,351.188762904006,108294100
2022-09-28,353.5838623046875,355.27290112408883,346.01654670922136,347.71513749904915,110802200
2022-09-29,346.1978454589844,350.3202485783266,343.2491697803337,350.0339806956847,112952300
2022-09-30,340.844482421875,349.17522920833704,340.7109004194997,345.25318357199444,153711200
2022-10-03,349.84326171875,351.6945391224275,342.78170282814216,344.5661746574287,89756500
2022-10-04,360.6837158203125,360.7123426191376,349.80509543871267,355.3684502374429,103602800
2022-10-05,359.8439025878906,362.1055067151951,353.9847287224127,356.3131384107271,88065700
2022-10-06,356.1318359375,361.3993701215644,355.6355993235401,358.44114174816866,82333500
2022-10-07,346.1978454589844,356.21762905748784,344.43244919106655,352.09519681628575,107789500
2022-10-10,343.5545654296875,347.55293916401916,341.31206538570666,347.3143728510966,76042800
2022-10-11,341.3787841796875,346.4268546628964,339.4416272107152,341.85591672497,92482800
2022-10-12,340.2528076171875,343.36372158176107,340.0046893387279,341.7891897787711,76991800
2022-10-13,349.2324523925781,350.7020290219594,332.18925999717504,333.23895758959026,147254500
2022-10-14,341.27386474609375,353.3262387618921,340.6344942548241,351.6944243183575,123737000
2022-10-17,350.04364013671875,351.1505914925585,340.9399400894957,347.3621566992135,93168200
2022-10-18,354.1564636230469,358.27889645424324,350.71155095897484,357.97352458781444,97162900
2022-10-19,351.6466979980469,354.8434919860376,348.8316042350714,352.11427858955096,79746900
2022-10-20,348.6980895996094,355.62606505287266,347.9346598802896,351.19826004641624,88283100
2022-10-21,357.17193603515625,357.65859149270045,346.9135849578602,348.4213111862988,131038400
2022-10-24,361.5424499511719,362.67802786353946,356.0458731062238,358.6987583066402,85436900
2022-10-25,367.3157653808594,367.6306600761956,361.35160801427605,361.4661151762165,78846300
2022-10-26,364.54840087890625,369.85411334727513,363.90905946867207,364.16670060269513,104087300
2022-10-27,362.6017150878906,367.3921160917615,361.9814193866082,365.55039117436706,81971800
2022-10-28,371.2282409667969,371.7053735710983,362.31540741307015,362.49672013245373,100302000
2022-10-31,368.5467529296875,370.63659603718315,367.6402184672529,368.7662444084812,96631300
2022-11-01,366.93402099609375,372.53558182792375,365.76029351237366,372.2970155430231,85407600
2022-11-02,357.72540283203125,370.85610174230845,357.62044763501416,366.34241671143474,126990400
2022-11-03,354.04205322265625,357.08616250384307,351.92358264330164,354.4810071994603,87100100
2022-11-04,359.13775634765625,361.5424944523819,353.07816578614245,359.75802297669105,103505200
2022-11-07,362.5731201171875,363.1647599563083,358.3552545876023,360.43554599672575,68286900
2022-11-08,364.52935791015625,367.50666109536877,360.44510344190144,363.68004778364957,84641100
2022-11-09,357.0192565917969,363.7086651999319,356.52302003221314,362.5539832992573,78495500
2022-11-10,376.6390075683594,376.973006277867,368.00291747292925,370.3026714261787,141455800
2022-11-11,380.28424072265625,381.08582000984256,375.60831786460767,377.4977734770305,93839900
2022-11-14,377.04931640625,381.8778966959395,376.7725713035823,378.51889318368023,71903500
2022-11-15,380.26513671875,383.9104368342091,376.4480758536066,382.80348568869397,93194500
2022-11-16,377.36419677734375,379.5876219491824,376.7343782310451,378.6333567193718,68508500
2022-11-17,376.20953369140625,376.88708300619,372.2970693510568,372.60241210724644,74496300
2022-11-18,377.9176330566406,379.6162238896307,375.0643895252909,379.5494183386701,92922500
2022-11-21,376.54351806640625,377.7172747970653,374.7017931399619,376.59124880158924,51243200
2022-11-22,381.6106872558594,381.77292517031464,377.077927085489,378.4902502119182,60429000
2022-11-23,384.0154113769531,384.5020668220049,381.0476314864747,381.2766458135579,68261600
2022-11-25,383.92950439453125,384.4829945177539,383.17565585566234,383.45237179541095,30545400
2022-11-28,377.80322265625,382.4791173493977,377.0397928537372,380.8377796763317,67881600
2022-11-29,377.15423583984375,379.1295426207394,375.3124819183031,377.93671115122805,52310000
2022-11-30,389.0348815917969,389.0348815917969,375.4843314190897,377.4023849238339,144566700
2022-12-01,388.7486267089844,391.2487972907091,386.2389041546695,390.07504041496463,76398200
2022-12-02,388.300048828125,389.20658327820155,383.7482143923798,383.8531695839399,85342700
2022-12-05,381.3148193359375,386.4105918965586,379.9597790901639,385.4754306592434,77289800
2022-12-06,375.8182067871094,381.69648322371376,373.72839303653507,381.152574256176,77972200
2022-12-07,375.178955078125,377.54554354532956,374.04337702250234,374.96901554376115,65927900
2022-12-08,378.1180725097656,379.18684498444895,375.2839034087124,377.068403979044,60737900
2022-12-09,375.2934265136719,379.4349340954439,375.1693673749268,376.87751028175563,81447700
2022-12-12,380.7041320800781,380.7041320800781,375.41749445562255,376.0854626556509,75405800
2022-12-13,383.58599853515625,391.7163278716569,380.8186351718438,391.45868674150205,123782500
2022-12-14,381.13348388671875,386.9545069550509,378.1848081544835,383.24240165213087,108111300
2022-12-15,371.81036376953125,377.17332966722427,370.1499515992905,376.2667660559643,117705900
2022-12-16,367.42071533203125,370.59383534034583,365.2829507209457,369.2517350620785,119858000
2022-12-19,364.3050842285156,367.9479610000422,362.6370475272463,367.6124286419873,79878100
2022-12-20,364.8036804199219,366.42379682476735,362.22491663969316,363.54785469861747,74427200
2022-12-21,370.2583312988281,371.38952801231983,366.86471190276114,367.40155201274337,78167400
2022-12-22,364.9761657714844,370.23912957543627,359.2722031883447,367.20980089104194,100120900
2022-12-23,367.0757141113281,367.21950538378843,362.3975096766227,363.950513930393,59857300
2022-12-27,365.6280822753906,367.30571508666856,363.95044946411275,366.960616093891,51638200
2022-12-28,361.0840759277344,367.53578243852644,360.8540099500132,365.5609421925815,70911500
2022-12-29,367.583740234375,368.4561128288235,363.4040225980941,363.9312961910967,66970900
2022-12-30,366.615478515625,366.75926975895635,362.7808893302895,364.89952091921486,84022200
2023-01-03,365.07208251953125,370.450079987651,362.20570711462034,368.47526883215227,74850700
2023-01-04,367.8904724121094,369.9227998702252,364.2859494452824,367.33444063245616,85934100
2023-01-05,363.691650390625,366.0499147712704,363.09729369153195,365.93488176571645,76970500
2023-01-06,372.03179931640625,373.15342943340613,363.7203443233328,366.787997866155,104189600
2023-01-09,371.8209228515625,377.4194487549502,371.6388067821009,374.2271369047477,73978100
2023-01-10,374.428466796875,374.4955791323068,370.2966990841329,371.2361840133922,65358100
2023-01-11,379.16412353515625,379.24083169297677,375.1953394078577,376.01019536505663,68881100
2023-01-12,380.5446472167969,382.011376504994,376.19240927348505,380.26666054687666,90157700
2023-01-13,382.0209045410156,382.59609870511895,377.07428153867187,377.3427015811747,63903900
2023-01-17,381.3211669921875,383.67946066780075,380.64053552756593,382.00182771240605,62677300
2023-01-18,375.30084228515625,383.5739736096775,375.09953453290353,382.50988909217506,99632300
2023-01-19,372.5687255859375,374.9077982389386,371.24578754272824,373.25892360264237,86958900
2023-01-20,379.5092468261719,379.66263388423897,372.31939304197067,373.9682673467044,91806400
2023-01-23,384.06280517578125,385.999261850418,379.3558442469694,380.31449137897374,84178800
2023-01-24,383.6506652832031,384.56136267462904,381.1965305092897,382.38524381226813,59524900
2023-01-25,383.79437255859375,384.1299048949058,377.28515055425595,379.57633116726623,84800300
2023-01-26,388.012451171875,388.175434067063,383.4876352529639,386.4594474008895,72287400
2023-01-27,388.90399169921875,391.28144730327597,386.7566313185161,386.96753487416305,68346200
2023-01-30,384.0245056152344,388.3767724039486,383.7273273025726,386.1431078861568,74202000
2023-01-31,389.6708984375,389.71881909207235,384.19700222601404,384.5421304079371,86811800
2023-02-01,393.81231689453125,396.5636593442866,385.7117643976384,388.45348175657574,101459200
2023-02-02,399.54498291015625,401.01171197085296,395.80626464324223,397.70436739497256,101654500
2023-02-03,395.2982177734375,399.7271635935274,394.0903128204698,394.56963646776256,94736800
2023-02-06,392.88238525390625,394.2820312874674,391.2239442533102,392.8440604283562,60295300
2023-02-07,398.0207214355469,399.2669510561357,390.71583467034515,391.96206429093394,90990700
2023-02-08,393.6685485839844,397.3881051733377,392.9783212864178,396.04600466573515,76227500
2023-02-09,390.25567626953125,397.42636769460404,389.0286090516376,397.27298063541855,78694900
2023-02-10,391.1664123535156,391.5498653830581,388.26171250273467,389.0765392196659,70769700
2023-02-13,395.75830078125,395.8925254285683,391.35811375424055,391.8182749307163,64913500
2023-02-14,395.5762023925781,397.8865164448738,391.61698469819703,394.2340728818384,88389300
2023-02-15,396.86077880859375,396.93745771221506,392.5372705702228,393.3808847880114,61555700
2023-02-16,391.396484375,395.83502566820573,391.2622889776,391.88540381719497,76431500
2023-02-17,390.418701171875,390.6583629922171,387.34142233465536,389.26831273199565,89257800
2023-02-21,382.5865478515625,387.44689668905306,382.3277236123021,386.39237880681736,82655900
2023-02-22,382.059326171875,384.54221931792307,380.6021634644275,382.9987818589444,83742300
2023-02-23,384.0916442871094,385.56796937278995,379.8640060342025,384.95442103644666,96242400
2023-02-24,379.98858642578125,380.82260481900255,377.36190242771124,379.06829329418446,108194400
2023-02-27,381.2828063964844,384.69558849089844,380.34332149757034,383.33429643374495,80444700
2023-02-28,379.8736267089844,382.76873131447655,379.7681602824562,380.803515853838,96438600
2023-03-01,378.4163818359375,380.2857555557943,377.1126357022291,379.058688324708,99706800
2023-03-02,381.35943603515625,382.20305024263513,376.1060389057773,376.4415712731506,85127800
2023-03-03,387.4756164550781,387.7248740903768,382.5289933624495,383.18086644105557,90120000
2023-03-06,387.74407958984375,390.60085911261217,387.3031100177366,388.3000821585358,72795900
2023-03-07,381.8003845214844,387.9357495995497,381.18686556703113,387.6960878154249,108310600
2023-03-08,382.42364501953125,383.18095542395616,380.18998012816763,381.91556305269023,74746600
2023-03-09,375.3680114746094,384.8778075145199,374.3806057232134,383.2097409764219,111945300
2023-03-10,369.95159912109375,376.9017923479486,368.42735335856526,374.8215147441384,189253000
2023-03-13,369.42431640625,374.24634050095773,364.90909573022645,366.021130129731,157790000
2023-03-14,375.53094482421875,377.1798194710275,371.04445289786275,374.351798026972,149752400
2023-03-15,373.18218994140625,373.38349766674736,367.8425178859198,369.9323910671056,172996900
2023-03-16,379.7297668457031,380.0748950855989,370.31587262158683,370.82395451887174,143254200
2023-03-17,375.2897033691406,379.5334763060183,373.9039803951704,378.3979622867853,140553400
2023-03-20,378.8983459472656,379.31215983644114,375.3666994576997,376.06916402579844,93055800
2023-03-21,383.87347412109375,384.35462710121084,380.66897882785537,382.2664102459138,91524200
2023-03-22,377.3298034667969,387.318544760657,377.29133237000224,383.70029405624626,111746600
2023-03-23,378.3498229980469,384.239130397535,375.6361133164018,380.1974338773298,119351300
2023-03-24,380.8326110839844,380.91921510254883,374.7219619246639,377.069990985465,107682400
2023-03-27,381.544677734375,383.88310351821207,380.6497402466303,383.11324113581304,74010400
2023-03-28,380.688232421875,381.54466943004763,378.8502245684134,380.8518079845922,62871700
2023-03-29,386.2214660644531,386.4620425314962,383.65209647484517,384.8549788100607,77497900
2023-03-30,388.48291015625,389.10840312839423,386.6160343292529,388.85819419263817,69840000
2023-03-31,393.95843505859375,394.2567475446969,389.30084855820127,389.40671748046964,112062600
2023-04-03,395.4596252441406,395.86377728046097,393.04422801384897,393.4387769608017,67391100
2023-04-04,393.26556396484375,396.39305813101834,391.8894442126204,396.10434874148575,66601500
2023-04-05,392.23590087890625,393.29444326978927,390.58073351331996,392.53421336625786,65200200
2023-04-06,393.7659912109375,394.0450681714436,390.38828778154027,391.43719778873736,63743300
2023-04-10,394.1701354980469,394.2471364215444,390.6673570273508,391.2832175790923,63681000
2023-04-11,394.2760314941406,395.6809900883233,393.50619840980073,394.7956849780574,59297900
2023-04-12,392.6689453125,396.6336706379783,392.08195275810823,396.34496122221753,86420400
2023-04-13,397.8846130371094,398.2406615136449,392.6111662470231,393.75631259262076,85814800
2023-04-14,396.9127197265625,399.44358917464797,394.6031912280039,397.24953269593004,78161500
2023-04-17,398.33697509765625,398.3562106467558,395.59439693756417,396.8261475266993,66436400
2023-04-18,398.5967712402344,400.04986273859487,397.22068066969723,399.9151257985286,63560000
2023-04-19,398.5294189453125,399.43395956292494,396.6240425026219,396.68177851295354,55227300
2023-04-20,396.3546142578125,398.10601828904817,394.8052862710272,395.70985629299514,75840400
2023-04-21,396.6625061035156,397.1243941432459,394.7090262895011,396.6528736469394,73457400
2023-04-24,397.0762939453125,397.4997108968018,395.1228141148149,396.4604040641478,64332100
2023-04-25,390.773193359375,395.6617241074058,390.7154573508528,395.1035702020275,97766700
2023-04-26,389.1180725097656,392.46690824121293,388.55994790481657,391.3891301301037,80447000
2023-04-27,396.8645935058594,397.1340379925136,391.4083059420538,391.65851488224934,92968400
2023-04-28,400.251953125,400.26158558313546,395.9215758481045,395.9793118624164,89433100
2023-05-01,399.8477783203125,401.8782298985706,399.6168049089298,399.8092778572073,62122300
2023-05-02,395.353759765625,399.1837478908785,392.4476064659251,399.1356149746384,103998500
2023-05-03,392.64007568359375,398.26957154429016,392.3994991884123,395.8541741351487,91531800
2023-05-04,389.8590393066406,391.9183589011733,388.5214198537967,391.5911783811914,94901900
2023-05-05,397.0762939453125,398.12520386737816,393.23670274642825,393.4965147709688,87891800
2023-05-08,397.18212890625,397.6632818576283,395.77717051105407,397.4034698360924,50046800
2023-05-09,395.4403991699219,396.55667765861574,395.2094551264847,395.63287211761855,49220100
2023-05-10,397.2879943847656,398.9142936957152,393.45800635276555,398.2791682813285,96142900
2023-05-11,396.5951843261719,396.8838643849846,394.5165998009732,396.4219762908843,70157100
2023-05-12,396.0755310058594,398.04827596600416,393.6505304091499,397.8365674670435,70481500
2023-05-15,397.4419250488281,397.84607703631826,394.7667161184098,396.6816952493689,54289400
2023-05-16,394.7859802246094,397.25911334021237,394.7763477684629,396.33527856748293,57705500
2023-05-17,399.57830810546875,400.18453618231763,395.1613273420889,396.8068622851723,87287000
2023-05-18,403.427490234375,403.8509071558303,399.0393779276958,399.26068947715396,97177200
2023-05-19,402.8405456542969,404.86139419112027,401.6184275681808,404.3321376214222,103793300
2023-05-22,403.00408935546875,404.54378464321184,401.61836653322445,402.8597493463277,60745400
2023-05-23,398.4812316894531,402.93671253841774,398.0866827611539,401.358516825221,86383500
2023-05-24,395.5943298339844,397.2591296170941,394.4299479150844,396.8742131296412,89213700
2023-05-25,399.0201721191406,400.4732635587891,396.8646161031706,399.1067761340057,90961600
2023-05-26,404.187744140625,404.90947362025605,399.59755522238083,399.67452677861917,93830000
2023-05-30,404.3416748046875,406.65120302721357,402.95595199772293,406.12194654378385,72216000
2023-05-31,402.0995788574219,403.41793341434715,400.53101533620446,402.5133634004825,110811800
2023-06-01,405.9199523925781,406.978494940152,401.07955404832046,402.330540189021,88865000
2023-06-02,411.78997802734375,412.5790465929496,407.9696222034908,408.49887873292437,91426200
2023-06-05,411.00091552734375,413.4259161757562,410.29842154598526,412.13642960632063,65460200
2023-06-06,411.8958435058594,412.4251000685976,409.93273100728186,410.5871214183071,64022200
2023-06-07,410.4715576171875,413.42584368993704,410.0481406844761,412.2903298100494,85373300
2023-06-08,412.9543762207031,413.40666121291997,409.7691457275,410.53897877639116,61952800
2023-06-09,413.6953430175781,415.7065590310339,412.70416901348756,413.7530790281272,85742800
2023-06-12,417.4482727050781,417.52527361997466,413.9551270818145,414.67685648093624,76104300
2023-06-13,420.2005615234375,420.84529012852545,418.247081424966,418.9110749460117,95899700
2023-06-14,420.7008972167969,422.5100370544421,417.2462224703346,420.5373216552151,100612100
2023-06-15,425.9166259765625,427.1676119841462,419.7867416783568,419.8829487810575,110303100
2023-06-16,424.4658508300781,428.4742491472454,423.99257880127806,427.9043831698667,114165800
2023-06-20,422.26361083984375,423.4130109410261,420.1869737539229,422.52441742791524,76160400
2023-06-21,420.1001281738281,422.0801716964907,419.510925655376,421.27850373439446,76982300
2023-06-22,421.6165466308594,421.722779347334,418.80583057108225,419.14389467353715,70637200
2023-06-23,418.4290466308594,420.2159312951656,417.71430455566934,418.1586012935174,92074500
2023-06-26,416.71954345703125,419.781368562751,416.47807329831915,417.8592755318311,72823600
2023-06-27,421.2880859375,421.9062340935396,417.1444505822348,417.5984155696539,72813700
2023-06-28,421.5006408691406,422.514803688603,419.58818670737986,420.2063349514927,75636000
2023-06-29,423.1619567871094,423.32616946695146,420.6796659223557,421.08531928799687,67882300
2023-06-30,428.155517578125,429.1407051013052,426.0595438710738,426.3783009507995,104964000
2023-07-03,428.6481018066406,428.9281859198321,427.52767692487674,427.8077905144009,32793400
2023-07-05,428.0106201171875,428.7446987114959,426.8225765200303,426.83224475721846,58418400
2023-07-06,424.6590881347656,425.0840779768898,422.14779256121534,424.4272862122754,80658300
2023-07-07,423.5868835449219,427.5373607483118,423.3454134187473,423.66417049204466,86134200
2023-07-10,424.6590881347656,424.8329395766333,422.65970812427327,423.2295741679538,62443500
2023-07-11,427.36346435546875,427.85607282742535,424.44651594855435,425.4220646553444,64463800
2023-07-12,430.8020324707031,432.2122392972248,429.729919208418,431.15943303446664,91924500
2023-07-13,434.2212219238281,435.01325098389225,432.18322827988203,432.6178568057713,72425200
2023-07-14,433.9508361816406,435.9598548665001,433.18778225181745,435.1099046958951,69815800
2023-07-17,435.45758056640625,436.51038682135163,433.7576213779186,433.8059330908804,52680200
2023-07-18,438.6932373046875,439.3403606896483,434.6944781535629,435.12913614001786,80668200
2023-07-19,439.6687927246094,440.85680681351107,438.61595709471186,439.48527308096357,65891700
2023-07-20,436.7518310546875,439.57221504319733,436.037088927524,438.6739532656,70591600
2023-07-21,436.7518310546875,438.6739532656,436.7421922937348,438.4710971405942,71275600
2023-07-24,438.7029113769531,439.51424741630717,436.86771494424903,437.90121409817567,54023400
2023-07-25,439.9006652832031,441.1562982796933,438.38422565839835,438.43253737447066,55191200
2023-07-26,439.96826171875,441.39774607749916,437.91093141721467,438.9637376866275,71052900
2023-07-27,437.0512390136719,443.764119987392,436.1433090250335,443.3584372254405,92194400
2023-07-28,441.33013916015625,442.16078225681895,437.05126606431355,440.3256151682766,80011800
2023-07-31,442.1705017089844,442.5278728257474,440.4898493694529,441.8034623534966,62040400
2023-08-01,440.9051513671875,441.6488687577706,439.94890960634154,440.70229523457317,55291500
2023-08-02,434.7718200683594,438.0461398306252,434.0184344125547,437.7853626915781,93933400
2023-08-03,433.52581787109375,435.4092967139093,432.10597229878186,432.7531252299224,64276100
2023-08-04,431.5650634765625,437.44727217935485,431.0434797536367,435.3416597654818,100128900
2023-08-07,435.33197021484375,435.4865146243049,432.7047742066685,433.4002093110776,58357500
2023-08-08,433.43890380859375,435.32238270202885,430.07762882885913,432.7917508600607,71361300
2023-08-09,430.5412292480469,433.8735287355085,429.7781754061016,433.70931608230507,78789600
2023-08-10,430.69580078125,436.28825743462227,429.527093565885,432.8980072622996,93005500
2023-08-11,430.44464111328125,431.4588333292262,428.22312774254544,428.82196893936987,68690900
2023-08-14,432.8207092285156,432.8207092285156,429.2179937241371,429.5270825673996,47867400
2023-08-15,427.77880859375,431.4008602977152,427.2089131864871,431.04345976947155,75707500
2023-08-16,424.6397399902344,429.0248164729432,424.53347780183003,427.36350074460506,80107200
2023-08-17,421.404052734375,426.3686636613096,420.8824689600864,426.10788651233355,95711300
2023-08-18,421.6069030761719,422.6404024444025,418.23598904528774,418.5836919301103,98852000
2023-08-21,424.3499755859375,425.09369303000517,420.4671462190992,422.6210410735604,68719000
2023-08-22,423.2005615234375,426.12717844156236,422.64036376815267,426.12717844156236,64994200
2023-08-23,427.9140930175781,428.53227076752444,424.1181892276399,424.2630654264281,68441000
2023-08-24,421.98358154296875,430.0293538199984,421.95457682823127,429.51743829068363,88517300
2023-08-25,424.9584655761719,426.24307373449807,420.1580380770201,423.71247141677657,102325100
2023-08-28,427.65325927734375,428.2714074691659,424.95844443108183,427.1509825528838,61595400
2023-08-29,433.8349304199219,434.1150440450923,427.3635186603017,427.54703833096477,83081900
2023-08-30,435.6217956542969,436.25928035352985,433.4678714194492,434.17297483140425,69053900
2023-08-31,434.9842834472656,437.3796481914474,434.80076379653127,436.23991629050073,66084600
2023-09-01,435.7956237792969,438.1910180232257,434.3371347964679,437.7080777747482,58944100
2023-09-05,433.9121398925781,435.670049450585,433.8445506606034,435.35132185994263,55166200
2023-09-06,430.9952087402344,433.20708339429626,428.6674331394679,433.1008212089274,70758500
2023-09-07,429.6719055175781,430.34800411757396,427.6435507649289,427.99125356327005,70355400
2023-09-08,430.3190612792969,431.85480770691146,429.3628490355431,429.72022009729625,61659700
2023-09-11,433.149169921875,433.4582293140434,431.2367157088773,432.94631377147886,60180100
2023-09-12,430.7730407714844,433.2263855290798,430.19353604446763,431.70030728737913,67565400
2023-09-13,431.27532958984375,432.4343685526933,429.8940980148542,430.99521597971284,60199300
2023-09-14,434.99395751953125,435.6893927060478,432.4440481531944,433.74799281245487,83430800
2023-09-15,429.75299072265625,433.73677769771734,429.31682909931095,433.4072234999764,111848900
2023-09-18,430.0050354003906,431.3038771522312,428.96789063501143,429.4428320631367,55752200
2023-09-19,429.11328125,429.6754845917088,426.42836539622306,429.08420380682946,66514600
2023-09-20,425.1683349609375,430.79019131325117,424.9647632633325,430.3734047367829,82562600
2023-09-21,418.14093017578125,422.58025371246634,417.98584063306095,422.31855674804774,104095800
2023-09-22,417.2007141113281,420.7676848012683,416.78389802992604,419.1683664368396,100829700
2023-09-25,418.9551696777344,418.9939198820318,415.5529609010411,415.98915213200996,70874500
2023-09-26,412.8001708984375,416.6191660672769,411.96656825523684,415.91157553365485,96168400
2023-09-27,412.96490478515625,414.53517529607944,409.3204041006066,413.9729720120895,104705800
2023-09-28,415.3591003417969,417.0359784928409,411.8212066146307,412.4124874162186,92258300
2023-09-29,414.35101318359375,418.5867946420908,412.8292247753013,418.41232999892884,115111300
2023-10-02,414.186279296875,415.43666857523283,411.42380373877234,413.51746849079825,83798600
2023-10-03,408.64190673828125,414.2443872113326,407.27520783651096,412.00533549021924,103760600
2023-10-04,411.6176452636719,412.3639860114544,407.64356048210016,409.1071941153402,87453000
2023-10-05,411.4625549316406,412.3058303467078,408.23484048426144,411.3268404794052,70142700
2023-10-06,416.3477783203125,417.8889419596687,407.68234534407696,409.01026454136644,113273300
2023-10-09,419.0133361816406,419.5852123041229,413.8954989431742,414.44797038266114,80374400
2023-10-10,421.1942443847656,423.7919280682824,419.2459668319729,419.643378299873,78607300
2023-10-11,422.9195861816406,423.17158085104415,419.8760088222951,422.26047769195304,62451700
2023-10-12,420.34124755859375,423.90821868639375,417.9858858829249,423.5302119190894,81154200
2023-10-13,418.24755859375,423.0455435777595,416.67731756779995,421.8436069564154,95143100
2023-10-16,422.6481018066406,423.71432390212686,420.2539606569009,420.4962825158612,75433200
2023-10-17,422.6286926269531,424.68360681651455,419.16835899887315,419.51728827351457,75324700
2023-10-18,416.9971923828125,421.81455273319096,415.91159504982164,420.85496751569167,93559800
2023-10-19,413.3332824707031,419.52704410810907,412.6547989345063,417.71448112410957,121323000
2023-10-20,408.2542419433594,413.4399364601398,408.1476049268172,412.89713777676974,123919900
2023-10-23,407.546630859375,411.4141082592817,404.9683224528733,406.72273053416484,92035100
2023-10-24,410.6192932128906,411.7727477741345,407.8180379697815,409.6693807564813,78564200
2023-10-25,404.7260437011719,408.96185555062243,404.2123224333422,408.9327781045306,94223200
2023-10-26,399.8796081542969,404.5128019378402,398.9588026350324,403.6598536533469,115156800
2023-10-27,398.0670166015625,401.86663693380547,396.6421626745101,401.4692254760225,107367700
2023-10-30,402.8262023925781,403.88272225418063,399.5597081383843,400.85854988329856,86562700
2023-10-31,405.3560791015625,405.67593098866274,401.48860153022065,403.39809925222016,79665200
2023-11-01,409.6791076660156,410.49330571448974,405.7922548569512,406.32538079437717,98068100
2023-11-02,417.53033447265625,417.6854240377106,413.4593147358308,413.4786898388463,94938900
2023-11-03,421.339599609375,422.8904655764815,419.71120365505175,419.8372157670484,100167800
2023-11-06,422.30889892578125,422.75476292041225,420.36062146659094,422.0956544795997,67831700
2023-11-07,423.5108337402344,424.15056712063193,421.1651742590875,422.30892655420246,64256100
2023-11-08,423.82098388671875,424.6351818841711,421.5140747704494,424.11175832141294,61746000
2023-11-09,420.51568603515625,425.0034918992464,420.0891971681386,424.9647121167065,83174400
2023-11-10,427.0777282714844,427.38790735412255,420.5059605571527,422.58995223462995,89462200
2023-11-13,426.67071533203125,427.7756878254619,424.95508691156584,425.74020750909324,52236100
2023-11-14,434.94842529296875,436.23756475568536,432.3894918898645,432.612438681597,97176900
2023-11-15,435.8692321777344,437.51703289700214,435.01625437389265,436.28601873814944,77327600
2023-11-16,436.40234375,436.72219562577186,434.3571316402488,435.42335386000235,66665800
2023-11-17,436.9450988769531,437.5557547047121,435.4911676985958,436.4119730300388,83133200
2023-11-20,440.3085632324219,441.1518386514175,436.6834077524104,436.69311009341754,69936200
2023-11-21,439.3489685058594,440.18257120218567,438.0792041489343,439.2617361737396,49244600
2023-11-22,441.04522705078125,442.3634735504526,439.9499569252717,441.00647684513626,59394900
2023-11-24,441.3166198730469,441.51048921964684,440.7641484378246,441.0937026627971,29737400
2023-11-27,440.52178955078125,441.5007498020653,440.1340508901427,440.68655185927656,50506000
2023-11-28,440.9579772949219,442.25681906014256,439.57190319998205,440.13407696271906,62115000
2023-11-29,440.6477966308594,444.2438747206066,440.2504147680835,443.10979527762873,63146000
2023-11-30,442.3828125,442.7317713844543,439.4167950935211,441.491084558086,79752700
2023-12-01,444.9998779296875,445.5329741995201,441.18088297834976,441.77213412924385,89183400
2023-12-04,442.6639404296875,445.01930211338146,440.3861087358581,441.60742053346644,72430900
2023-12-05,442.57672119140625,443.5363064434526,440.89984300542426,441.27787936550914,69793500
2023-12-06,440.7931823730469,444.74786226267736,440.35699117640615,444.7187848215884,69124700
2023-12-07,444.15667724609375,444.8060833872283,442.2762568948173,442.87721048702326,66995400
2023-12-08,446.0661315917969,446.5992278993257,443.16794177253433,443.4102636541943,83194400
2023-12-11,447.8011779785156,447.97567223110514,445.3585838256798,445.57182828523526,65002200
2023-12-12,449.8463439941406,449.94327866221204,446.4538376737931,447.45220263628306,68327600
2023-12-13,456.0497741699219,456.3017983886153,449.86571511357835,450.22434675999136,93278000
2023-12-14,457.5133972167969,459.1805728813377,454.83815428105993,457.9883386207796,119026000
2023-12-15,456.7601013183594,458.0934340813363,454.9109942306135,456.9158196636758,141553700
2023-12-18,459.3294372558594,460.31239637628556,457.3051580447496,458.3659614924249,70375300
2023-12-19,462.12255859375,462.2004326198957,459.79658439176796,459.8744287176748,55761800
2023-12-20,455.7188415527344,463.1542078983234,455.29062347154826,461.2661635495232,102921000
2023-12-21,460.03985595703125,460.31235562864003,456.2832215195996,458.7065232314146,86667500
2023-12-22,460.96441650390625,462.6480933014032,459.06666039020405,461.1687838422537,67160400
2023-12-26,462.9108581542969,463.8159432234597,461.2953136791012,461.373187704544,55387000
2023-12-27,463.7478332519531,463.8938099220547,462.1712258143802,462.7064835048319,68000300
2023-12-28,463.9229736328125,464.7599262845027,463.50449730696744,464.1078873024159,77158100
2023-12-29,462.5799560546875,464.25389115635505,460.62377959337147,463.7283454487912,122283100
2024-01-02,459.9912414550781,460.9839423046435,457.88908810923715,459.51437438828117,123623700
2024-01-03,456.234619140625,458.570335093064,455.6312290704376,457.83068032303305,103585900
2024-01-04,454.7650146484375,458.34644746704663,454.54116395968543,455.75768568069975,84232200
2024-01-05,455.387939453125,457.8404368275673,453.9378252017517,454.9694333616534,86118900
2024-01-08,461.8890380859375,462.0350147729897,455.75774992757283,455.8842729564319,74879100
2024-01-09,461.1882629394531,462.21012932199153,458.72602412321226,459.2320864754785,65931400
2024-01-10,463.7964782714844,464.6626560070687,461.17852110920177,461.4607624691406,67310600
2024-01-11,463.59210205078125,465.3146861106975,459.6116465550996,464.7988820904805,77940700
2024-01-12,463.9132385253906,465.7818289024957,462.50209119029734,465.04217421360715,58026400
2024-01-16,462.2101135253906,463.84511156166917,460.3902018147457,462.531291886232,85014900
2024-01-17,459.64093017578125,460.12753895625485,457.2857306101824,459.1835167341264,68843900
2024-01-18,463.7283630371094,464.28310409945385,459.7673906749951,461.314802822399,91856200
2024-01-19,469.50927734375,469.79151871434675,463.7770421286305,464.8572992191645,110834500
2024-01-22,470.50201416015625,472.2245984500442,469.84994536440996,471.04701358634367,75844900
2024-01-23,471.8741760253906,472.1174803762762,469.956966252641,471.0469649925702,49945300
2024-01-24,472.3900146484375,475.6794645582401,471.8936642634199,474.745184157241,81765000
2024-01-25,474.9592590332031,475.2317587014155,472.38998069009165,474.52129934846636,72525000
2024-01-26,474.35589599609375,476.02008943226616,473.5092016110277,474.53106799985125,76641600
2024-01-29,478.1125183105469,478.2585246858996,474.12235058965683,474.66734997690736,61322800
2024-01-30,477.74273681640625,478.4531665594372,476.9835986796224,477.4215584200377,58618400
2024-01-31,469.947265625,475.98119623389044,469.92778226707486,475.533524505223,126011100
2024-02-01,476.0979919433594,476.1271872790658,470.8425939142762,471.65038103588824,91891600
2024-02-02,481.1100158691406,482.7644675885541,476.19525029914104,476.53588232086173,99228200
2024-02-05,479.3581848144531,481.13918916346887,477.10034317724995,480.47740850601684,75757100
2024-02-06,480.7499694824219,481.08085985334736,478.8716372206463,480.30226806860526,55918600
2024-02-07,484.75958251953125,485.1780588645302,482.092946704362,482.99806143919835,70556500
2024-02-08,484.97369384765625,485.3532331832338,483.94208579679537,484.7595848352,52343600
2024-02-09,487.7765197753906,488.2144497376777,485.1390795237111,485.47971151675756,63979400
2024-02-12,487.5625,490.01499733828587,486.84229887428285,487.7474136957695,56502300
2024-02-13,480.84722900390625,483.7766228154562,477.57723287028176,481.2851887040555,113099200
2024-02-14,485.2170104980469,485.703619202311,481.1586808363787,483.48468469887587,68387800
2024-02-15,488.56488037109375,488.74979405458623,485.4408311080291,485.91772783399097,61683000
2024-02-16,486.1318359375,489.4018321652925,485.39218120492103,488.26318443249403,75532900
2024-02-20,483.45550537109375,485.06130820828355,481.20737545898015,484.3897857981468,71736700
2024-02-21,483.8934631347656,484.0491814982397,480.3412252124708,482.15142520014626,59293400
2024-02-22,493.9078369140625,494.87131264849836,489.54781221335594,490.51131764803023,76402500
2024-02-23,494.2485046386719,496.46743931170954,493.5185915264853,495.63045683227716,61321800
2024-02-26,492.4383239746094,495.12441383679885,492.3118009448335,494.6864540722274,50386700
2024-02-27,493.35308837890625,493.57693907250416,491.23148157958644,493.1292673855463,48854500
2024-02-28,492.7010803222656,493.2849870375032,491.4358798053579,491.7959655131677,56506600
2024-02-29,494.4722900390625,496.0878345083775,491.815425510208,494.46257806109645,83924800
2024-03-01,499.1145324707031,499.54275051356746,494.9394511031337,495.3482154895911,76844800
2024-03-04,498.57928466796875,500.4284215717115,498.2873313148722,498.3165563504212,49799300
2024-03-05,493.596435546875,497.02218009273895,491.38724255413155,496.57447866670594,72855600
2024-03-06,496.0975646972656,498.3554361707815,494.8031986362925,496.8761267293977,68382400
2024-03-07,501.0220642089844,502.0731556685532,496.15597704493354,499.39680772832526,58652100
2024-03-08,498.01483154296875,504.3407152276024,497.4406368151398,501.6546849790431,86532500
2024-03-11,497.5865478515625,498.17048418087523,494.88100490264105,496.80798587930246,62557200
2024-03-12,502.9393310546875,503.5232377514132,497.17784111143084,499.6985003866654,73114400
2024-03-13,502.1509704589844,503.43562459877114,500.7106276661075,503.2604525888654,55104100
2024-03-14,501.1582946777344,503.27990140830235,498.1121195690471,503.1241533654222,110171800
2024-03-15,497.717041015625,499.5426370968139,496.0476768950372,498.0880174407595,107646300
2024-03-18,500.6750183105469,503.2327653384656,500.26501371428566,501.78794751400085,88893300
2024-03-19,503.45745849609375,503.74054704284674,498.9764843892814,499.982041601448,60755300
2024-03-20,508.114013671875,508.2507017437704,502.8423468084039,503.5159556369905,69594600
2024-03-21,509.793212890625,511.6578075346775,509.5100647824686,510.9549424076125,60256100
2024-03-22,508.82666015625,510.1933619854548,508.59231223392965,509.70524142108957,79070800
2024-03-25,507.4208679199219,508.5728252956552,507.2646359725173,507.45012416941677,48512100
2024-03-26,506.4837341308594,509.1879415331935,506.0835014250274,508.8462213354942,65463700
2024-03-27,510.74005126953125,510.77913904884207,507.1474910896733,509.31477736539307,82999800
2024-03-28,510.6424865722656,512.1458765547503,510.35939807768415,510.77917463931885,96294900
2024-04-01,509.7541809082031,511.9214677906554,508.59245126403925,511.38454694008556,62477500
2024-04-02,506.5130310058594,506.6496594947848,504.20905639561914,505.92725051103764,74230300
2024-04-03,507.06939697265625,508.5728465002203,505.370746880242,505.41954702145455,59155800
2024-04-04,500.8800964355469,511.42348983220387,500.57746403679687,511.08182923475704,96858100
2024-04-05,506.1127624511719,508.0750169684766,501.7977926534172,502.23711314886503,74546500
2024-04-08,506.39581298828125,507.8211466086966,505.5855756833857,506.8156491443553,48401800
2024-04-09,506.9815979003906,508.3776156958321,502.12964804913753,508.1335553906493,68049200
2024-04-10,501.9051818847656,503.8966927238286,499.92344299249396,501.2803731405352,82652800
2024-04-11,505.69293212890625,507.1377500106354,499.9136010169566,503.4280454371211,70099000
2024-04-12,498.712890625,503.5648112388257,496.98492439940395,502.149249389809,92561100
2024-04-15,492.46490478515625,503.05709839116423,491.61554988176164,502.8911540643935,92101400
2024-04-16,491.5667419433594,494.4661795680653,490.27809637848605,492.94324564322153,73484000
2024-04-17,488.6575622558594,494.1928634388067,487.2615443714678,494.0268893119992,75910300
2024-04-18,487.6520080566406,492.15249561510325,486.71482481856754,490.0535829309475,74548100
2024-04-19,483.3956298828125,488.56969668668467,482.1264983587833,487.57394131853926,102212600
2024-04-22,487.8472900390625,490.44409539983275,483.65920663681294,486.00217973304706,67961000
2024-04-23,493.63641357421875,494.0659621350047,487.66182151013055,489.8583644626642,64633600
2024-04-24,493.402099609375,495.31552414024065,491.1762707245871,494.52477110173174,55928100
2024-04-25,491.5276794433594,492.28914639879576,485.6702321576898,487.3200821932215,69122400
2024-04-26,496.18438720703125,497.7658932650639,493.6852119906925,494.3197628446228,64306100
2024-04-29,497.9416809082031,498.6152898505807,495.19844498621063,497.9709669581968,46415400
2024-04-30,490.0535888671875,497.45348436502843,490.0535888671875,496.4772431240589,77483600
2024-05-01,488.4623107910156,496.1160385437577,487.9937042701267,489.4678380773352,80242800
2024-05-02,493.0310974121094,493.8706803453591,487.6812848525579,492.1720003799534,62550200
2024-05-03,499.14239501953125,500.372438730604,496.47724569258963,499.01547889074567,72756700
2024-05-06,504.296875,504.3359031936084,501.104547517922,501.5438679323867,47264700
2024-05-07,504.8533935546875,506.2494113345479,504.1797847364997,505.2633981790086,52561300
2024-05-08,504.9022521972656,505.439173007877,502.90096940223697,503.018113594187,42047200
2024-05-09,507.8114318847656,507.8505196720802,504.4336750443816,505.0877400464436,43643700
2024-05-10,508.4655456542969,510.2227680798631,507.2452440275092,509.4124711158648,52233200
2024-05-13,508.5338134765625,510.25200764448437,507.3916278750611,510.14463540524883,36716400
2024-05-14,510.86712646484375,511.38456302160483,508.1922344903943,508.72915535784875,57535900
2024-05-15,517.1930541992188,517.4859146210695,512.7023092523975,513.336889820599,59504900
2024-05-16,516.1290283203125,518.891807952925,515.9825682875961,517.290757880065,50244800
2024-05-17,516.8709716796875,516.9393157213522,514.7915729298934,516.246162943074,59187600
2024-05-20,517.4664916992188,518.9308537358257,516.5976225904213,516.9881429675341,37764200
2024-05-21,518.7355346679688,518.8917666350982,516.4999636631139,516.7049957755823,33437000
2024-05-22,517.241943359375,518.7551054535538,515.0648847480338,518.0424683735625,48390000
2024-05-23,513.4638671875,520.4049281460258,512.2532779910508,520.2975559093766,57211200
2024-05-24,516.861083984375,517.671380771176,514.3619091826399,515.3088344371323,41291100
2024-05-28,517.222412109375,517.9057929513657,514.5865486245773,517.6715045678355,36269600
2024-05-29,513.6004638671875,514.7817371522767,512.8878268689698,513.1904592530791,45190300
2024-05-30,510.1933898925781,512.7218807717095,508.94383216366884,512.058043918065,46377600
2024-05-31,514.84033203125,514.9672481577884,506.0443890267406,511.15017117084983,90785800
2024-06-03,515.2600708007812,516.7342044816085,510.18360486685094,516.4511159966606,46835700
2024-06-04,515.8361206054688,516.5780734778808,512.4876203186922,513.9519821715993,34632700
2024-06-05,521.966796875,521.9863407636332,516.1679225284454,518.1594924481877,47610400
2024-06-06,521.9572143554688,522.6991673724779,520.0242754001383,522.2696187618435,30808500
2024-06-07,521.3225708007812,524.1341502130953,519.8874652579173,520.9808506310355,43224500
2024-06-10,522.9334106445312,523.2555869709606,519.9168582676467,520.5123511854081,35686100
2024-06-11,524.1926879882812,524.2512600728273,519.4090826052437,521.3811087600108,36383400
2024-06-12,528.4979248046875,531.1923600659605,527.4631115100716,528.7615289974312,63251300
2024-06-13,529.5620727539062,530.4211698122318,526.7700371068663,530.2454535391702,44760900
2024-06-14,529.8843383789062,529.9135946368305,527.0238986275654,528.0294558754849,40089900
2024-06-17,534.1015625,535.4976399183048,528.7420075865693,529.2008719569648,55839500
2024-06-18,535.4586181640625,535.5855343086499,533.7404238235347,534.1602004613839,41376400
2024-06-20,534.0039672851562,537.0498352385172,532.2272010481894,536.385998334327,70328200
2024-06-21,533.2880249023438,534.4045446160707,531.828742363983,533.1803062748603,64338600
2024-06-24,531.554443359375,535.6776992949467,531.4369212698475,533.1117007115007,45528700
2024-06-25,533.6015014648438,533.9638712753774,531.2607431275164,532.7787868983022,37936200
2024-06-26,534.267333984375,534.982269937736,531.8384646150638,532.4848360585163,38550600
2024-06-27,535.1096801757812,535.6875469780335,533.3859430174333,534.1302894973802,35041500
2024-06-28,533.0039672851562,538.9391321933387,531.7601817698417,535.8833782760337,76144500
2024-07-01,534.1009521484375,534.6298016081159,531.3390631933655,534.3849539324244,40297800
2024-07-02,537.6952514648438,537.6952514648438,532.4457321114778,532.4946896868087,40434800
2024-07-03,540.0948486328125,540.457218430894,537.3427629954197,537.381917105902,32789900
2024-07-05,543.2093505859375,543.6108745288857,539.7618756957023,540.3985036534809,41488400
2024-07-08,543.8361206054688,544.786100933334,542.7685583933277,543.9927968223914,36110500
2024-07-09,544.3649291992188,545.6968861634513,544.0711239537649,544.795863484972,27289700
2024-07-10,549.7515869140625,550.0943497431794,545.2953712492263,545.5891764995068,38701200
2024-07-11,545.0112915039062,550.7407626908513,544.3747234457534,549.8690906630567,53054200
2024-07-12,548.4489135742188,552.0530636843816,545.6674778416151,546.1375661846453,53084400
2024-07-15,549.957275390625,553.1990561394715,548.0964091939553,550.4469707289841,40584300
2024-07-16,553.2186279296875,553.5124331903285,550.51549997726,551.2696499606263,36475300
2024-07-17,545.4618530273438,548.9582849622979,545.1386373621594,547.2835053633577,57119000
2024-07-18,541.2699584960938,547.9886231424467,539.0859366844549,546.9994291163081,56270400
2024-07-19,537.6756591796875,542.6607838512468,536.6179005483158,541.0349619096787,65509100
2024-07-22,543.2190551757812,543.826272604696,539.6638622867013,541.6030366708314,43346700
2024-07-23,542.3670043945312,545.2659625762393,541.8773090500791,543.111291105197,34439600
2024-07-24,530.0756225585938,537.8519873002513,529.1549928867055,537.5483785668235,74515300
2024-07-25,527.313720703125,536.177254363603,526.3735438881854,530.1931317534066,61158300
2024-07-26,533.2194213867188,535.9127455404142,530.3302071573028,531.1039639898098,53763800
2024-07-29,533.5328369140625,535.775619885458,531.534841817287,534.7668786438925,39515800
2024-07-30,530.8297729492188,536.059745722708,527.4215123549488,535.0019870020752,46853600
2024-07-31,539.4581909179688,542.0927543010554,536.2947780748914,537.6658891932146,65663400
2024-08-01,531.8189086914062,543.4344670666311,528.3126735436618,541.1818806021787,76428700
2024-08-02,521.9174194335938,525.9230946235249,517.7059908635142,524.7086595069954,82789100
2024-08-05,506.71722412109375,512.7894591232473,499.75373989157873,501.09553041319043,146267400
2024-08-06,511.3889465332031,518.832292941033,507.19712508166475,508.5192787931633,84826300
2024-08-07,507.97076416015625,520.63433876445,507.3733501679388,517.5785847252098,70698300
2024-08-08,519.7137451171875,520.3405097902447,511.08531467340157,513.1126009988247,63276600
2024-08-09,522.0054321289062,523.4941251002426,517.6667385635127,518.8909769209239,45619600
2024-08-12,522.2797241210938,524.6889871074426,520.0075304089534,523.2003538167259,42542100
2024-08-13,530.8689575195312,531.1040615199245,525.2277168327499,525.4725645280489,52333100
2024-08-14,532.543701171875,533.728785456597,528.9885080949739,531.6622256176499,42446900
2024-08-15,541.671630859375,541.9556326474029,537.5679813653051,538.1751988274788,60846800
2024-08-16,542.8860473632812,543.5814362683599,539.8989177341498,540.0555939415091,44430700
2024-08-19,548.0767822265625,548.0767822265625,542.4452860411917,543.2973511166235,39121800
2024-08-20,547.185546875,549.2814571312036,545.8437865187526,547.6262846058479,33732300
2024-08-21,549.0660400390625,550.5253226989936,543.2974141481618,548.2335818085938,41514600
2024-08-22,544.756591796875,551.5731716544135,543.542157059687,550.9659542858195,56121500
2024-08-23,550.5448608398438,551.4850973665338,545.8045838781815,547.9984691071246,50639400
2024-08-26,549.2325439453125,552.2882384520825,547.5284135216066,551.5733022984582,35788600
2024-08-27,549.9866943359375,550.4763897351174,546.8134777136145,547.9593482100599,32693900
2024-08-28,546.7938842773438,550.0748793992682,543.601060631449,549.6439450462528,41066000
2024-08-29,546.8427124023438,552.0628809883677,545.6968421488655,548.7623394799141,38715200
2024-08-30,552.0628662109375,552.5721684331874,545.6576734390724,549.2128659703031,62700100
2024-09-03,540.7020263671875,549.2520879225416,538.18498513228,548.9190687874888,60600100
2024-09-04,539.5953369140625,543.0035975400444,538.1360542845994,538.8607938634791,47224900
2024-09-05,538.282958984375,542.3866087950116,535.8246785314534,539.5366078915503,44264300
2024-09-06,529.2236328125,540.2319765571665,528.3226099554475,538.6062140252714,68493800
2024-09-09,535.1488647460938,536.4221205223048,531.4957564364314,533.4251872668898,40445800
2024-09-10,537.4797973632812,537.8324234437913,532.1813200114981,537.0586665381934,36394600
2024-09-11,542.993896484375,543.9145263391736,528.8319420554393,537.3918091217165,75248600
2024-09-12,547.567626953125,547.87123570908,541.348459526308,543.5716957640475,51819600
2024-09-13,550.427490234375,551.4264880828476,547.9202519170885,548.1749031158975,39310500
2024-09-16,551.2403564453125,551.5047513186543,548.3609450381223,550.1629906749666,36656100
2024-09-17,551.4654541015625,554.903124558385,549.232414914231,553.4535858697245,49321000
2024-09-18,549.8300170898438,556.969754476821,549.2717571625421,552.1217580784818,59044900
2024-09-19,559.2124633789062,561.0733295553275,556.3722663136862,559.2418737919741,75315500
2024-09-20,558.245849609375,559.2871857073619,555.2200568119598,557.8430941207945,77503100
2024-09-23,559.6408081054688,560.2892222272916,558.0984411315784,559.3166610051752,44116900
2024-09-24,561.2421264648438,561.3010677532865,557.6072537825559,560.4365555490466,46805700
2024-09-25,560.0042724609375,561.8217386948093,558.8941616149112,561.0849426444706,38428600
2024-09-26,562.2244873046875,564.5920921622151,559.866775948692,564.2678851150425,48336000
2024-09-27,561.4091186523438,564.1107043094071,560.3776161208616,563.295359810012,42100900
2024-09-30,563.6588745117188,564.2679545173111,558.0788790007499,560.3776493545987,63557400
2024-10-01,558.6093139648438,563.9535439565005,556.035444442894,563.3051897855821,72668800
2024-10-02,558.8450927734375,559.866821742494,555.3183290115846,557.715374727311,38097800
2024-10-03,557.8233642578125,559.7684865712154,555.5343678239607,557.3714411111998,40846500
2024-10-04,562.892578125,563.2658929623027,558.09848649286,562.273664576873,42939100
2024-10-07,557.8037719726562,561.8905680396737,556.6543868115797,561.2421538745174,49964700
2024-10-08,563.0791625976562,563.6784689445017,559.5032914013763,560.3775771285751,37398700
2024-10-09,566.9793090820312,567.5392812736217,562.4700908869163,563.0693372819003,37912200
2024-10-10,565.9871215820312,567.4116060358193,564.3759797176003,565.6334738441669,44138100
2024-10-11,569.3764038085938,570.1131999200273,565.7709716649979,565.9085213296812,42268000
2024-10-14,574.0328979492188,574.9661849382893,570.5060744728205,570.9874382986001,36217200
2024-10-15,569.5728759765625,574.6027324678581,568.3546560789198,574.2981924836022,54203600
2024-10-16,572.0485229492188,572.5692210133667,568.7673576490918,569.5729286407808,30725400
2024-10-17,572.0975952148438,575.801242846272,571.9109378019983,575.594918349773,34393700
2024-10-18,574.2981567382812,575.0840605235142,572.3235337539761,573.787292295603,37416800
2024-10-21,573.3550415039062,574.5535342943244,570.378356688641,573.5711395635755,36439000
2024-10-22,573.050537109375,574.2097557683464,570.1622940232531,570.8204817447413,34183800
2024-10-23,567.8143310546875,571.4688706983893,564.3071746074978,571.0267810694698,49314600
2024-10-24,569.0423583984375,569.8479293354313,566.4193810527883,569.7693209618997,34979900
2024-10-25,568.8458862304688,574.1705094317597,567.9028255594263,571.2724326633536,47268200
2024-10-28,570.6043701171875,572.4512770786239,570.299830137409,572.3235609618828,30174700
2024-10-29,571.52783203125,572.6477165136779,568.2466070737139,569.6415908764491,42899700
2024-10-30,569.7987670898438,573.0504911915006,569.0914117169528,571.0562011429839,41435800
2024-10-31,558.6289672851562,565.4958970216722,558.4324763422399,565.4271221936206,60182500
2024-11-01,560.9866943359375,565.4173043933644,560.5741053167588,561.2617936558026,45667500
2024-11-04,559.7783813476562,562.4210257711015,557.8922001113365,561.1242574334378,38217000
2024-11-05,566.5470581054688,566.586332309216,560.4758658123077,560.6919638738422,39478300
2024-11-06,580.6345825195312,581.508928254242,575.0840880526238,578.8270097230293,68182000
2024-11-07,585.1241455078125,586.145874462509,582.5601095007273,582.6387178727699,47233200
2024-11-08,587.6587524414062,589.0832369047557,585.6742957423695,585.6742957423695,46444900
2024-11-11,588.21875,589.6039003558736,586.4897254702406,589.2502526004109,37586800
2024-11-12,586.3914184570312,588.739296212128,583.9059310932324,588.1400498376755,43006100
2024-11-13,586.67626953125,588.6803330522652,584.4855486263699,586.853093374815,47388600
2024-11-14,582.9039306640625,587.2854330583992,582.2163022724781,586.804069200042,38904100
2024-11-15,575.4376831054688,579.8093514182389,573.580942771995,579.3377611991996,75988800
2024-11-18,577.7955322265625,579.1119076957027,575.0350052053479,575.8994574754852,37001700
2024-11-19,579.9076538085938,580.6346163861505,573.7480790226593,574.4161003090796,49412000
2024-11-20,580.1041259765625,580.3889988810581,574.3374733314436,579.9862433981077,50032600
2024-11-21,583.21826171875,584.6427460672937,577.1077952881657,582.953055915256,46750300
2024-11-22,585.0259399414062,585.654687007179,582.7075025920674,583.2084735757152,38226400
2024-11-25,587.0103759765625,590.281707390563,584.7213793724078,588.9653319760873,42441400
2024-11-26,590.0755004882812,590.7435218021593,587.5409049439907,588.2580340090641,45621300
2024-11-27,588.2874755859375,590.2718722436573,586.7647756879834,589.8887838542881,34000200
2024-11-29,591.94189453125,592.7277982726248,588.827720226239,589.1027595534448,30177400
2024-12-02,593.0028686523438,593.680723337865,591.8632573163846,592.3544546258752,31746000
2024-12-03,593.278076171875,593.5236748962523,591.7357689481371,592.7672715983962,26906600
2024-12-04,596.9620361328125,597.2076348485892,594.2997844285924,594.9678057402301,42787600
2024-12-05,595.9796142578125,597.7675800229049,595.6259665136723,596.9620090763937,28762200
2024-12-06,597.109375,598.3472020292826,596.333304701608,596.7458937244957,31241500
2024-12-09,594.0344848632812,597.1584931551176,593.445071963169,596.9915028268559,34742700
2024-12-10,592.1875610351562,595.134745373381,591.529373321926,594.7123228135097,37234500
2024-12-11,596.7655639648438,597.7184581352288,594.8400485801485,595.115147903942,28677700
2024-12-12,593.6906127929688,596.4707466548862,593.6906127929688,595.9010008938557,31543800
2024-12-13,593.57275390625,596.4413297893211,592.1973772710232,595.7242008087076,35904700
2024-12-16,596.1072387695312,597.0798598573732,594.5550983663578,595.3311685679445,43695200
2024-12-17,593.6513061523438,594.5158183353977,592.2759894688432,593.5530906608857,55773500
2024-12-18,575.95849609375,595.7340497636445,575.5753477019516,593.3468374126793,108248700
2024-12-19,575.7816162109375,582.5601648792804,575.5360174904994,580.9490228826561,85919500
2024-12-20,582.6973266601562,587.2315284125533,572.6036951737447,573.451443984787,125716700
2024-12-23,586.1867065429688,586.7879698949739,579.257197549177,582.4410536479828,57635800
2024-12-24,592.7021484375,592.7416149913781,586.9554933157183,587.5370835235541,33160100
2024-12-26,592.7415771484375,593.8652307760627,589.5281816588665,590.9278604962976,41219100
2024-12-27,586.5020141601562,589.2324254266508,582.31278453499,588.9958066290322,64969300
2024-12-30,579.8092041015625,583.2788920150762,576.0536844624783,579.4839659814963,56578800
2024-12-31,577.6997680664062,582.194563069081,576.0634704063194,581.4749602926895,57052700
2025-01-02,576.2803344726562,582.6775253068124,572.1995172748154,580.9624149327,50204000
2025-01-03,583.48583984375,584.1265095290074,578.0447499447286,579.129057366777,37888500
2025-01-06,586.8471069335938,591.1250770135647,585.1122630331895,587.7441288005318,47679400
2025-01-07,580.2133178710938,589.2029082453815,578.3897946667151,588.8776099950986,60393100
2025-01-08,581.0609741210938,582.1354148697908,576.8323377526707,580.282291853868,47304700
2025-01-10,572.1896362304688,577.5715860296085,570.2773736421228,577.5025797313914,73105000
2025-01-13,573.0767822265625,573.4316201868376,567.123109023982,567.5371468067242,47910100
2025-01-14,573.8653564453125,576.6351742776535,570.0802375478183,576.0043111010004,48420600
2025-01-15,584.3040161132812,585.4474030923216,580.7751887912287,581.8890360172194,56900200
2025-01-16,583.1802368164062,585.8514484014332,582.4803673486446,585.6740294157521,43319700
2025-01-17,589.0353393554688,590.7898562052613,587.0934767089387,588.4242094250709,58070600
2025-01-21,594.4270629882812,594.4369296257112,590.1096871636119,592.0810894520482,42532900
2025-01-22,597.7686157226562,599.1288881406504,596.7040416210903,597.2560318658977,48196000
2025-01-23,601.0313110351562,601.0313110351562,596.8618141810588,597.1377792345874,41152100
2025-01-24,599.2767333984375,602.0466115435261,598.1234798327728,601.0904500891409,34604700
2025-01-27,590.7996826171875,591.115114198888,586.1373355152499,586.3048878621954,70361100
2025-01-28,595.8760375976562,596.713859452747,588.7099714764748,592.031779311243,44433300
2025-01-29,593.204833984375,595.4916679771449,590.6518414168764,595.0874967960807,37177400
2025-01-30,596.3885498046875,597.9262410572588,592.130313990855,595.3240359730432,39281300
2025-01-31,593.2146606445312,601.2382822731704,592.4556515232641,598.8134358374799,66566900
2025-02-03,589.2225952148438,591.7065212004032,582.0466619706364,584.1954832564219,65857200
2025-02-04,593.1752319335938,593.6877555909119,588.7395770202528,589.2817005882882,33457800
2025-02-05,595.5803833007812,595.7282625539741,590.0210739471236,592.0516161255263,30653100
2025-02-06,597.6502685546875,597.7784145043308,594.0130292694355,597.32497036233,35771500
2025-02-07,592.1796875,599.4344333824486,591.4699514014874,598.2121736064561,50788500
2025-02-10,596.2012939453125,596.8420237335293,594.1214790365186,595.3930719758379,26048700
2025-02-11,596.65478515625,597.1969087784863,593.8159609148958,593.93424024475,30056700
2025-02-12,594.732666015625,595.9056528588447,589.9520392250456,590.6321754646003,45076100
2025-02-13,601.0115966796875,601.2186155981716,594.5749988790903,595.8366651794477,40921300
2025-02-14,600.9820556640625,602.2535886001177,600.3610590723445,601.2186143347305,26910400
2025-02-18,602.7463989257812,602.7463989257812,599.6808827255115,602.145135650955,26749000
2025-02-19,604.1658325195312,604.4615308486234,600.8440242708047,601.3566081495158,31011100
2025-02-20,601.65234375,602.9337433637311,598.3404019341449,602.7957307474628,36554000
2025-02-21,591.361572265625,601.5734221193063,590.8982614234848,601.435409514207,76519800
2025-02-24,588.670654296875,594.4074426853949,587.960918125522,593.4118748152965,50737200
2025-02-25,585.7431030273438,589.3409366661995,581.1300283822392,588.6115273648803,58266500
2025-02-26,586.0386962890625,591.006668217937,583.3970246238699,587.4088352242034,43321600
2025-02-27,576.6845092773438,589.4690858850936,576.2902648713853,588.3157720956499,74196700
2025-02-28,585.6839599609375,586.2162169760591,574.1118369424444,577.1872200213395,88744100
2025-03-03,575.4227905273438,588.798762606637,571.6081318173137,587.6553155599406,74249200
2025-03-04,568.611572265625,577.0196322682823,564.0675042327628,571.4208567458912,109648200
2025-03-05,574.722900390625,576.5168836727693,564.8856223320056,568.4439889843314,71230500
2025-03-06,564.52099609375,571.874289065213,561.9680033325571,567.2513477016495,80094900
2025-03-07,567.68505859375,569.1340707451673,557.5422141835529,562.7368791286215,81158800
2025-03-10,552.5643310546875,561.3961742720178,547.6456922667035,559.4741052862735,99326600
2025-03-11,547.9710693359375,555.9552862473097,544.1268702267005,551.4013508923699,88102100
2025-03-12,550.8787841796875,555.0581473332891,545.7728595599632,554.1315858671662,69588200
2025-03-13,543.5353393554688,551.1153839968962,541.8202288918889,550.5042540653316,74079400
2025-03-14,554.762451171875,555.7678855775432,543.6043071486545,548.1582415612112,62660300
2025-03-17,559.0404052734375,561.5637976935186,554.3089918436672,554.742702735982,49008700
2025-03-18,552.9981079101562,556.9409127203818,551.0661118946721,556.7240271713574,66041400
2025-03-19,559.0206909179688,562.7860764826731,553.5993346617712,554.7821880592443,66556000
2025-03-20,557.4041748046875,562.4115538615378,554.5554838320709,555.2750866351008,62958200
2025-03-21,557.5880737304688,558.4877939738346,551.7055567482902,552.9413897854555,83763000
2025-03-24,567.5736083984375,568.6314886589248,563.7375780431137,564.3307537296456,58766800
2025-03-25,568.9379272460938,569.8771119506348,567.1879685958952,568.7797068467552,38355700
2025-03-26,562.1458740234375,569.7981425644431,560.7617168790538,568.6710483477373,51848300
2025-03-27,560.6528930664062,564.4296055114135,558.5371327368356,560.7517355574175,42164200
2025-03-28,549.3623046875,559.8521002775326,548.7790253468997,559.1204968505267,71662700
2025-03-31,553.0501098632812,554.3551567474991,540.6719872727307,543.5984615291653,95328200
2025-04-01,554.6121215820312,556.559825628618,547.4047657676659,551.1320571376683,54609600
2025-04-02,558.1219482421875,560.9890444564371,548.52197624234,548.7592465118332,76014500
2025-04-03,530.6172485351562,541.7594774009829,530.6172485351562,538.9319060881811,125986000
2025-04-04,499.5533752441406,519.910013527285,499.3358674214966,517.7349353008444,217965100
2025-04-07,498.6635437011719,517.2405628900261,476.33944038650816,483.64569927250346,256611400
2025-04-08,490.85308837890625,519.0300496454024,483.61604333672847,515.9454154101668,165816600
2025-04-09,542.402099609375,542.402099609375,487.46190618546177,487.84750052411823,241867300
2025-04-10,518.6346435546875,527.4535310578508,503.5475844453038,526.1385878330984,162331200
2025-04-11,527.8885498046875,530.3503195313269,514.1757514102393,517.0824330937988,97866300
2025-04-14,533.009765625,538.1113174755011,527.8093712828247,537.883883195208,68034000
2025-04-15,531.5169067382812,537.0732068479572,530.7259857198238,533.5535570239268,56892900
2025-04-16,519.7023315429688,531.7937621429162,514.3931980244283,525.6541223320015,83484800
2025-04-17,520.44384765625,525.1499093262158,517.9721816819745,521.6599483491107,79868100
2025-04-21,508.0558776855469,515.7872559194974,502.69729269891565,515.2533374613439,69368100
2025-04-22,521.2743530273438,523.3011070538847,513.305704354498,514.2449494916972,75948100
2025-04-23,529.3516845703125,539.2482437222484,527.8291602174767,534.3049123051696,90590700
2025-04-24,540.4940185546875,541.2256220112762,529.3814182452572,530.6369834977514,64150400
2025-04-25,544.3992919921875,544.804618673288,537.5280483044934,540.454522631326,61119600
2025-04-28,544.6068725585938,547.2762839575454,538.8429907853031,545.1407910444296,47613800
2025-04-29,548.03759765625,549.1547955800734,542.3329728897722,542.6888783318544,47775100
2025-04-30,548.2550659179688,550.2126665027023,535.3826699025942,541.3640897959557,93101500
2025-05-01,552.1405029296875,557.6770710508032,551.5374308999284,554.0189932525213,63186100
2025-05-02,560.3365478515625,561.9381825044319,556.006184429092,558.3295262045715,60717300
2025-05-05,557.1233520507812,560.2277786911415,555.3338684753841,556.1940033222468,38659200
2025-05-06,552.466796875,556.9652171268149,550.64768441023,551.6066618961361,48264700
2025-05-07,554.7901611328125,557.4298834610689,549.738030089525,553.8014947566288,55588000
2025-05-08,558.6558227539062,563.8463212534109,555.333918196641,558.8337754612519,65130800
2025-05-09,557.9439697265625,561.068128702691,556.381860066797,560.0596697605964,37603400
2025-05-12,576.3825073242188,576.3924036413174,570.4999312732652,574.8797153667592,78993600
2025-05-13,580.18896484375,582.403567726764,576.2342995973956,576.7977862928067,67947200
2025-05-14,580.9304809570312,582.3046813078995,578.9036666864055,581.1479585868793,66283500
2025-05-15,583.7680053710938,584.2721745648568,578.4687074145315,578.9235156986,71268100
2025-05-16,587.465576171875,587.7621640177526,582.6013544692614,584.5489982766968,76052100
2025-05-19,588.108154296875,588.7903364922698,581.4346564328234,581.4346564328234,68168500
2025-05-20,586.1307983398438,587.317209981726,582.917632829089,586.3681289429425,60614500
2025-05-21,576.2540893554688,585.8639582409971,575.2258980125081,581.7708648204313,95197700
2025-05-22,576.4815673828125,579.9715286968509,574.8205545855405,576.05638769199,70860400
2025-05-23,572.5465087890625,575.215919785119,569.0762805285291,569.4519785383726,76029000
2025-05-27,584.4501953125,584.6083553931982,571.8743267058999,579.4277528567243,72588500
2025-05-28,581.0689086914062,586.051826179252,580.3373051792158,584.8555180607121,68445500
2025-05-29,583.362548828125,586.4768718669775,579.4276761926377,586.3384441000501,69973300
2025-05-30,582.7100830078125,584.430352826958,576.6297607292682,582.2552747565533,90601200
2025-06-02,585.9924926757812,586.0715425417425,578.429170462151,581.0985818518681,61630500
2025-06-03,589.3341674804688,590.3129375391912,585.1421713516531,585.6266685650614,63606200
2025-06-04,589.1759643554688,591.1730898063917,588.7409487228937,590.1943197189499,57314200
2025-06-05,586.3285522460938,592.2111289512687,584.3512195951713,590.8566609128592,92278700
2025-06-06,592.349609375,594.0204580272924,590.0954209877331,591.8750084630755,66588700
2025-06-09,592.8834228515625,594.4356362447949,591.7069074945726,592.9229477814916,53016400
2025-06-10,596.244873046875,596.6304070325093,592.3001042710282,593.4172416440205,66247000
2025-06-11,594.5443725585938,598.2024500657004,592.4780937113569,597.3423151819753,73658200
2025-06-12,596.9072875976562,596.9072875976562,592.7252483956809,593.2096852350186,64129000
2025-06-13,590.2338256835938,595.0288334634262,588.731033484191,591.7168252456129,89506000
2025-06-16,595.8494873046875,597.599446226556,593.4173461203459,593.5953591830877,79984100
2025-06-17,590.7577514648438,594.9298939206114,589.9964591706296,593.40736967558,82209400
2025-06-18,590.6688232421875,594.4059506456396,589.7097855095001,591.6574895866379,76605000
2025-06-20,589.2816162109375,594.4180406328666,587.8735160730708,593.3471074282096,94051400
2025-06-23,595.1021728515625,595.4888465716903,586.9116378864132,590.0351069773628,87426000
2025-06-24,601.676513671875,602.7374608387837,598.3348024442159,599.2471080685161,67735300
2025-06-25,602.0135498046875,603.4910078317407,600.4468221319722,602.7968833801484,62114800
2025-06-26,606.7236328125,607.1599344481853,603.2530708764845,603.8678512919777,78548400
2025-06-27,609.7380981445312,611.2056913389495,605.692457719191,607.7252035075089,86258400
2025-06-30,612.6533203125,614.0117925800773,609.8669572755672,612.1873024714439,92502500
2025-07-01,612.455078125,613.625146088841,610.3429883405835,611.1758893553448,70030100
2025-07-02,615.2315063476562,615.2711481262035,611.4237773441516,612.0484833566157,66510400
2025-07-03,620.0803833007812,621.0124795190609,617.194824993195,617.214676143094,51065800
2025-07-07,615.4595336914062,618.7813935886118,612.6731706581298,618.1169852960921,74814500
2025-07-08,615.1224365234375,616.8775081543645,614.3093261623386,616.1238907210633,59024600
2025-07-09,618.8110961914062,619.4655183729625,615.6875662931247,617.5319680301938,66113300
2025-07-10,620.5563354492188,621.5974919629854,617.7699723301522,618.9499658515675,57529000
2025-07-11,618.3748168945312,619.6043777491163,616.3024294765994,617.5022136064131,63670200
2025-07-14,619.5548095703125,619.9018415613931,616.5701165685465,617.9186632768227,51898500
2025-07-15,616.9072875976562,622.5791484786782,616.8279435196437,622.2420420602726,74317300
2025-07-16,618.9697265625,619.4754466932056,612.8516386863737,618.4937831556223,88987500
2025-07-17,622.7576293945312,623.1146474859103,618.9301097920578,619.1482908768893,68885700
2025-07-18,622.301513671875,624.175571102461,621.1909387049365,624.007017899032,65621600
2025-07-21,623.4815063476562,626.2281670376054,623.0551302914085,623.4815063476562,63375000
2025-07-22,623.5706787109375,624.4333563471947,620.9231528797274,623.8086504006922,60046300
2025-07-23,628.8757934570312,628.8757934570312,624.4334327911965,626.2381323551606,70511000
2025-07-24,629.083984375,630.7994747941685,628.6576082944551,629.2624631630094,71307100
2025-07-25,631.741455078125,632.2174590489252,629.5005143245561,629.7484116245431,56865400
2025-07-28,631.582763671875,632.6734874729789,630.1945147233831,632.1181999979412,54917100
2025-07-29,629.9169311523438,633.2982235137306,629.0046860832861,632.9809077241022,60556300
2025-07-30,629.1236572265625,632.3165451544952,626.2281734095909,630.5713386132512,80418900
2025-07-31,626.763671875,634.4682782312485,625.4646925404661,634.0816044685715,103385200
2025-08-01,616.4907836914062,621.0719812920488,614.0812292944926,621.0322789916852,140103600
2025-08-04,625.8612670898438,625.9108344398344,620.3183179857707,620.4075271113948,73218000
2025-08-05,622.6881713867188,627.2891592865192,621.7660007962415,626.4760489706393,68051400
2025-08-06,627.4578247070312,628.1122469303318,622.8469108529321,623.7591559441935,64357500
2025-08-07,626.9322509765625,631.62244837055,623.8186464662513,630.8886820702932,74205800
2025-08-08,631.82080078125,632.2868791777582,628.4097315038053,628.727047311219,64051600
2025-08-11,630.5712890625,633.5758329217508,629.3218771812983,632.0983749269875,58742300
2025-08-12,637.284423828125,637.4430514601922,631.4340237207567,632.9214074238032,64730800
2025-08-13,639.4659423828125,640.7549961752953,637.2745085703324,639.4857330110176,60092800
2025-08-14,639.5254516601562,640.1897994624859,636.9374184340268,637.3835851461316,59327500
2025-08-15,638.0281372070312,640.6558727131268,637.11589211782,640.5566774831647,68592500
2025-08-18,637.8892822265625,638.5834067295413,636.7787072305159,637.4529805837014,43804900
2025-08-19,634.4286499023438,638.6924711313014,633.1098193903536,637.7108075589789,69750700
2025-08-20,632.7429809570312,634.2799321395609,627.626407225106,634.0221697813646,88890300
2025-08-21,630.2044677734375,632.604096553562,628.4791123479844,630.9283690027011,54805800
2025-08-22,639.88232421875,641.0623176031913,631.8901189367884,632.3958390332336,84083200
2025-08-25,637.0662231445312,639.8625116828326,636.9472372936925,638.6230253017661,51274300
2025-08-26,639.733642578125,640.0807351008626,636.1738713484165,636.7985773675441,51581600
2025-08-27,641.1912841796875,641.9250504526357,638.9998504138363,639.148612992103,48341100
2025-08-28,643.4620361328125,644.0173236548059,639.9121904309055,641.7961735668325,61519500
2025-08-29,639.6245727539062,642.3911452321481,637.7306640961879,642.0242015644989,74522200
2025-09-02,634.884765625,635.1028861742022,629.5797276837342,632.13804448044,81983500
2025-09-03,638.3255615234375,638.7916398746721,635.0731807265284,637.2645539172183,70820900
2025-09-04,643.6603393554688,643.6901160802078,638.0975387911232,638.9998582812316,65219200
2025-09-05,641.7960815429688,646.7243105506017,637.918995020256,646.0004093954814,85178900
2025-09-08,643.372802734375,644.3743174556171,641.7862237872296,643.1645472258064,63133100
2025-09-09,644.8601684570312,645.3856792185645,641.7762803015634,643.5115612591451,66133900
2025-09-10,646.724365234375,649.0446498954948,645.1576374702139,648.122479271532,78034500
2025-09-11,652.0987548828125,652.7928793680376,648.0927566439484,648.6777603299006,69934400
2025-09-12,651.8805541992188,653.5662677492645,651.3748946038203,652.0689585463732,72780100
2025-09-15,655.3511352539062,655.4800466805781,653.7943936028013,654.0918582328915,63772400
2025-09-16,654.4488525390625,656.213910313041,653.6655188822047,655.9064595692537,61169000
2025-09-17,653.6357421875,656.1543568928759,648.7967821934204,654.4587781451693,101952200
2025-09-18,656.6898193359375,659.2977035594738,654.7165666735059,656.3229362038169,90459200
2025-09-19,659.9423217773438,660.7874850308027,656.6311583459587,658.5800832029405,97945600
2025-09-22,663.0645751953125,663.5119788762895,658.4209716621773,658.4508309420254,69452200
2025-09-23,659.4551391601562,663.5617612775759,658.2320617574377,662.9452156846509,81708900
2025-09-24,657.3569946289062,660.8471316064555,655.9350982101993,660.7477220570149,68082200
2025-09-25,654.3242797851562,655.6765652531099,650.7048739536411,654.2149171420698,89622100
2025-09-26,658.072998046875,658.619871988132,654.1553026157394,655.7760789419195,69179200
2025-09-29,659.9224243164062,661.5134019828115,658.112721358766,660.5985670660314,73499000
2025-09-30,662.4082641601562,662.8756347075731,657.8641309647478,659.1766647693167,86288000
2025-10-01,664.6654052734375,665.5801794564833,659.3059076216911,659.4152702620313,72545400
2025-10-02,665.4309692382812,666.7733621981591,663.004842335434,666.6540464714482,56896000
2025-10-03,665.421142578125,668.8714672806448,664.377038831869,666.1966948783695,70494400
2025-10-06,667.8074951171875,668.7024238148077,665.669704301124,667.8174482099862,54623300
2025-10-07,665.3316040039062,669.1796881705657,663.8898014056139,668.7322238208072,72020100
2025-10-08,669.2990112304688,669.398481470165,665.6299006256374,666.4552183740389,60702200
2025-10-09,667.3600463867188,670.1243359074817,665.4211353124821,669.7166839203261,66501900
2025-10-10,649.32275390625,670.1342452495495,649.14378031214,668.324542434099,159422600
2025-10-13,659.2860107421875,661.3642043859337,656.0345659370097,656.9095884512618,79560500
2025-10-14,658.4805908203125,662.0602448848334,649.4718888267987,653.4492417720955,88779600
2025-10-15,661.4039306640625,666.4352795829697,655.1992699391986,663.0446129876665,81702600
2025-10-16,656.8995971679688,664.9239136533134,653.3895542222015,663.0445999065358,110563300
2025-10-17,660.62841796875,661.9906565438909,654.4138037793879,655.7660892614911,96500900
2025-10-20,667.499267578125,668.4041493887289,663.4921159142255,663.5418206897375,60493400
2025-10-21,667.4893188476562,669.1797060532549,666.1867381348511,667.638493864759,56249000
2025-10-22,664.0191040039062,668.1953369980629,659.5445816579371,668.1953369980629,80564000
2025-10-23,667.9566650390625,668.9012985038863,664.019063764971,664.3372592841532,65604500
2025-10-24,673.4155883789062,674.628651928334,671.8246714345047,672.6300829996666,74356500
2025-10-27,681.3603515625,681.658640907831,678.2580209918731,678.8645527756448,63339800
2025-10-28,683.1700439453125,685.0095454543999,680.9526890414517,683.1600908523567,61738100
2025-10-29,683.4982299804688,685.795149064121,679.0038013689816,684.8206562449755,85657100
2025-10-30,675.9810180664062,682.0564104652303,675.9810180664062,680.0279821977349,76335800
2025-10-31,678.1983032226562,681.2012239761448,675.3942622450203,681.1614116072222,87164100
2025-11-03,679.4711303710938,681.9171636388411,676.0903560257897,681.7878948104295,57315000
2025-11-04,671.4169921875,676.1103005794487,670.7607556049009,672.2820616639051,78427000
2025-11-05,673.7437133789062,677.0051112074705,670.3529860359731,671.1583975728993,74402400
2025-11-06,666.514892578125,673.5448715272548,664.9338680034818,672.6399897028363,85035300
2025-11-07,667.1710815429688,667.2805048704689,657.4663915648358,664.1284090392404,100592400
2025-11-10,677.5818481445312,678.3176487268574,671.2081667723378,673.4056154266486,75842900
2025-11-11,679.1329956054688,679.6997756663966,674.8871520395073,676.1002762110339,58953400
2025-11-12,679.5109252929688,681.0819968300743,677.0946904605516,680.9129156193362,62312500
2025-11-13,668.235107421875,677.0051787486752,666.7237544337754,676.6472315164618,103457800
2025-11-14,668.1256713867188,671.8345335183507,659.5147291242073,661.612768198211,96846700
2025-11-17,661.901123046875,669.8956413839408,658.4209391867944,665.9083353081996,90456100
2025-11-18,656.3427734375,661.354216097308,652.146634691611,658.3512953245886,114467500
2025-11-19,658.8783569335938,663.5617119214406,655.0203196831769,657.0388554539629,94703000
2025-11-20,648.8355712890625,671.7351497651099,648.1991802397498,669.1001291109939,165293500
2025-11-21,655.2987670898438,660.7874729698119,647.1650267848305,651.3412595795126,123956200
2025-11-24,664.9437866210938,666.2662734630499,657.8442577670318,658.9380055466532,80437900
2025-11-25,671.1982421875,672.3815071629971,660.717877921785,664.8444060411854,81077100
2025-11-26,675.8318481445312,677.8404309302599,672.8885849296569,673.7934667684052,71879600
2025-11-28,679.5208129882812,679.7991961322198,676.6471609574353,677.0051081523229,49212000
2025-12-01,676.41845703125,679.1230277654502,674.8970904760725,674.9667014318244,61201200
2025-12-02,677.67138671875,679.9483994968172,675.4838303983408,678.0591325179204,62953800
2025-12-03,680.0180053710938,681.0321891246488,675.8417725523884,676.7167950740063,57238500
2025-12-04,680.51513671875,681.4895687361658,677.4824173401821,681.4199577792665,61970300
2025-12-05,681.8078002929688,684.4925257185774,680.7040993957534,681.5890143183475,79241000
2025-12-08,679.7594604492188,682.7524282821314,677.7111260885928,682.7027235077143,55231500
2025-12-09,679.1727905273438,681.5095218770947,678.7253868572307,679.2822138612034,58310100
2025-12-10,683.6771850585938,685.0692222502689,677.4526176554032,678.6955405173951,85671300
2025-12-11,685.26806640625,685.3476304583654,678.3076987410943,681.2609148661827,86173700
2025-12-12,677.9000854492188,684.9797692517327,675.3247225627367,684.2737672143002,113160300
2025-12-15,676.8758544921875,681.8774049984522,675.4042533093998,681.8574988128718,90811000
2025-12-16,675.0264282226562,677.2239376857725,671.1584377196804,675.3843754405706,122030600
2025-12-17,667.5986938476562,676.5874893555698,667.3998140691156,676.0406154817738,110625200
2025-12-18,672.6399536132812,676.8857972779194,671.0788959983324,673.7635606688432,108650100
2025-12-19,678.7363891601562,679.2350273728672,674.6275542880097,674.747283458469,103599500
2025-12-22,682.96484375,683.4933686131409,678.7364013691785,682.0772531068674,69556700
2025-12-23,686.0863037109375,686.325640311278,682.0074163952171,682.0572680421344,64840000
2025-12-24,688.4996948242188,688.9484813838191,685.9267046355759,686.0763204450832,39445600
2025-12-26,688.4298706054688,689.7761694005526,687.392725060237,688.758988861415,41613300
2025-12-29,685.9765625,687.322922191004,684.2014421207446,685.6674092439482,62559500
2025-12-30,685.138916015625,686.6846823672308,684.7100944386586,685.5777200962995,47160700
